locality,state,lat,lon,video_id,youtube_url,start_s,end_s,"time_of_day(0=day,1=night)",vehicle_type,channel,title,tags
Can Tho,,10.033,105.783,tjha2msVEXI,https://www.youtube.com/watch?v=tjha2msVEXI,0,1695,0,0,UC55BAb5cj1ZFSKr8716lnAg,Driving in Vietnam (Can Tho) 4K. First person view,
Can Tho,,10.033,105.783,CMJHTdpdkhM,https://www.youtube.com/watch?v=CMJHTdpdkhM,0,654,0,0,UCcROxwq_GajcurqLI7zGFfw,Tây Đô miền Nam Bộ nay là thành phố Cần Thơ của đồng bằng sông Cửu Long [25 1253],
Can Tho,,10.033,105.783,jtQwzFtRGkM,https://www.youtube.com/watch?v=jtQwzFtRGkM,0,2055,0,0,UCcROxwq_GajcurqLI7zGFfw,"QL1A: đoạn từ tp Cần Thơ đi Hậu Giang, Sóc Trăng [25 1261]",
Ho Chi Minh City,,10.7763897,106.7011391,4BB6l7wfNpM,https://www.youtube.com/watch?v=4BB6l7wfNpM,22,2580,0,3,UC55BAb5cj1ZFSKr8716lnAg,"Driving in Ho Chi Minh, Vietnam. Full way from work home. First person view",
Ho Chi Minh City,,10.7763897,106.7011391,Btxw57cv-4Q,https://www.youtube.com/watch?v=Btxw57cv-4Q,0,300,0,0,UCnmknXrWQ6cxQhcMoInri7w,Sai Gon | Vietnam | Driving through downtown | 2K,
Ho Chi Minh City,,10.7763897,106.7011391,v6gcVamcX3U,https://www.youtube.com/watch?v=v6gcVamcX3U,0,299,0,0,UCnmknXrWQ6cxQhcMoInri7w,Driving through Sai Gon | Vietnam | 2K,
Ho Chi Minh City,,10.7763897,106.7011391,TWRPN9lN650,https://www.youtube.com/watch?v=TWRPN9lN650,0,2249,0,0,UCrWVCSAVdkzRCm1uq4yXBPQ,"Driving Through Ho Chi Minh City, Vietnam",
Ho Chi Minh City,,10.7763897,106.7011391,Oc_UKvk3k80,https://www.youtube.com/watch?v=Oc_UKvk3k80,0,1515,0,0,UC6_rhM-dmVaWBteA-Cqm97w,23 December 2023 - Ho Chi Minh Car Cam,
Ho Chi Minh City,,10.7763897,106.7011391,tXGTcAu1eb4,https://www.youtube.com/watch?v=tXGTcAu1eb4,21,1177,0,0,UCWO-45KnhNA0J7l5kyOMjzQ,Relaxing Drive in Vietnam 🚗 From Dong Thanh (Ho Chi Minh City) to Bien Hoa (Dong Nai Province),
Ho Chi Minh City,,10.7763897,106.7011391,AbQEdblUIF0,https://www.youtube.com/watch?v=AbQEdblUIF0,0,1863,0,3,UC55BAb5cj1ZFSKr8716lnAg,Driving in HCMC Vietnam 4K. First person view,
Ho Chi Minh City,,10.7763897,106.7011391,o4vG0Dl7y-4,https://www.youtube.com/watch?v=o4vG0Dl7y-4,0,1549,0,0,UCL2H3ykquRX4SZ9Liy0CMTA,,
Ho Chi Minh City,,10.7763897,106.7011391,VJhEeJ_j9yo,https://www.youtube.com/watch?v=VJhEeJ_j9yo,0,70,0,0,UCu-rgtJZN2QVNzCgOY3znsg,"4K: Driving on the street of lockdown city and street sounds - Ho Chi Minh City, Vietnam",
Ho Chi Minh City,,10.7763897,106.7011391,VJhEeJ_j9yo,https://www.youtube.com/watch?v=VJhEeJ_j9yo,322,675,0,0,UCu-rgtJZN2QVNzCgOY3znsg,"4K: Driving on the street of lockdown city and street sounds - Ho Chi Minh City, Vietnam",
Ho Chi Minh City,,10.7763897,106.7011391,VJhEeJ_j9yo,https://www.youtube.com/watch?v=VJhEeJ_j9yo,850,1270,0,0,UCu-rgtJZN2QVNzCgOY3znsg,"4K: Driving on the street of lockdown city and street sounds - Ho Chi Minh City, Vietnam",
Ho Chi Minh City,,10.7763897,106.7011391,VJhEeJ_j9yo,https://www.youtube.com/watch?v=VJhEeJ_j9yo,1402,1662,0,0,UCu-rgtJZN2QVNzCgOY3znsg,"4K: Driving on the street of lockdown city and street sounds - Ho Chi Minh City, Vietnam",
Ho Chi Minh City,,10.7763897,106.7011391,VJhEeJ_j9yo,https://www.youtube.com/watch?v=VJhEeJ_j9yo,1758,1865,0,0,UCu-rgtJZN2QVNzCgOY3znsg,"4K: Driving on the street of lockdown city and street sounds - Ho Chi Minh City, Vietnam",
Ho Chi Minh City,,10.7763897,106.7011391,BM6KQRuPk0g,https://www.youtube.com/watch?v=BM6KQRuPk0g,0,1877,0,3,UCT2oUBMB8bw8GZ3oMlkmjnA,Saigon Drive from District 3 to Go Vap - Honda Blade,
Ho Chi Minh City,,10.7763897,106.7011391,_5X9YsAb4OE,https://www.youtube.com/watch?v=_5X9YsAb4OE,0,1762,0,3,UCu-rgtJZN2QVNzCgOY3znsg,"4K Vietnam Street driving from District 7 to District 1, Ho chi minh city, April 2022",
Ho Chi Minh City,,10.7763897,106.7011391,1l5qc42zo5c,https://www.youtube.com/watch?v=1l5qc42zo5c,6,721,0,3,UCu-rgtJZN2QVNzCgOY3znsg,"Vietnam street 4K HDR - Ho Chi Minh City 2025, District 7",
Ho Chi Minh City,,10.7763897,106.7011391,tnRQsatn2w8,https://www.youtube.com/watch?v=tnRQsatn2w8,0,464,0,0,UCu-rgtJZN2QVNzCgOY3znsg,"Vietnam street 4K HDR - Ho Chi Minh City 2025, District 7",
Ho Chi Minh City,,10.7763897,106.7011391,tqVquh6ICNU,https://www.youtube.com/watch?v=tqVquh6ICNU,0,2082,0,3,UCu-rgtJZN2QVNzCgOY3znsg,"VIETNAM STREET 4K: Drive from District 7 to District 1, Ho Chi Minh City",
Ho Chi Minh City,,10.7763897,106.7011391,yJrw07byLf4,https://www.youtube.com/watch?v=yJrw07byLf4,0,653,0,3,UCu-rgtJZN2QVNzCgOY3znsg,"Vietnam street 4K | Driving near Landmark 81, District 1, Ho Chi Minh City 2022",
Ho Chi Minh City,,10.7763897,106.7011391,DOydrCRhAxY,https://www.youtube.com/watch?v=DOydrCRhAxY,12,530,1,3,UCu-rgtJZN2QVNzCgOY3znsg,4K 60fps VIETNAM STREET - Night heavy rain and driving on the street of Ho Chi Minh City,rain;night
Ho Chi Minh City,,10.7763897,106.7011391,2cjwj0hyxoU,https://www.youtube.com/watch?v=2cjwj0hyxoU,0,1198,0,3,UCu-rgtJZN2QVNzCgOY3znsg,"VIETNAM STREET 4K: Motorcycle drive from District 7 to District 1, Ho Chi Minh City",
Ho Chi Minh City,,10.7763897,106.7011391,LEOxl7TvdQQ,https://www.youtube.com/watch?v=LEOxl7TvdQQ,0,1900,0,3,UCu-rgtJZN2QVNzCgOY3znsg,"Vietnam street 4k - Driving from District 7 to Go Vap, Ho Chi Minh City",
Ho Chi Minh City,,10.7763897,106.7011391,uJ4D7dSKwUo,https://www.youtube.com/watch?v=uJ4D7dSKwUo,187,978,0,3,UCu-rgtJZN2QVNzCgOY3znsg,"Vietnam street 4k, Driving from apartment Jamona city to Tân Thuận Tây, District 7, Ho Chi Minh City",
Ho Chi Minh City,,10.7763897,106.7011391,_u2q4uWmiEY,https://www.youtube.com/watch?v=_u2q4uWmiEY,10,1090,0,3,UCu-rgtJZN2QVNzCgOY3znsg,"Vietnam street 4K: Driving Thảo Điền, Quận 2, Ho Chi Minh City, May 2022",
Ho Chi Minh City,,10.7763897,106.7011391,VBkTRnBSlLY,https://www.youtube.com/watch?v=VBkTRnBSlLY,0,1163,0,3,UCu-rgtJZN2QVNzCgOY3znsg,"Vietnam street 4K: Cầu Ba Son, Ho Chi Minh City, April 2022",
Ho Chi Minh City,,10.7763897,106.7011391,6wUmPgC1H_0,https://www.youtube.com/watch?v=6wUmPgC1H_0,0,529,0,3,UCu-rgtJZN2QVNzCgOY3znsg,"4K Vietnam Street driving from District 1 to District 7, Ho chi minh city, April 2022",
Ho Chi Minh City,,10.7763897,106.7011391,qrcnQYdxXn8,https://www.youtube.com/watch?v=qrcnQYdxXn8,0,907,0,3,UCu-rgtJZN2QVNzCgOY3znsg,"4K Vietnam Walking - Nguyen Hue Street, District 1, Ho chi minh city, April 2022",
Ho Chi Minh City,,10.7763897,106.7011391,qWZDrZOsWtc,https://www.youtube.com/watch?v=qWZDrZOsWtc,20,1518,0,3,UCu-rgtJZN2QVNzCgOY3znsg,"4K 60fps Vietnam Street - Driving Nguyen Hue Walking Street, District 1, Ho chi minh city, July 2022",
Ho Chi Minh City,,10.7763897,106.7011391,_Nwy54fA7D4,https://www.youtube.com/watch?v=_Nwy54fA7D4,0,556,0,3,UCu-rgtJZN2QVNzCgOY3znsg,"4K Vietnam - Nguyen Hue Walking Street, District 1, Ho chi minh city, April 2022",
Ho Chi Minh City,,10.7763897,106.7011391,PlU3ctUx20E,https://www.youtube.com/watch?v=PlU3ctUx20E,0,1104,0,3,UCu-rgtJZN2QVNzCgOY3znsg,"4K Vietnam Street driving from District 3 to District 7, Ho chi minh city, April 2022",
Ho Chi Minh City,,10.7763897,106.7011391,PlU3ctUx20E,https://www.youtube.com/watch?v=PlU3ctUx20E,1105,1521,0,3,UCu-rgtJZN2QVNzCgOY3znsg,"4K Vietnam Street driving from District 3 to District 7, Ho chi minh city, April 2022",
Ho Chi Minh City,,10.7763897,106.7011391,JMdiyfMf3Vc,https://www.youtube.com/watch?v=JMdiyfMf3Vc,7,1107,0,3,UCu-rgtJZN2QVNzCgOY3znsg,"4K Vietnam Street driving from District 7 to District 3, Ho chi minh city, April 2022",
Ho Chi Minh City,,10.7763897,106.7011391,aEGPM3x8mPA,https://www.youtube.com/watch?v=aEGPM3x8mPA,0,803,0,3,UCu-rgtJZN2QVNzCgOY3znsg,"4K Vietnam Street driving from District 7 to District 1, Ho chi minh city, April 2022",
Ho Chi Minh City,,10.7763897,106.7011391,a2L3dmEqcbQ,https://www.youtube.com/watch?v=a2L3dmEqcbQ,0,2014,0,3,UCu-rgtJZN2QVNzCgOY3znsg,"4K Vietnam Street driving from District 10 to District 7, Ho chi minh city, March 2022",
Ho Chi Minh City,,10.7763897,106.7011391,AH_28WCzABs,https://www.youtube.com/watch?v=AH_28WCzABs,0,2373,0,3,UCu-rgtJZN2QVNzCgOY3znsg,"4K Vietnam Street driving from District 7 to District 10, Ho chi minh city, March 2022",
Ho Chi Minh City,,10.7763897,106.7011391,AH_28WCzABs,https://www.youtube.com/watch?v=AH_28WCzABs,2374,2428,0,3,UCu-rgtJZN2QVNzCgOY3znsg,"4K Vietnam Street driving from District 7 to District 10, Ho chi minh city, March 2022",
Ho Chi Minh City,,10.7763897,106.7011391,Lm_BRAY_re0,https://www.youtube.com/watch?v=Lm_BRAY_re0,0,440,0,3,UCu-rgtJZN2QVNzCgOY3znsg,"4K Vietnam Street driving, District 7, Ho chi minh city, March 2022",
Ho Chi Minh City,,10.7763897,106.7011391,Lm_BRAY_re0,https://www.youtube.com/watch?v=Lm_BRAY_re0,565,1171,0,3,UCu-rgtJZN2QVNzCgOY3znsg,"4K Vietnam Street driving, District 7, Ho chi minh city, March 2022",
Ho Chi Minh City,,10.7763897,106.7011391,Ozz1lvA2j3Y,https://www.youtube.com/watch?v=Ozz1lvA2j3Y,12,1247,1,3,UCu-rgtJZN2QVNzCgOY3znsg,"4K Vietnam Street driving Nguyen Hue Walking Street, District 1, Ho chi minh city, March 2022",night(label)
Ho Chi Minh City,,10.7763897,106.7011391,T_w_KrJpX84,https://www.youtube.com/watch?v=T_w_KrJpX84,0,439,0,3,UCu-rgtJZN2QVNzCgOY3znsg,"4K Vietnam Street driving in Ho Chi Minh City, District 7",
Ho Chi Minh City,,10.7763897,106.7011391,impKmMVM_yI,https://www.youtube.com/watch?v=impKmMVM_yI,11,989,0,3,UCu-rgtJZN2QVNzCgOY3znsg,"4K Vietnam Street driving in Ho Chi Minh City, District 7, District 4, District 1",
Ho Chi Minh City,,10.7763897,106.7011391,bkfH3QqPpEE,https://www.youtube.com/watch?v=bkfH3QqPpEE,0,753,1,3,UCu-rgtJZN2QVNzCgOY3znsg,"4K Vietnam Street driving in Ho Chi Minh City, District 7",night(label)
Ho Chi Minh City,,10.7763897,106.7011391,o3eTGcbSmqA,https://www.youtube.com/watch?v=o3eTGcbSmqA,0,951,0,3,UCu-rgtJZN2QVNzCgOY3znsg,"4K Vietnam Street driving in Ho Chi Minh City, District 7",
Ho Chi Minh City,,10.7763897,106.7011391,8LhSh54fK7Y,https://www.youtube.com/watch?v=8LhSh54fK7Y,20,730,0,3,UCu-rgtJZN2QVNzCgOY3znsg,"4K 60fps Vietnam Street driving in Ho Chi Minh City, District 7",
Ho Chi Minh City,,10.7763897,106.7011391,8LhSh54fK7Y,https://www.youtube.com/watch?v=8LhSh54fK7Y,1040,1135,0,3,UCu-rgtJZN2QVNzCgOY3znsg,"4K 60fps Vietnam Street driving in Ho Chi Minh City, District 7",
Ho Chi Minh City,,10.7763897,106.7011391,hEWfXR3_TQE,https://www.youtube.com/watch?v=hEWfXR3_TQE,0,972,1,3,UCu-rgtJZN2QVNzCgOY3znsg,4K Vietnam street | Tet holidays night driving in Ho Chi Minh City,night;tet/holiday
Ho Chi Minh City,,10.7763897,106.7011391,KM-0BtpZ63w,https://www.youtube.com/watch?v=KM-0BtpZ63w,65,442,1,3,UCu-rgtJZN2QVNzCgOY3znsg,4K Vietnam street | Tet holidays driving in Ho Chi Minh City,tet/holiday;night(label)
Ho Chi Minh City,,10.7763897,106.7011391,KM-0BtpZ63w,https://www.youtube.com/watch?v=KM-0BtpZ63w,443,1246,1,3,UCu-rgtJZN2QVNzCgOY3znsg,4K Vietnam street | Tet holidays driving in Ho Chi Minh City,tet/holiday;night(label)
Ho Chi Minh City,,10.7763897,106.7011391,LZB9rtpdcbQ,https://www.youtube.com/watch?v=LZB9rtpdcbQ,5,979,0,3,UCu-rgtJZN2QVNzCgOY3znsg,4K Vietnam street | Tet holidays driving in Ho Chi Minh City,tet/holiday
Ho Chi Minh City,,10.7763897,106.7011391,r2Utmwdf8Rw,https://www.youtube.com/watch?v=r2Utmwdf8Rw,10,1477,1,3,UCu-rgtJZN2QVNzCgOY3znsg,4K Vietnam street | From Nguyen Hue walking night street to District 7 in Ho Chi Minh City,night
Ho Chi Minh City,,10.7763897,106.7011391,Y79Y6fv2T60,https://www.youtube.com/watch?v=Y79Y6fv2T60,0,579,0,3,UCu-rgtJZN2QVNzCgOY3znsg,"4K | Vietnam Street driving in Ho Chi Minh City, District 7",
Ho Chi Minh City,,10.7763897,106.7011391,ctqp9WqToLQ,https://www.youtube.com/watch?v=ctqp9WqToLQ,0,696,0,3,UCu-rgtJZN2QVNzCgOY3znsg,"4K 60fps | Vietnam Street driving in Ho Chi Minh City, District 7",
Ho Chi Minh City,,10.7763897,106.7011391,4YB9qwkzPyM,https://www.youtube.com/watch?v=4YB9qwkzPyM,5,1143,0,3,UCu-rgtJZN2QVNzCgOY3znsg,"Vietnam Street driving in Ho Chi Minh City, District 7 | 2.7K 60fps",
Ho Chi Minh City,,10.7763897,106.7011391,gMIThDmdPfU,https://www.youtube.com/watch?v=gMIThDmdPfU,0,938,0,3,UCu-rgtJZN2QVNzCgOY3znsg,"4K Vietnam Street driving in Ho Chi Minh City, District 7",
Ho Chi Minh City,,10.7763897,106.7011391,rmSdGrLMR2c,https://www.youtube.com/watch?v=rmSdGrLMR2c,0,817,0,3,UCu-rgtJZN2QVNzCgOY3znsg,"4K Vietnam Street driving in Ho Chi Minh City, District 7",
Ho Chi Minh City,,10.7763897,106.7011391,qRu4gvW1e2U,https://www.youtube.com/watch?v=qRu4gvW1e2U,5,532,0,3,UCu-rgtJZN2QVNzCgOY3znsg,"4K Vietnam Street driving in Ho Chi Minh City, District Tan Binh",
Ho Chi Minh City,,10.7763897,106.7011391,XHeEQpUhNb0,https://www.youtube.com/watch?v=XHeEQpUhNb0,0,802,1,3,UCu-rgtJZN2QVNzCgOY3znsg,"4K Vietnam Street driving in Ho Chi Minh City, District 1",night(label)
Ho Chi Minh City,,10.7763897,106.7011391,ri6g0mzthUg,https://www.youtube.com/watch?v=ri6g0mzthUg,0,631,0,3,UCu-rgtJZN2QVNzCgOY3znsg,"4K Vietnam Street driving in Ho Chi Minh City, District 7",
Ho Chi Minh City,,10.7763897,106.7011391,rlhJS7-23AI,https://www.youtube.com/watch?v=rlhJS7-23AI,0,574,0,3,UCu-rgtJZN2QVNzCgOY3znsg,"4K/60fps Vietnam Street driving in Ho Chi Minh City, District 7",
Ho Chi Minh City,,10.7763897,106.7011391,Gg4PSjfzHNE,https://www.youtube.com/watch?v=Gg4PSjfzHNE,0,494,0,3,UCu-rgtJZN2QVNzCgOY3znsg,4K/120fps Vietnam Street driving in Ho Chi Minh City,
Ho Chi Minh City,,10.7763897,106.7011391,hAbG4wVbEzg,https://www.youtube.com/watch?v=hAbG4wVbEzg,0,1427,1,3,UCu-rgtJZN2QVNzCgOY3znsg,4K Vietnam Street: Night driving on Nguyen Hue street,night
Ho Chi Minh City,,10.7763897,106.7011391,tloDJXgscjc,https://www.youtube.com/watch?v=tloDJXgscjc,0,381,0,3,UCu-rgtJZN2QVNzCgOY3znsg,4K/120fps Vietnam Street driving in Ho Chi Minh City,
Ho Chi Minh City,,10.7763897,106.7011391,1ISZXEb-g4c,https://www.youtube.com/watch?v=1ISZXEb-g4c,55,1263,0,3,UCu-rgtJZN2QVNzCgOY3znsg,"4K Vietnam street - Driving from district 1 to district 7, Ho Chi Minh City",
Ho Chi Minh City,,10.7763897,106.7011391,2atkMXTia3M,https://www.youtube.com/watch?v=2atkMXTia3M,0,360,0,3,UCu-rgtJZN2QVNzCgOY3znsg,4K/120fps Vietnam Street driving in Ho Chi Minh City,
Ho Chi Minh City,,10.7763897,106.7011391,Cw_cIJ_-l18,https://www.youtube.com/watch?v=Cw_cIJ_-l18,0,2649,0,3,UCu-rgtJZN2QVNzCgOY3znsg,"4K: Driving on the streets of lockdown city and streets sounds - Ho Chi Minh City, Vietnam",
Ho Chi Minh City,,10.7763897,106.7011391,TMlFtlXRUXg,https://www.youtube.com/watch?v=TMlFtlXRUXg,0,2509,0,3,UCu-rgtJZN2QVNzCgOY3znsg,4K: Driving on the streets of lockdown Ho Chi Minh City and streets sounds Vietnam,
Ho Chi Minh City,,10.7763897,106.7011391,i3G4Ie0mv8A,https://www.youtube.com/watch?v=i3G4Ie0mv8A,0,1586,0,3,UCu-rgtJZN2QVNzCgOY3znsg,4K: Driving on the streets of lockdown Ho Chi Minh City and streets sounds Vietnam,
Ho Chi Minh City,,10.7763897,106.7011391,O-XWjoYscew,https://www.youtube.com/watch?v=O-XWjoYscew,0,1331,1,3,UCu-rgtJZN2QVNzCgOY3znsg,"Night street driving in Ho Chi Minh City, Vietnam 4K",night
Ho Chi Minh City,,10.7763897,106.7011391,aVZF7oDjej4,https://www.youtube.com/watch?v=aVZF7oDjej4,0,1031,0,3,UCu-rgtJZN2QVNzCgOY3znsg,4K: Driving on the rainy streets of Ho Chi Minh City and traffic sounds Vietnam,rain
Ho Chi Minh City,,10.7763897,106.7011391,us74nZtbQnU,https://www.youtube.com/watch?v=us74nZtbQnU,0,1133,0,3,UCu-rgtJZN2QVNzCgOY3znsg,4K 60fps : Driving on the streets of Ho Chi Minh City and traffic sounds Vietnam,
Ho Chi Minh City,,10.7763897,106.7011391,__urAvjJWuc,https://www.youtube.com/watch?v=__urAvjJWuc,0,899,0,3,UCu-rgtJZN2QVNzCgOY3znsg,"4K | Driving from district 2 to district 1 in Ho Chi Minh City, rainy day, Vietnam",rain
Ho Chi Minh City,,10.7763897,106.7011391,AWCj-tYuXxg,https://www.youtube.com/watch?v=AWCj-tYuXxg,0,949,0,0,UCu-rgtJZN2QVNzCgOY3znsg,Driving from district 7 to district 2,
Ho Chi Minh City,,10.7763897,106.7011391,AWCj-tYuXxg,https://www.youtube.com/watch?v=AWCj-tYuXxg,950,1330,0,0,UCu-rgtJZN2QVNzCgOY3znsg,Driving from district 7 to district 2,
Ho Chi Minh City,,10.7763897,106.7011391,y2MpUifqor8,https://www.youtube.com/watch?v=y2MpUifqor8,0,1388,0,3,UCu-rgtJZN2QVNzCgOY3znsg,4K Vietnam Street - Driving in Ho Chi Minh City,
Ho Chi Minh City,,10.7763897,106.7011391,FC5ZfRqiLAM,https://www.youtube.com/watch?v=FC5ZfRqiLAM,0,854,0,3,UCu-rgtJZN2QVNzCgOY3znsg,4K Vietnam street - Driving on Ho Chi Minh City and sounds asian traffics,
Ho Chi Minh City,,10.7763897,106.7011391,FC5ZfRqiLAM,https://www.youtube.com/watch?v=FC5ZfRqiLAM,855,914,0,3,UCu-rgtJZN2QVNzCgOY3znsg,4K Vietnam street - Driving on Ho Chi Minh City and sounds asian traffics,
Ho Chi Minh City,,10.7763897,106.7011391,ygSo7SZb7O8,https://www.youtube.com/watch?v=ygSo7SZb7O8,0,1255,0,3,UCu-rgtJZN2QVNzCgOY3znsg,"4K | Driving on the street of Ho Chi Minh City, Vietnam",
Ho Chi Minh City,,10.7763897,106.7011391,49Dv-q_bJw4,https://www.youtube.com/watch?v=49Dv-q_bJw4,0,1228,0,3,UCu-rgtJZN2QVNzCgOY3znsg,4K Vietnam street - Driving from Thủ Đức district to district 1,
Ho Chi Minh City,,10.7763897,106.7011391,5mUjTXJADxw,https://www.youtube.com/watch?v=5mUjTXJADxw,0,453,0,3,UCu-rgtJZN2QVNzCgOY3znsg,4K Vietnam street - Driving from district 7 to district 1,
Ho Chi Minh City,,10.7763897,106.7011391,5mUjTXJADxw,https://www.youtube.com/watch?v=5mUjTXJADxw,454,954,0,3,UCu-rgtJZN2QVNzCgOY3znsg,4K Vietnam street - Driving from district 7 to district 1,
Ho Chi Minh City,,10.7763897,106.7011391,UkPBt3afOJg,https://www.youtube.com/watch?v=UkPBt3afOJg,0,809,1,3,UCu-rgtJZN2QVNzCgOY3znsg,4K Vietnam street - Driving from district 1 to district 7,night(label)
Ho Chi Minh City,,10.7763897,106.7011391,J9748nmZ3zk,https://www.youtube.com/watch?v=J9748nmZ3zk,0,796,0,3,UCu-rgtJZN2QVNzCgOY3znsg,4K Vietnam street - Driving from district 4 to district 7,
Ho Chi Minh City,,10.7763897,106.7011391,9lUdKbwerFA,https://www.youtube.com/watch?v=9lUdKbwerFA,0,1943,0,3,UCu-rgtJZN2QVNzCgOY3znsg,"4K Vietnam street - Driving from district 7 to district 1, Thao Dien",
Ho Chi Minh City,,10.7763897,106.7011391,YYECBNBziVQ,https://www.youtube.com/watch?v=YYECBNBziVQ,0,559,0,3,UCu-rgtJZN2QVNzCgOY3znsg,"4K 60fps: Driving on the street of lockdown city and street sounds - Ho Chi Minh City, Vietnam",
Ho Chi Minh City,,10.7763897,106.7011391,YYECBNBziVQ,https://www.youtube.com/watch?v=YYECBNBziVQ,560,584,0,3,UCu-rgtJZN2QVNzCgOY3znsg,"4K 60fps: Driving on the street of lockdown city and street sounds - Ho Chi Minh City, Vietnam",
Ho Chi Minh City,,10.7763897,106.7011391,6ZELDMiNxQE,https://www.youtube.com/watch?v=6ZELDMiNxQE,15,1375,0,3,UCu-rgtJZN2QVNzCgOY3znsg,Driving Saigon city street Vietnam 4K 60fps,
Ho Chi Minh City,,10.7763897,106.7011391,GsQWPduGqB4,https://www.youtube.com/watch?v=GsQWPduGqB4,20,178,0,3,UCu-rgtJZN2QVNzCgOY3znsg,Vietnam street driving in Saigon city 4K,
Ho Chi Minh City,,10.7763897,106.7011391,GsQWPduGqB4,https://www.youtube.com/watch?v=GsQWPduGqB4,200,871,0,3,UCu-rgtJZN2QVNzCgOY3znsg,Vietnam street driving in Saigon city 4K,
Ho Chi Minh City,,10.7763897,106.7011391,GsQWPduGqB4,https://www.youtube.com/watch?v=GsQWPduGqB4,875,1152,0,3,UCu-rgtJZN2QVNzCgOY3znsg,Vietnam street driving in Saigon city 4K,
Ho Chi Minh City,,10.7763897,106.7011391,GsQWPduGqB4,https://www.youtube.com/watch?v=GsQWPduGqB4,1153,1324,0,3,UCu-rgtJZN2QVNzCgOY3znsg,Vietnam street driving in Saigon city 4K,
Ho Chi Minh City,,10.7763897,106.7011391,GsQWPduGqB4,https://www.youtube.com/watch?v=GsQWPduGqB4,1325,1381,0,3,UCu-rgtJZN2QVNzCgOY3znsg,Vietnam street driving in Saigon city 4K,
Ho Chi Minh City,,10.7763897,106.7011391,GsQWPduGqB4,https://www.youtube.com/watch?v=GsQWPduGqB4,1382,1529,0,3,UCu-rgtJZN2QVNzCgOY3znsg,Vietnam street driving in Saigon city 4K,
Ho Chi Minh City,,10.7763897,106.7011391,9hYpezeRKHQ,https://www.youtube.com/watch?v=9hYpezeRKHQ,0,2551,1,0,UCWO-45KnhNA0J7l5kyOMjzQ,"Dang Thuc Vinh, Le Van Khuong, Nguyen Anh Thu & To Ky Streets, Ho Chi Minh City 🚗 Driving At Night",night
Ho Chi Minh City,,10.7763897,106.7011391,ER5znYwWdS8,https://www.youtube.com/watch?v=ER5znYwWdS8,0,1197,1,0,UCWO-45KnhNA0J7l5kyOMjzQ,"Dang Thuc Vinh and Trinh Thi Mieng streets, Hoc Mon Commune, Ho Chi Minh City 🌙 Good Night",night
Ho Chi Minh City,,10.7763897,106.7011391,tMMsQ87fR-I,https://www.youtube.com/watch?v=tMMsQ87fR-I,0,4218,1,0,UCWO-45KnhNA0J7l5kyOMjzQ,Relaxing Drive in Ho Chi Minh City 🚗 An Suong to Vincom Plaza Phan Van Tri,night(label)
Ho Chi Minh City,,10.7763897,106.7011391,sN_a04-yJig,https://www.youtube.com/watch?v=sN_a04-yJig,16590,17716,1,0,UCV8IBsRBqbnxRJqti7-oq7w,2020 03 Vung Tau,night(label)
Ho Chi Minh City,,10.7763897,106.7011391,inhPNsZSRKA,https://www.youtube.com/watch?v=inhPNsZSRKA,32,4083,0,0,UCdGLNiYw-ZTwNSKXrpUUdQg,📷 Camera Hành Trình 4K Trên Xe KIA Carens | Từ Bình Chánh Về Tân Bình Trước Giờ Bão Wipha,rain
Ho Chi Minh City,,10.7763897,106.7011391,b90S4qd0EzI,https://www.youtube.com/watch?v=b90S4qd0EzI,0,1982,0,0,UCZsrMGZqsfcINznyuIBWnng,Hành Trình Ngã Tư Cầu Ông Bố Lái Thiêu - Sài Gòn,
Ho Chi Minh City,,10.7763897,106.7011391,seSWkIddy8c,https://www.youtube.com/watch?v=seSWkIddy8c,0,3438,0,0,UCx7agOexw-xGpOtL4NBZkrg,Driving Ho Chi Minh city Go vap Dist to Dist 7 Full HD,
Ho Chi Minh City,,10.7763897,106.7011391,rPAbGxtU5u8,https://www.youtube.com/watch?v=rPAbGxtU5u8,30,2410,0,0,UCc83jUu5ZXosrvVhbfG-smA,Drive through from countryside to city center | Vietnam Beauty 🇻🇳,
Ho Chi Minh City,,10.7763897,106.7011391,P4rr21P77TY,https://www.youtube.com/watch?v=P4rr21P77TY,0,49,0,0,UCnYuI2IE5aj58FmdYUY4JIw,Driving around Saigon Ho Chi Minh City With Grab | #travel #tours #city #vietnam,
Ho Chi Minh City,,10.7763897,106.7011391,P4rr21P77TY,https://www.youtube.com/watch?v=P4rr21P77TY,50,365,0,0,UCnYuI2IE5aj58FmdYUY4JIw,Driving around Saigon Ho Chi Minh City With Grab | #travel #tours #city #vietnam,
Ho Chi Minh City,,10.7763897,106.7011391,P4rr21P77TY,https://www.youtube.com/watch?v=P4rr21P77TY,490,1788,0,0,UCnYuI2IE5aj58FmdYUY4JIw,Driving around Saigon Ho Chi Minh City With Grab | #travel #tours #city #vietnam,
Ho Chi Minh City,,10.7763897,106.7011391,RBnFO2zVgnk,https://www.youtube.com/watch?v=RBnFO2zVgnk,0,986,1,0,UCnYuI2IE5aj58FmdYUY4JIw,Raining night drive tour of Ho Chi Minh City - Saigon,rain;night
Ho Chi Minh City,,10.7763897,106.7011391,ESBn65q4FwM,https://www.youtube.com/watch?v=ESBn65q4FwM,150,1433,0,0,UCc83jUu5ZXosrvVhbfG-smA,"4K 60fps | Drive Through Rush Hours In Ho Chi Minh City, Viet Nam 2025",rush/jam
Ho Chi Minh City,,10.7763897,106.7011391,ESBn65q4FwM,https://www.youtube.com/watch?v=ESBn65q4FwM,1434,2557,0,0,UCc83jUu5ZXosrvVhbfG-smA,"4K 60fps | Drive Through Rush Hours In Ho Chi Minh City, Viet Nam 2025",rush/jam
Ho Chi Minh City,,10.7763897,106.7011391,9schsJvgWP0,https://www.youtube.com/watch?v=9schsJvgWP0,0,835,0,0,UCc83jUu5ZXosrvVhbfG-smA,2025 Driving in Vietnam 1: From Dong Khoi to Cong Quynh Street | 4K 60fps,
Ho Chi Minh City,,10.7763897,106.7011391,VRBbKXjr8UU,https://www.youtube.com/watch?v=VRBbKXjr8UU,10,907,0,0,UCc83jUu5ZXosrvVhbfG-smA,Trải nghiệm đi dạo trung tâm Sài Gòn | Experiment Driving Sightseeing Heart of Ho Chi Minh,
Ho Chi Minh City,,10.7763897,106.7011391,trk0aAwoqgU,https://www.youtube.com/watch?v=trk0aAwoqgU,0,1574,0,0,UCqP_TFTAE5bYd4jHSuPwHQQ,"classical music, driving in Ho Chi Minh city",
Ho Chi Minh City,,10.7763897,106.7011391,aTcRer__ReQ,https://www.youtube.com/watch?v=aTcRer__ReQ,0,1362,1,0,UCVS-enG-giAKrsbuWGqXOaQ,"Ho Chi Minh City, Vietnam Traffic",night(label)
Ho Chi Minh City,,10.7763897,106.7011391,-Yjt9xDxD8A,https://www.youtube.com/watch?v=-Yjt9xDxD8A,0,1669,0,0,UCA6eM6yNDUzay5JEdl_pTfQ,"Driving in Rush Hour – Heavy Traffic in Ho Chi Minh City, Vietnam 🚗🚦",rush/jam
Ho Chi Minh City,,10.7763897,106.7011391,-Yjt9xDxD8A,https://www.youtube.com/watch?v=-Yjt9xDxD8A,1670,3919,1,0,UCA6eM6yNDUzay5JEdl_pTfQ,"Driving in Rush Hour – Heavy Traffic in Ho Chi Minh City, Vietnam 🚗🚦",rush/jam;night(label)
Ho Chi Minh City,,10.7763897,106.7011391,6NTxCvIkrJ8,https://www.youtube.com/watch?v=6NTxCvIkrJ8,5,1024,0,1,UCqryC5Nx8ud5DffjnVAvI6A,2024 May 03 – 1 Hour video Hour 3 Drive Ho Chi Minh City to the Long Tan Battlefield with Gary,
Ho Chi Minh City,,10.7763897,106.7011391,6NTxCvIkrJ8,https://www.youtube.com/watch?v=6NTxCvIkrJ8,1025,1040,0,1,UCqryC5Nx8ud5DffjnVAvI6A,2024 May 03 – 1 Hour video Hour 3 Drive Ho Chi Minh City to the Long Tan Battlefield with Gary,
Ho Chi Minh City,,10.7763897,106.7011391,6NTxCvIkrJ8,https://www.youtube.com/watch?v=6NTxCvIkrJ8,1800,2219,0,1,UCqryC5Nx8ud5DffjnVAvI6A,2024 May 03 – 1 Hour video Hour 3 Drive Ho Chi Minh City to the Long Tan Battlefield with Gary,
Ho Chi Minh City,,10.7763897,106.7011391,6NTxCvIkrJ8,https://www.youtube.com/watch?v=6NTxCvIkrJ8,2220,2674,0,1,UCqryC5Nx8ud5DffjnVAvI6A,2024 May 03 – 1 Hour video Hour 3 Drive Ho Chi Minh City to the Long Tan Battlefield with Gary,
Ho Chi Minh City,,10.7763897,106.7011391,XllaVBcQeAY,https://www.youtube.com/watch?v=XllaVBcQeAY,0,374,0,0,UCNSp1E_Na9rbbQuak2R9jdg,So crazy - car ride in Ho Chi Minh City - I cant drive this well!,
Ho Chi Minh City,,10.7763897,106.7011391,XllaVBcQeAY,https://www.youtube.com/watch?v=XllaVBcQeAY,375,638,0,0,UCNSp1E_Na9rbbQuak2R9jdg,So crazy - car ride in Ho Chi Minh City - I cant drive this well!,
Ho Chi Minh City,,10.7763897,106.7011391,XllaVBcQeAY,https://www.youtube.com/watch?v=XllaVBcQeAY,639,1252,0,0,UCNSp1E_Na9rbbQuak2R9jdg,So crazy - car ride in Ho Chi Minh City - I cant drive this well!,
Ho Chi Minh City,,10.7763897,106.7011391,kfsV0kc5swU,https://www.youtube.com/watch?v=kfsV0kc5swU,0,1859,1,0,UC5wfevpmugOYufzoqldTWXg,[4K] Driving in Saigon in a rainy day,rain;night(label)
Ho Chi Minh City,,10.7763897,106.7011391,8Nw2oaumthI,https://www.youtube.com/watch?v=8Nw2oaumthI,0,1620,0,0,UC5wfevpmugOYufzoqldTWXg,4K POV Night Drive in Ho Chi Minh City on New Year's Eve | 2 hours in Traffic Jam with Chill Music,night;rush/jam
Ho Chi Minh City,,10.7763897,106.7011391,8Nw2oaumthI,https://www.youtube.com/watch?v=8Nw2oaumthI,1621,7877,1,0,UC5wfevpmugOYufzoqldTWXg,4K POV Night Drive in Ho Chi Minh City on New Year's Eve | 2 hours in Traffic Jam with Chill Music,night;rush/jam
Ho Chi Minh City,,10.7763897,106.7011391,Z31BoBuNsX4,https://www.youtube.com/watch?v=Z31BoBuNsX4,0,430,1,0,UCNI2dal6DAadI3koozA1Gsw,discovery hcm to tra vinh proivince in viet nam district 7 with osmo action 4 as dash cam power bank,night(label)
Ho Chi Minh City,,10.7763897,106.7011391,Z31BoBuNsX4,https://www.youtube.com/watch?v=Z31BoBuNsX4,1288,3300,1,0,UCNI2dal6DAadI3koozA1Gsw,discovery hcm to tra vinh proivince in viet nam district 7 with osmo action 4 as dash cam power bank,night(label)
Ho Chi Minh City,,10.7763897,106.7011391,iuSCngTNhPE,https://www.youtube.com/watch?v=iuSCngTNhPE,0,628,0,3,UC-QHyVT6-HKRlnPyp-kbLiQ,"White Noise For Sleeping, Driving In Ho Chi Minh City | 4k | Tinsuper",
Ho Chi Minh City,,10.7763897,106.7011391,iuSCngTNhPE,https://www.youtube.com/watch?v=iuSCngTNhPE,661,1350,0,3,UC-QHyVT6-HKRlnPyp-kbLiQ,"White Noise For Sleeping, Driving In Ho Chi Minh City | 4k | Tinsuper",
Ho Chi Minh City,,10.7763897,106.7011391,0-4X-_ZHxZE,https://www.youtube.com/watch?v=0-4X-_ZHxZE,7,4070,1,3,UC-9Ek_POkAgnH8LdbefQFRQ,Evening Drive Through Saigon’s Suburbs - From Bustling Streets to Quiet Roads - Driving Ambience,night
Ho Chi Minh City,,10.7763897,106.7011391,djdIdkjB02g,https://www.youtube.com/watch?v=djdIdkjB02g,0,1090,0,3,UC-9Ek_POkAgnH8LdbefQFRQ,Night Drive Through the Bustling Streets of Saigon - Relaxing City Ambience,night
Ho Chi Minh City,,10.7763897,106.7011391,djdIdkjB02g,https://www.youtube.com/watch?v=djdIdkjB02g,1098,3196,1,3,UC-9Ek_POkAgnH8LdbefQFRQ,Night Drive Through the Bustling Streets of Saigon - Relaxing City Ambience,night
Ho Chi Minh City,,10.7763897,106.7011391,UJGL1qKlOrQ,https://www.youtube.com/watch?v=UJGL1qKlOrQ,10,1357,0,0,UCuz9WpCedSVTHUfHNVLxUOQ,En-route To Tan Son Nhut Airport - Saigon -Vietnam,
Ho Chi Minh City,,10.7763897,106.7011391,cV6q-B5oyNQ,https://www.youtube.com/watch?v=cV6q-B5oyNQ,5,1607,1,3,UC-9Ek_POkAgnH8LdbefQFRQ,Night Drive from Saigon to Suoi Tien | Peaceful City Lights & Highway Ambience,night;highway
Ho Chi Minh City,,10.7763897,106.7011391,WjRBKmMgHtY,https://www.youtube.com/watch?v=WjRBKmMgHtY,0,3216,1,0,UCrqNC7bFbnrGU5joJ9AkGmw,"ASMR - Rainy night drive, crowded Vietnam city street.",rain;night
Ho Chi Minh City,,10.7763897,106.7011391,GRZ5yeZZXQk,https://www.youtube.com/watch?v=GRZ5yeZZXQk,0,2780,0,0,UCWO-45KnhNA0J7l5kyOMjzQ,🚗 Hoc Mon Market (Ho Chi Minh City) to Ly Son - Ly Hai Market (Tay Ninh Province),
Ho Chi Minh City,,10.7763897,106.7011391,kqTVuBhbPZY,https://www.youtube.com/watch?v=kqTVuBhbPZY,0,941,0,3,UCA4sQYq_22UgI1hMx0MDGvA,Saigon driving July 2017,
Ho Chi Minh City,,10.7763897,106.7011391,3kycKdEMm8s,https://www.youtube.com/watch?v=3kycKdEMm8s,9,2477,1,1,UCZmohFzCdAAlAcHZgI0x-vw,[4K] Ho Chi Minh City / Saigon Night Tour (VN),night
Ho Chi Minh City,,10.7763897,106.7011391,AGU9Dxr_ak4,https://www.youtube.com/watch?v=AGU9Dxr_ak4,0,4775,0,1,UCZmohFzCdAAlAcHZgI0x-vw,[4K] Ho Chi Minh City / Saigon city tour (VN),
Ho Chi Minh City,,10.7763897,106.7011391,52P-Vc3_7a4,https://www.youtube.com/watch?v=52P-Vc3_7a4,51,1834,1,0,UCD03LYwS3ZAePy-teSkg37Q,Driving Saigon Vietnam (Ho Chi Minh),night(label)
Ho Chi Minh City,,10.7763897,106.7011391,52P-Vc3_7a4,https://www.youtube.com/watch?v=52P-Vc3_7a4,3043,6541,0,0,UCD03LYwS3ZAePy-teSkg37Q,Driving Saigon Vietnam (Ho Chi Minh),
Ho Chi Minh City,,10.7763897,106.7011391,ipVGcOw-1lg,https://www.youtube.com/watch?v=ipVGcOw-1lg,0,1065,0,0,UCcROxwq_GajcurqLI7zGFfw,Sài Gòn năm 2026 [26 01],
Ho Chi Minh City,,10.7763897,106.7011391,2FPSN4rjzmc,https://www.youtube.com/watch?v=2FPSN4rjzmc,0,977,0,0,UCcROxwq_GajcurqLI7zGFfw,nhộn nhịp đường phố Sài Gòn (HCMC) [26 063],
Ho Chi Minh City,,10.7763897,106.7011391,MN8JEXRqkNE,https://www.youtube.com/watch?v=MN8JEXRqkNE,0,3010,1,0,UCcROxwq_GajcurqLI7zGFfw,"chập choạng tối đường Gò Vấp đi Thủ Đức, Sài Gòn [25 1263]",night
Ho Chi Minh City,,10.7763897,106.7011391,eD317oZmV50,https://www.youtube.com/watch?v=eD317oZmV50,0,2132,0,0,UCcROxwq_GajcurqLI7zGFfw,"Chào buổi sáng, Thủ Đức Sài Gòn [25 126]",
Ho Chi Minh City,,10.7763897,106.7011391,Pwwr-o-jSzw,https://www.youtube.com/watch?v=Pwwr-o-jSzw,0,1065,0,0,UCcROxwq_GajcurqLI7zGFfw,Sài Gòn Đẹp lắm Sài Gòn ơi ...,
Ho Chi Minh City,,10.7763897,106.7011391,pRMfUaA7pLM,https://www.youtube.com/watch?v=pRMfUaA7pLM,0,529,1,0,UCcROxwq_GajcurqLI7zGFfw,SÀI GÒN NĂM 2024 (24 407),night(label)
Ho Chi Minh City,,10.7763897,106.7011391,m3_5MvcRwlI,https://www.youtube.com/watch?v=m3_5MvcRwlI,0,1427,0,0,UCcROxwq_GajcurqLI7zGFfw,SÀI GÒN ƠI NĂM 2024 (24 401),
Ho Chi Minh City,,10.7763897,106.7011391,2J8MJ0fjnLo,https://www.youtube.com/watch?v=2J8MJ0fjnLo,0,3078,0,0,UCcROxwq_GajcurqLI7zGFfw,"đường phố Sài Gòn, thành phố Hồ Chí  Minh [24 403]",
Ho Chi Minh City,,10.7763897,106.7011391,3mDl9_lKzUI,https://www.youtube.com/watch?v=3mDl9_lKzUI,0,443,1,0,UCcROxwq_GajcurqLI7zGFfw,7h tối Gò Vấp Thủ Đức Sài Gòn [25 1264],night
Ho Chi Minh City,,10.7763897,106.7011391,IS5mxZ1uYWE,https://www.youtube.com/watch?v=IS5mxZ1uYWE,10,1505,0,3,UCv4VbLmP58ef1ZA686dcvvQ,Motorcycle Ride Vietnam From Ho Chi Minh HCM to Mekong Delta,
Ho Chi Minh City,,10.7763897,106.7011391,rfHwy7BiQeQ,https://www.youtube.com/watch?v=rfHwy7BiQeQ,30,10588,0,3,UCsYwtnYBrMDituD9n8vyKJQ,"4k Saigon (Ho Chi Minh) Motorbike Drive: District 1, 2, 4 (Downtown), Evening Rain Storm, Riverside",rain;night
Ho Chi Minh City,,10.7763897,106.7011391,3E9VO7rC9Hk,https://www.youtube.com/watch?v=3E9VO7rC9Hk,0,1741,1,0,UCcROxwq_GajcurqLI7zGFfw,Sai Gon by Night [26 031],night
Ho Chi Minh City,,10.7763897,106.7011391,3E9VO7rC9Hk,https://www.youtube.com/watch?v=3E9VO7rC9Hk,2064,4566,1,0,UCcROxwq_GajcurqLI7zGFfw,Sai Gon by Night [26 031],night
Ho Chi Minh City,,10.7763897,106.7011391,MSgJofjXjLw,https://www.youtube.com/watch?v=MSgJofjXjLw,0,352,0,0,UCcROxwq_GajcurqLI7zGFfw,Ùn Ứ Xe Sài Gòn giờ cao điểm !!!,rush/jam
Ho Chi Minh City,,10.7763897,106.7011391,NG8NAlrfCtE,https://www.youtube.com/watch?v=NG8NAlrfCtE,0,2100,0,0,UCcROxwq_GajcurqLI7zGFfw,Cao tốc Sài Gòn (HCMC) Trung Lương [25 125],highway
Ho Chi Minh City,,10.7763897,106.7011391,amwdg94oiU4,https://www.youtube.com/watch?v=amwdg94oiU4,0,4143,0,0,UCM5LM0KkRbn1odSzREn7ufg,4K Sunset Drive Around Saigon | From Green Boulevards to the City Skyline,
Ho Chi Minh City,,10.7763897,106.7011391,MmXqqicnq8Y,https://www.youtube.com/watch?v=MmXqqicnq8Y,0,4073,0,3,UCM5LM0KkRbn1odSzREn7ufg,4K Beautiful Morning Drive in Saigon | From Gia Dinh Park to Saigon Zoo & Back,
Ho Chi Minh City,,10.7763897,106.7011391,WcC49Ntom24,https://www.youtube.com/watch?v=WcC49Ntom24,0,4173,0,3,UCM5LM0KkRbn1odSzREn7ufg,4K Riding into Downtown Saigon | Sunny Streets & Local City Life,
Ho Chi Minh City,,10.7763897,106.7011391,E4aDk0twYMg,https://www.youtube.com/watch?v=E4aDk0twYMg,0,4837,0,3,UCM5LM0KkRbn1odSzREn7ufg,4K Saigon - Ho Chi Minh City Motorbike Ride | From Dark Skies to Sunshine Across the City,
Ho Chi Minh City,,10.7763897,106.7011391,Qv_mxBpgqrk,https://www.youtube.com/watch?v=Qv_mxBpgqrk,0,6483,0,0,UCM5LM0KkRbn1odSzREn7ufg,4K Driving Through Saigon | From Sunny Afternoon to City Lights,
Ho Chi Minh City,,10.7763897,106.7011391,Qv_mxBpgqrk,https://www.youtube.com/watch?v=Qv_mxBpgqrk,6484,7374,1,0,UCM5LM0KkRbn1odSzREn7ufg,4K Driving Through Saigon | From Sunny Afternoon to City Lights,night(label)
Ho Chi Minh City,,10.7763897,106.7011391,mzCmY9TX-IQ,https://www.youtube.com/watch?v=mzCmY9TX-IQ,0,3662,0,3,UCM5LM0KkRbn1odSzREn7ufg,"4K Sunny Ride Across Saigon | Bridges, Skyline & Tan Son Nhat Airport",
Ho Chi Minh City,,10.7763897,106.7011391,ebcmpyPygt0,https://www.youtube.com/watch?v=ebcmpyPygt0,0,3449,0,0,UCM5LM0KkRbn1odSzREn7ufg,🚗 4K Drive from Binh Duong New City to Saigon | Urban Roads & Ambient Sounds,
Ho Chi Minh City,,10.7763897,106.7011391,XrB08mwjPJE,https://www.youtube.com/watch?v=XrB08mwjPJE,0,4022,0,0,UCM5LM0KkRbn1odSzREn7ufg,🏆 4K Drive from Gia Dinh Park to Binh Duong New City | QL13 Roadworks & Real Ambient Sounds,
Ho Chi Minh City,,10.7763897,106.7011391,4C5CEwULTSc,https://www.youtube.com/watch?v=4C5CEwULTSc,0,4530,1,0,UCM5LM0KkRbn1odSzREn7ufg,"🌧️ 4K Rainy Drive in Saigon - Ho Chi Minh City | Real Rain Sounds, Wipers & Traffic Ambience",rain;night(label)
Ho Chi Minh City,,10.7763897,106.7011391,kIO4ffQJbg0,https://www.youtube.com/watch?v=kIO4ffQJbg0,0,2910,0,3,UCM5LM0KkRbn1odSzREn7ufg,4K Sunny Motorbike Ride Along Saigon’s Canal | Relaxing Ambient Sounds,
Ho Chi Minh City,,10.7763897,106.7011391,1gJArW3ZraI,https://www.youtube.com/watch?v=1gJArW3ZraI,0,1050,0,3,UCM5LM0KkRbn1odSzREn7ufg,"ASMR 4K Motorbike Ride through Ho Chi Minh City, Vietnam | Real Traffic & Ambient Sounds",
Ho Chi Minh City,,10.7763897,106.7011391,1gJArW3ZraI,https://www.youtube.com/watch?v=1gJArW3ZraI,1051,4704,1,3,UCM5LM0KkRbn1odSzREn7ufg,"ASMR 4K Motorbike Ride through Ho Chi Minh City, Vietnam | Real Traffic & Ambient Sounds",night(label)
Ho Chi Minh City,,10.7763897,106.7011391,2c4zbDJvafM,https://www.youtube.com/watch?v=2c4zbDJvafM,0,2799,1,3,UCM5LM0KkRbn1odSzREn7ufg,4K Exploring Saigon at Night by Motorbike | Real Traffic & Ambient Sounds,night
Ho Chi Minh City,,10.7763897,106.7011391,FIGCxcDWhMw,https://www.youtube.com/watch?v=FIGCxcDWhMw,25,4379,1,0,UCM5LM0KkRbn1odSzREn7ufg,4K Evening Drive through Ho Chi Minh City - Saigon after Rain | City Lights & Ambient Sounds,rain;night
Ho Chi Minh City,,10.7763897,106.7011391,IguIuBM1_IM,https://www.youtube.com/watch?v=IguIuBM1_IM,0,2798,0,0,UCM5LM0KkRbn1odSzREn7ufg,"4K Rainy Drive on a Wide Boulevard in Ho Chi Minh City, Vietnam (Ambient Traffic Sounds)",rain
Ho Chi Minh City,,10.7763897,106.7011391,-zsmVvJ8p2Q,https://www.youtube.com/watch?v=-zsmVvJ8p2Q,0,3786,1,0,UCM5LM0KkRbn1odSzREn7ufg,"4K Night Drive through Ho Chi Minh City, Vietnam | City Lights & Ambient Sounds",night
Hạ Long,,20.9528365,107.0800003,iFNIGVhUlpA,https://www.youtube.com/watch?v=iFNIGVhUlpA,0,1760,0,0,UChpgMy2Tr5lu18tMieD_Z4w,DRIVING IN VIETNAM: 30 Minutes Drive Through Ha Long Cam Pha Beach Road,
Hạ Long,,20.9528365,107.0800003,7rLr8g5V8TY,https://www.youtube.com/watch?v=7rLr8g5V8TY,0,536,0,0,UChpgMy2Tr5lu18tMieD_Z4w,"Driving in Ha Long, Quang Ninh, Vietnam, 4K Video",
Hạ Long,,20.9528365,107.0800003,tOqpd-iEtOI,https://www.youtube.com/watch?v=tOqpd-iEtOI,0,1361,0,0,UChpgMy2Tr5lu18tMieD_Z4w,20 minutes drive around Ha Long city Vietnam,
Hạ Long,,20.9528365,107.0800003,QOuVNUpXfeg,https://www.youtube.com/watch?v=QOuVNUpXfeg,0,1502,0,0,UCcROxwq_GajcurqLI7zGFfw,Hòn Gai Hạ Long vừa quen vừa lạ [25 1267],
Hạ Long,,20.9528365,107.0800003,JLTOcoWmd7Q,https://www.youtube.com/watch?v=JLTOcoWmd7Q,0,3305,0,0,UCcROxwq_GajcurqLI7zGFfw,Hòn Gai Hạ Long vừa quen vừa lạ [25 1268],
Hạ Long,,20.9528365,107.0800003,wRNgmfALrUo,https://www.youtube.com/watch?v=wRNgmfALrUo,0,2763,0,0,UCcROxwq_GajcurqLI7zGFfw,thành phố Hạ Long vừa quen vừa lạ [25 1266],
Uông Bí,,21.04285,106.774061,nZxFxOZ4y04,https://www.youtube.com/watch?v=nZxFxOZ4y04,0,908,0,0,UChpgMy2Tr5lu18tMieD_Z4w,"Driving in Vietnam: Uong Bi City, 4k Video",
Da Lat,Lâm Đồng,11.940922,108.437627,91UUl4j8Rx8,https://www.youtube.com/watch?v=91UUl4j8Rx8,0,511,0,0,UClmMbvhWa5NU-bIJcaIUNbg,Driving Through Da Lat Night Market | Vietnam’s Evening Buzz in Motion,night
Da Lat,Lâm Đồng,11.940922,108.437627,I9Cz0OcNbOY,https://www.youtube.com/watch?v=I9Cz0OcNbOY,0,899,0,0,UCrHLZmHDTHFAXx0phU8NIaw,Đà Lạt sáng 10/7/2025 1 vòng Hồ Xuân Hương.,
Da Lat,Lâm Đồng,11.940922,108.437627,lUgJZHmPpxg,https://www.youtube.com/watch?v=lUgJZHmPpxg,0,1294,0,0,UClmMbvhWa5NU-bIJcaIUNbg,"Daily Life in Motion | POV Drive Through Da Lat City, Vietnam",
Da Lat,Lâm Đồng,11.940922,108.437627,ACVB8ojUlh4,https://www.youtube.com/watch?v=ACVB8ojUlh4,0,1408,0,3,UClmMbvhWa5NU-bIJcaIUNbg,Morning Drive in Da Lat | Vietnam Highland City in Motion,
Da Lat,Lâm Đồng,11.940922,108.437627,umGC1OnrlKY,https://www.youtube.com/watch?v=umGC1OnrlKY,10,359,0,0,UCDKQIXpE_IzqAtA3ujx8zGQ,Driving in Dalat,
Da Lat,Lâm Đồng,11.940922,108.437627,umGC1OnrlKY,https://www.youtube.com/watch?v=umGC1OnrlKY,360,899,1,0,UCDKQIXpE_IzqAtA3ujx8zGQ,Driving in Dalat,night(label)
Da Lat,Lâm Đồng,11.940922,108.437627,Qkxg4gPI4no,https://www.youtube.com/watch?v=Qkxg4gPI4no,0,945,0,3,UClmMbvhWa5NU-bIJcaIUNbg,Scenic Journey from Xuan Tho to Da Lat | Vietnam Highlands Drive,
Da Lat,Lâm Đồng,11.940922,108.437627,bwRrC9cLMXg,https://www.youtube.com/watch?v=bwRrC9cLMXg,0,1059,0,3,UClmMbvhWa5NU-bIJcaIUNbg,Morning Drive in Da Lat | Peaceful Vietnam Highland Journey,
Da Lat,Lâm Đồng,11.940922,108.437627,H_Vo5QmAtZg,https://www.youtube.com/watch?v=H_Vo5QmAtZg,0,1409,0,3,UClmMbvhWa5NU-bIJcaIUNbg,Afternoon Drive in Dalat – From Busy Roads to Peaceful Streets,
Da Lat,Lâm Đồng,11.940922,108.437627,06FyPy5Io0U,https://www.youtube.com/watch?v=06FyPy5Io0U,0,503,0,3,UClmMbvhWa5NU-bIJcaIUNbg,Afternoon Drive in Da Lat - From Quiet Roads to Bustling Streets,
Da Lat,Lâm Đồng,11.940922,108.437627,06FyPy5Io0U,https://www.youtube.com/watch?v=06FyPy5Io0U,504,1097,0,3,UClmMbvhWa5NU-bIJcaIUNbg,Afternoon Drive in Da Lat - From Quiet Roads to Bustling Streets,
Da Lat,Lâm Đồng,11.940922,108.437627,3_16MQggSgo,https://www.youtube.com/watch?v=3_16MQggSgo,0,956,0,3,UClmMbvhWa5NU-bIJcaIUNbg,"Charming July Afternoon Drive | Da Lat, Vietnam POV Ride",
Da Lat,Lâm Đồng,11.940922,108.437627,kk5xh_D7yMI,https://www.youtube.com/watch?v=kk5xh_D7yMI,0,1441,0,3,UClmMbvhWa5NU-bIJcaIUNbg,Misty Morning Drive in Da Lat | Light Rain & Highland Views,rain;fog
Da Lat,Lâm Đồng,11.940922,108.437627,EQxElU9K0SE,https://www.youtube.com/watch?v=EQxElU9K0SE,0,824,0,3,UClmMbvhWa5NU-bIJcaIUNbg,Afternoon Drive Through Da Lat  Scenic Vietnam Highlands Ride,
Da Lat,Lâm Đồng,11.940922,108.437627,EQxElU9K0SE,https://www.youtube.com/watch?v=EQxElU9K0SE,825,1322,0,3,UClmMbvhWa5NU-bIJcaIUNbg,Afternoon Drive Through Da Lat  Scenic Vietnam Highlands Ride,
Da Lat,Lâm Đồng,11.940922,108.437627,MGw3jRFTPXw,https://www.youtube.com/watch?v=MGw3jRFTPXw,0,880,0,3,UClmMbvhWa5NU-bIJcaIUNbg,Golden Hour Drive in Da Lat | Magical Afternoon in Vietnam’s Highlands,
Da Lat,Lâm Đồng,11.940922,108.437627,_VIPcUN0K0I,https://www.youtube.com/watch?v=_VIPcUN0K0I,0,1204,0,3,UClmMbvhWa5NU-bIJcaIUNbg,Afternoon Drive Through Da Lat | Vietnam’s Highland Charm in Motion,
Da Lat,Lâm Đồng,11.940922,108.437627,wjse7T-BvZw,https://www.youtube.com/watch?v=wjse7T-BvZw,0,848,0,3,UClmMbvhWa5NU-bIJcaIUNbg,Rainy Day Ride in Da Lat | Misty Streets of Vietnam’s Highlands,rain;fog
Da Lat,Lâm Đồng,11.940922,108.437627,IFdFk6oIG5o,https://www.youtube.com/watch?v=IFdFk6oIG5o,0,986,0,3,UClmMbvhWa5NU-bIJcaIUNbg,"From City Rush to Highland Slopes | Dynamic POV Drive in Da Lat, Vietnam",
Da Lat,Lâm Đồng,11.940922,108.437627,TPiIdUeVgtE,https://www.youtube.com/watch?v=TPiIdUeVgtE,0,1130,0,3,UClmMbvhWa5NU-bIJcaIUNbg,Afternoon Drive in Da Lat | Vietnam Highlands Streets,
Da Lat,Lâm Đồng,11.940922,108.437627,chanMNnpRd4,https://www.youtube.com/watch?v=chanMNnpRd4,0,1379,0,3,UClmMbvhWa5NU-bIJcaIUNbg,Busy Morning Drive in Da Lat | Vietnam’s Highland City Comes Alive,
Da Lat,Lâm Đồng,11.940922,108.437627,VMZk8irwnAA,https://www.youtube.com/watch?v=VMZk8irwnAA,0,755,0,3,UClmMbvhWa5NU-bIJcaIUNbg,"Fresh Roads After the Rain | Busy Street Drive Through Dalat, Vietnam",rain
Da Lat,Lâm Đồng,11.940922,108.437627,VMZk8irwnAA,https://www.youtube.com/watch?v=VMZk8irwnAA,756,1221,0,3,UClmMbvhWa5NU-bIJcaIUNbg,"Fresh Roads After the Rain | Busy Street Drive Through Dalat, Vietnam",rain
Da Lat,Lâm Đồng,11.940922,108.437627,xmLAeel69CU,https://www.youtube.com/watch?v=xmLAeel69CU,0,1187,0,3,UClmMbvhWa5NU-bIJcaIUNbg,Rainy Drive Through Da Lat | Vietnam’s Misty Highlands in Motion,rain;fog
Da Lat,Lâm Đồng,11.940922,108.437627,eM8k8YWRgqs,https://www.youtube.com/watch?v=eM8k8YWRgqs,60,1062,0,3,UClmMbvhWa5NU-bIJcaIUNbg,Charming Afternoon Cruise Around Da Lat | Scenic Vietnam Drive,
Da Lat,Lâm Đồng,11.940922,108.437627,hhxLYfmkd7A,https://www.youtube.com/watch?v=hhxLYfmkd7A,0,839,0,3,UClmMbvhWa5NU-bIJcaIUNbg,Afternoon Rush in Da Lat | Vietnam Driving,
Da Lat,Lâm Đồng,11.940922,108.437627,Boso-XEGzto,https://www.youtube.com/watch?v=Boso-XEGzto,0,540,0,3,UClmMbvhWa5NU-bIJcaIUNbg,"Heavy Rain Scooter Ride | Drive Through Dalat, Vietnam",rain
Da Lat,Lâm Đồng,11.940922,108.437627,kbcT8TyB7Mc,https://www.youtube.com/watch?v=kbcT8TyB7Mc,1887,3477,0,0,UCcHVmtqDtocVp7Q_6auEWbA,DaLat Summer 2015,
Da Lat,Lâm Đồng,11.940922,108.437627,e_P-aKvBP8c,https://www.youtube.com/watch?v=e_P-aKvBP8c,0,4900,0,0,UCM5LM0KkRbn1odSzREn7ufg,"A Full Loop Around Da Lat, Vietnam | Rainy City, Langbiang & Pine Forest Roads",rain
Da Lat,Lâm Đồng,11.940922,108.437627,Qr8mPLLHmlY,https://www.youtube.com/watch?v=Qr8mPLLHmlY,0,3715,0,3,UCM5LM0KkRbn1odSzREn7ufg,"🏆 4K Exploring Da Lat by Motorbike | Mountain Passes, City Streets & Xuan Huong Lake",mountain/pass
Da Lat,Lâm Đồng,11.940922,108.437627,2ApC0vqFLbM,https://www.youtube.com/watch?v=2ApC0vqFLbM,0,3674,0,0,UCM5LM0KkRbn1odSzREn7ufg,"🚗 4K Driving Around Da Lat, Vietnam | Scenic City Tour & Ambient Sounds",
Da Nang,,16.068,108.212,AbxUqMKd-v4,https://www.youtube.com/watch?v=AbxUqMKd-v4,10,2684,0,1,UCIStmb2WWwUe9cgfs1W-BUw,Vietnam Motorbike 🇻🇳  |  My Khe Beach 🌴 🛵  |  Sunset drive in Da Nang Vietnam | 4k,
Da Nang,,16.068,108.212,pPARrYWMSp8,https://www.youtube.com/watch?v=pPARrYWMSp8,28,1573,1,0,UCFLK_KxbWS08Vxhnp2lGjzQ,Driving at night in the Rain 4K | City Car Driving | 2022,rain;night
Da Nang,,16.068,108.212,ylgQZBDGwc8,https://www.youtube.com/watch?v=ylgQZBDGwc8,0,720,0,0,UC_NX7yUvlmYwZEmjuxSdiug,,
Da Nang,,16.068,108.212,ybTrPJrjKN0,https://www.youtube.com/watch?v=ybTrPJrjKN0,0,315,0,3,UCl6hB0D2ygyIBhym5Esc0Kw,On the road to Hue - Da Nang,
Da Nang,,16.068,108.212,n63gz5vlEnY,https://www.youtube.com/watch?v=n63gz5vlEnY,10,1241,1,0,UC3MS6zLMk8fGwtt9JErrJjw,Driving into the city center to enjoy the beautiful night view - Da Nang City,night
Da Nang,,16.068,108.212,2InF2p8OlG0,https://www.youtube.com/watch?v=2InF2p8OlG0,0,39,0,0,UC3MS6zLMk8fGwtt9JErrJjw,Driving to enjoy the beautiful scenery in the center of Da Nang City,
Da Nang,,16.068,108.212,2InF2p8OlG0,https://www.youtube.com/watch?v=2InF2p8OlG0,40,114,0,0,UC3MS6zLMk8fGwtt9JErrJjw,Driving to enjoy the beautiful scenery in the center of Da Nang City,
Da Nang,,16.068,108.212,2InF2p8OlG0,https://www.youtube.com/watch?v=2InF2p8OlG0,115,166,0,0,UC3MS6zLMk8fGwtt9JErrJjw,Driving to enjoy the beautiful scenery in the center of Da Nang City,
Da Nang,,16.068,108.212,2InF2p8OlG0,https://www.youtube.com/watch?v=2InF2p8OlG0,167,210,0,0,UC3MS6zLMk8fGwtt9JErrJjw,Driving to enjoy the beautiful scenery in the center of Da Nang City,
Da Nang,,16.068,108.212,2InF2p8OlG0,https://www.youtube.com/watch?v=2InF2p8OlG0,211,363,0,0,UC3MS6zLMk8fGwtt9JErrJjw,Driving to enjoy the beautiful scenery in the center of Da Nang City,
Da Nang,,16.068,108.212,2InF2p8OlG0,https://www.youtube.com/watch?v=2InF2p8OlG0,364,497,0,0,UC3MS6zLMk8fGwtt9JErrJjw,Driving to enjoy the beautiful scenery in the center of Da Nang City,
Da Nang,,16.068,108.212,2InF2p8OlG0,https://www.youtube.com/watch?v=2InF2p8OlG0,498,667,0,0,UC3MS6zLMk8fGwtt9JErrJjw,Driving to enjoy the beautiful scenery in the center of Da Nang City,
Da Nang,,16.068,108.212,2InF2p8OlG0,https://www.youtube.com/watch?v=2InF2p8OlG0,668,717,0,0,UC3MS6zLMk8fGwtt9JErrJjw,Driving to enjoy the beautiful scenery in the center of Da Nang City,
Da Nang,,16.068,108.212,QaDn7Mxzs5w,https://www.youtube.com/watch?v=QaDn7Mxzs5w,0,155,0,0,UC3MS6zLMk8fGwtt9JErrJjw,Drive to see the beautiful coastal road - Danang city,
Da Nang,,16.068,108.212,QaDn7Mxzs5w,https://www.youtube.com/watch?v=QaDn7Mxzs5w,156,328,0,0,UC3MS6zLMk8fGwtt9JErrJjw,Drive to see the beautiful coastal road - Danang city,
Da Nang,,16.068,108.212,QaDn7Mxzs5w,https://www.youtube.com/watch?v=QaDn7Mxzs5w,329,545,0,0,UC3MS6zLMk8fGwtt9JErrJjw,Drive to see the beautiful coastal road - Danang city,
Da Nang,,16.068,108.212,KB2osqkHBLk,https://www.youtube.com/watch?v=KB2osqkHBLk,60,2350,0,0,UCFLK_KxbWS08Vxhnp2lGjzQ,[#Rain Sound] The sound of rain falling in the car|I Driving during typhoon Noru in DaNang |4K|2022,rain
Da Nang,,16.068,108.212,vKRHLFx6D3I,https://www.youtube.com/watch?v=vKRHLFx6D3I,7,2708,0,3,UCnIliW17hpOgmu8_8sDdYkw,"Da Nang, Vietnam Motobike 🌴 🛵  |   Focus Music",
Da Nang,,16.068,108.212,GcZ7Hhvv4BY,https://www.youtube.com/watch?v=GcZ7Hhvv4BY,25,2183,0,0,UCcROxwq_GajcurqLI7zGFfw,Tam Kỳ Quảng Nam cuối năm 2025 [25 1281],
Da Nang,,16.068,108.212,G7K63MhYjE8,https://www.youtube.com/watch?v=G7K63MhYjE8,0,200,0,0,UCcROxwq_GajcurqLI7zGFfw,XUYÊN VIỆT QUA THÀNH PHỐ ĐÀ NẴNG HÈ NĂM 2019,
Da Nang,,16.068,108.212,G7K63MhYjE8,https://www.youtube.com/watch?v=G7K63MhYjE8,201,291,0,0,UCcROxwq_GajcurqLI7zGFfw,XUYÊN VIỆT QUA THÀNH PHỐ ĐÀ NẴNG HÈ NĂM 2019,
Da Nang,,16.068,108.212,G7K63MhYjE8,https://www.youtube.com/watch?v=G7K63MhYjE8,292,331,0,0,UCcROxwq_GajcurqLI7zGFfw,XUYÊN VIỆT QUA THÀNH PHỐ ĐÀ NẴNG HÈ NĂM 2019,
Da Nang,,16.068,108.212,G7K63MhYjE8,https://www.youtube.com/watch?v=G7K63MhYjE8,346,396,0,0,UCcROxwq_GajcurqLI7zGFfw,XUYÊN VIỆT QUA THÀNH PHỐ ĐÀ NẴNG HÈ NĂM 2019,
Da Nang,,16.068,108.212,G7K63MhYjE8,https://www.youtube.com/watch?v=G7K63MhYjE8,397,441,0,0,UCcROxwq_GajcurqLI7zGFfw,XUYÊN VIỆT QUA THÀNH PHỐ ĐÀ NẴNG HÈ NĂM 2019,
Da Nang,,16.068,108.212,G7K63MhYjE8,https://www.youtube.com/watch?v=G7K63MhYjE8,442,541,0,0,UCcROxwq_GajcurqLI7zGFfw,XUYÊN VIỆT QUA THÀNH PHỐ ĐÀ NẴNG HÈ NĂM 2019,
Da Nang,,16.068,108.212,NRnZZqzZkjU,https://www.youtube.com/watch?v=NRnZZqzZkjU,0,18,0,0,UCcROxwq_GajcurqLI7zGFfw,"XUYÊN VIỆT QUA ĐÀ NẴNG, HÈ NĂM 2019",
Da Nang,,16.068,108.212,NRnZZqzZkjU,https://www.youtube.com/watch?v=NRnZZqzZkjU,19,85,0,0,UCcROxwq_GajcurqLI7zGFfw,"XUYÊN VIỆT QUA ĐÀ NẴNG, HÈ NĂM 2019",
Da Nang,,16.068,108.212,NRnZZqzZkjU,https://www.youtube.com/watch?v=NRnZZqzZkjU,86,166,0,0,UCcROxwq_GajcurqLI7zGFfw,"XUYÊN VIỆT QUA ĐÀ NẴNG, HÈ NĂM 2019",
Da Nang,,16.068,108.212,NRnZZqzZkjU,https://www.youtube.com/watch?v=NRnZZqzZkjU,167,220,0,0,UCcROxwq_GajcurqLI7zGFfw,"XUYÊN VIỆT QUA ĐÀ NẴNG, HÈ NĂM 2019",
Da Nang,,16.068,108.212,NRnZZqzZkjU,https://www.youtube.com/watch?v=NRnZZqzZkjU,221,245,0,0,UCcROxwq_GajcurqLI7zGFfw,"XUYÊN VIỆT QUA ĐÀ NẴNG, HÈ NĂM 2019",
Da Nang,,16.068,108.212,NRnZZqzZkjU,https://www.youtube.com/watch?v=NRnZZqzZkjU,246,296,0,0,UCcROxwq_GajcurqLI7zGFfw,"XUYÊN VIỆT QUA ĐÀ NẴNG, HÈ NĂM 2019",
Da Nang,,16.068,108.212,NRnZZqzZkjU,https://www.youtube.com/watch?v=NRnZZqzZkjU,297,480,0,0,UCcROxwq_GajcurqLI7zGFfw,"XUYÊN VIỆT QUA ĐÀ NẴNG, HÈ NĂM 2019",
Da Nang,,16.068,108.212,NRnZZqzZkjU,https://www.youtube.com/watch?v=NRnZZqzZkjU,481,609,0,0,UCcROxwq_GajcurqLI7zGFfw,"XUYÊN VIỆT QUA ĐÀ NẴNG, HÈ NĂM 2019",
Da Nang,,16.068,108.212,NRnZZqzZkjU,https://www.youtube.com/watch?v=NRnZZqzZkjU,610,684,0,0,UCcROxwq_GajcurqLI7zGFfw,"XUYÊN VIỆT QUA ĐÀ NẴNG, HÈ NĂM 2019",
Da Nang,,16.068,108.212,_A9Bn7V0ZAU,https://www.youtube.com/watch?v=_A9Bn7V0ZAU,0,733,0,0,UCcROxwq_GajcurqLI7zGFfw,"THÀNH PHỐ ĐÀ NẴNG SAU CƠN BÃO SỐ 8, TRƯỚC NGÀY BÃO SỐ 9 (21 THÁNG 10 NĂM 2020)",rain
Da Nang,,16.068,108.212,drLQoeCMvDc,https://www.youtube.com/watch?v=drLQoeCMvDc,0,732,1,0,UCcROxwq_GajcurqLI7zGFfw,NHÁ NHEM Ở THÀNH PHỐ ĐÀ NẴNG THÁNG 10 NĂM 2020,night(label)
Da Nang,,16.068,108.212,UPzsQYQA97I,https://www.youtube.com/watch?v=UPzsQYQA97I,0,482,0,0,UCcROxwq_GajcurqLI7zGFfw,CHIỀU VÀO THÀNH PHỐ ĐÀ NẴNG TỪ PHÍA QUẢNG NAM (THÁNG 10 NĂM 2020),
Da Nang,,16.068,108.212,UPzsQYQA97I,https://www.youtube.com/watch?v=UPzsQYQA97I,483,1496,1,0,UCcROxwq_GajcurqLI7zGFfw,CHIỀU VÀO THÀNH PHỐ ĐÀ NẴNG TỪ PHÍA QUẢNG NAM (THÁNG 10 NĂM 2020),night(label)
Da Nang,,16.068,108.212,1XthTJi2gbs,https://www.youtube.com/watch?v=1XthTJi2gbs,0,1884,0,0,UCcROxwq_GajcurqLI7zGFfw,loanh quanh thành phố Đà Nẵng,
Da Nang,,16.068,108.212,0sXbMU-bhkk,https://www.youtube.com/watch?v=0sXbMU-bhkk,0,1233,0,0,UCcROxwq_GajcurqLI7zGFfw,Ven Biển Mỹ Khê Đà Nẵng năm 2022,
Da Nang,,16.068,108.212,wTuiQRPkzJI,https://www.youtube.com/watch?v=wTuiQRPkzJI,0,2039,1,0,UCcROxwq_GajcurqLI7zGFfw,chập choạng tối ở ven Biển Mỹ Khê Đà Nẵng,night
Da Nang,,16.068,108.212,saqcGpk3IJE,https://www.youtube.com/watch?v=saqcGpk3IJE,0,1540,0,0,UCcROxwq_GajcurqLI7zGFfw,Qua thành phố Đà Nẵng,
Da Nang,,16.068,108.212,wl1ZjafHZbw,https://www.youtube.com/watch?v=wl1ZjafHZbw,0,2745,0,0,UCcROxwq_GajcurqLI7zGFfw,chiều Đà Nẵng năm 2022,
Da Nang,,16.068,108.212,wLaedoDTBvk,https://www.youtube.com/watch?v=wLaedoDTBvk,0,2231,0,0,UCcROxwq_GajcurqLI7zGFfw,Thành phố Đà Nẵng đầu ngày năm 2023,
Da Nang,,16.068,108.212,MAwaku543wI,https://www.youtube.com/watch?v=MAwaku543wI,0,1476,1,0,UCcROxwq_GajcurqLI7zGFfw,Thành phố Đà Nẵng đầu ngày năm 2023,night(label)
Da Nang,,16.068,108.212,nYHvvgJsnBY,https://www.youtube.com/watch?v=nYHvvgJsnBY,0,2131,1,0,UCcROxwq_GajcurqLI7zGFfw,Thành phố Đà Nẵng đầu ngày năm 2023,night(label)
Da Nang,,16.068,108.212,BbRSYP21SpE,https://www.youtube.com/watch?v=BbRSYP21SpE,0,899,1,0,UCcROxwq_GajcurqLI7zGFfw,Thành phố Đà Nẵng năm 2023,night(label)
Da Nang,,16.068,108.212,BbRSYP21SpE,https://www.youtube.com/watch?v=BbRSYP21SpE,902,1055,0,0,UCcROxwq_GajcurqLI7zGFfw,Thành phố Đà Nẵng năm 2023,
Da Nang,,16.068,108.212,BbRSYP21SpE,https://www.youtube.com/watch?v=BbRSYP21SpE,1136,1238,0,0,UCcROxwq_GajcurqLI7zGFfw,Thành phố Đà Nẵng năm 2023,
Da Nang,,16.068,108.212,nft1WkPeTi8,https://www.youtube.com/watch?v=nft1WkPeTi8,0,1284,0,0,UCcROxwq_GajcurqLI7zGFfw,vành đai ngoài tp Đà Nẵng,
Da Nang,,16.068,108.212,0b9mFso6pBM,https://www.youtube.com/watch?v=0b9mFso6pBM,0,1883,0,0,UCcROxwq_GajcurqLI7zGFfw,thành phố Đà Nẵng năm 2022,
Da Nang,,16.068,108.212,UM2bqrP-dgo,https://www.youtube.com/watch?v=UM2bqrP-dgo,0,793,0,0,UCcROxwq_GajcurqLI7zGFfw,"Hãy đến và Sống ở Đà Nẵng Việt Nam, Thanh Bình tuyệt Đẹp!",
Da Nang,,16.068,108.212,7Q_Dlex8rHs,https://www.youtube.com/watch?v=7Q_Dlex8rHs,0,1213,0,0,UCcROxwq_GajcurqLI7zGFfw,Đà Nẵng Quảng Nam mùa Mưa Bão [25 1122],rain
Da Nang,,16.068,108.212,YSNL2AEd7ks,https://www.youtube.com/watch?v=YSNL2AEd7ks,682,1728,0,0,UCcROxwq_GajcurqLI7zGFfw,Đà Nẵng Quảng Nam mùa Mưa Bão [25 1129],rain
Da Nang,,16.068,108.212,KUJeCARKZco,https://www.youtube.com/watch?v=KUJeCARKZco,0,767,0,0,UCcROxwq_GajcurqLI7zGFfw,Đà Nẵng vào mùa Mưa [25 1126],rain
Da Nang,,16.068,108.212,lYraLcZehNU,https://www.youtube.com/watch?v=lYraLcZehNU,0,1506,0,0,UCcROxwq_GajcurqLI7zGFfw,Đà Nẵng Quảng Nam mùa Mưa Bão [25 1128],rain
Hanoi,,21.0283334,105.854041,AKaJkDqrOjU,https://www.youtube.com/watch?v=AKaJkDqrOjU,200,1860,0,0,UCJ5VsdQsIlsxNRpnZNFxa0w,"[4K] Driving in Rush Hour in Hanoi, Thanh Xuan District, Long Bien District, Vietnam | Hanoi #64",rush/jam
Hanoi,,21.0283334,105.854041,AKaJkDqrOjU,https://www.youtube.com/watch?v=AKaJkDqrOjU,2700,5582,1,0,UCJ5VsdQsIlsxNRpnZNFxa0w,"[4K] Driving in Rush Hour in Hanoi, Thanh Xuan District, Long Bien District, Vietnam | Hanoi #64",rush/jam;night(label)
Hanoi,,21.0283334,105.854041,E60UXI8zT4s,https://www.youtube.com/watch?v=E60UXI8zT4s,175,5382,0,0,UCJ5VsdQsIlsxNRpnZNFxa0w,"[4K] Vo Nguyen Giap Way is So Chilling at Sunset, way to Noi Bai International Airport | Hanoi #66",
Hanoi,,21.0283334,105.854041,Mdv_2cCufRc,https://www.youtube.com/watch?v=Mdv_2cCufRc,200,6402,1,0,UCJ5VsdQsIlsxNRpnZNFxa0w,"[4K] Vo Nguyen Giap Street is So Chilling at Night, way to Noi Bai International Airport | Hanoi #65",night
Hanoi,,21.0283334,105.854041,zdJ3z6DG58k,https://www.youtube.com/watch?v=zdJ3z6DG58k,200,3808,0,0,UCJ5VsdQsIlsxNRpnZNFxa0w,"[4K] Driving Through Cau Giay District, My Dinh District in a Beautiful Day in Hanoi | Hanoi #63",
Hanoi,,21.0283334,105.854041,FW9hQSEG91Y,https://www.youtube.com/watch?v=FW9hQSEG91Y,215,5911,1,0,UCJ5VsdQsIlsxNRpnZNFxa0w,"[4K] Driving Around Hanoi in A Chilling Night, Hanoi, Vietnam | Hanoi #62",night
Hanoi,,21.0283334,105.854041,8PZ-78Q1Z8g,https://www.youtube.com/watch?v=8PZ-78Q1Z8g,220,8204,1,0,UCJ5VsdQsIlsxNRpnZNFxa0w,"[4K] HB Driving Playlist #2 | A Night Drive Aroud Hanoi in A Rainy Day, Chilling and Relaxing",rain;night
Hanoi,,21.0283334,105.854041,UWx0hew9fy4,https://www.youtube.com/watch?v=UWx0hew9fy4,215,1390,0,0,UCJ5VsdQsIlsxNRpnZNFxa0w,"[4K] Lái Xe Quanh Quận Tây Hồ, Hà Đông trong Ngày Nhiều Mây, Hà Nội, Việt Nam | Hà Nội #61",
Hanoi,,21.0283334,105.854041,UWx0hew9fy4,https://www.youtube.com/watch?v=UWx0hew9fy4,1391,7214,0,0,UCJ5VsdQsIlsxNRpnZNFxa0w,"[4K] Lái Xe Quanh Quận Tây Hồ, Hà Đông trong Ngày Nhiều Mây, Hà Nội, Việt Nam | Hà Nội #61",
Hanoi,,21.0283334,105.854041,ATFOKdYynKM,https://www.youtube.com/watch?v=ATFOKdYynKM,215,5128,1,0,UCJ5VsdQsIlsxNRpnZNFxa0w,"[4K] Lượn Quanh Hà Nội trong Ngày Mưa Giông Cực Thư Giãn, Việt Nam | Hà Nội #60",rain;night(label)
Hanoi,,21.0283334,105.854041,_MmfLdifYns,https://www.youtube.com/watch?v=_MmfLdifYns,215,4535,0,0,UCJ5VsdQsIlsxNRpnZNFxa0w,"[4K] Khám Phá Quận Mỹ Đình, Quận Cầu Giấy Hà Nội Trong Ngày Giông Bão | Hà Nội #59",rain
Hanoi,,21.0283334,105.854041,aaGTJgc3blg,https://www.youtube.com/watch?v=aaGTJgc3blg,220,4293,0,0,UCJ5VsdQsIlsxNRpnZNFxa0w,"[4K] Khám Phá Đường Phan Đình Phùng Tràn Ngập Cây Xanh trong Ngày Nắng Đẹp, Hà Nội | Hà Nội #58",rain
Hanoi,,21.0283334,105.854041,f4cNePoIwbQ,https://www.youtube.com/watch?v=f4cNePoIwbQ,220,4894,0,0,UCJ5VsdQsIlsxNRpnZNFxa0w,"[4K] Khám Phá Phố Cổ Hà Nội, Quận Ba Đình Hà Nội trong Một Ngày Mưa và Nắng Đẹp | Hà Nội #57",rain
Hanoi,,21.0283334,105.854041,uG33qSHw3Zg,https://www.youtube.com/watch?v=uG33qSHw3Zg,180,8481,1,0,UCJ5VsdQsIlsxNRpnZNFxa0w,"[4K] Toàn Cảnh Vành Đai 3, Vành Đai 2, Cầu Nhật Tân, Cầu Đông Trù Trong Đêm Thật Đẹp | Hà Nội #56",night
Hanoi,,21.0283334,105.854041,i-65fpZyrwg,https://www.youtube.com/watch?v=i-65fpZyrwg,185,5846,0,0,UCJ5VsdQsIlsxNRpnZNFxa0w,"[4K] Khám Phá Đường Phố Hà Nội trong Ngày Nhiều Mây, Khu Đô Thị Starlake, Vành Đai 2 | Hà Nội #55",
Hanoi,,21.0283334,105.854041,Ys2BDcHfbWo,https://www.youtube.com/watch?v=Ys2BDcHfbWo,185,3212,0,0,UCJ5VsdQsIlsxNRpnZNFxa0w,[4K] Lái Xe Khám Phá Khu Đô Thị Park City Hà Đông trong Một Ngày Nắng Đẹp Tuyệt Vời | Hà Nội #54,
Hanoi,,21.0283334,105.854041,TgbtWyS30A4,https://www.youtube.com/watch?v=TgbtWyS30A4,185,8427,1,0,UCJ5VsdQsIlsxNRpnZNFxa0w,"[4K] Lái Xe Khám Phá Đường Phố Hà Nội, thật Lung Linh và Thư Giãn Trong Đêm, Việt Nam | Hà Nội #52",night
Hanoi,,21.0283334,105.854041,m_U6gavfH9o,https://www.youtube.com/watch?v=m_U6gavfH9o,1460,6889,0,0,UCJ5VsdQsIlsxNRpnZNFxa0w,"[4K] Lái Xe Quanh Hà Nội trong ngày Lễ Thống Nhất Đất Nước, Bầu Trời Siêu Tuyệt Vời | Hà Nội #53",
Hanoi,,21.0283334,105.854041,MAa2sRQ0gOQ,https://www.youtube.com/watch?v=MAa2sRQ0gOQ,185,4601,0,0,UCJ5VsdQsIlsxNRpnZNFxa0w,"[4K] Lái Xe Lượn Qua Quận Hà Đông, Quận Nam Từ Liêm trong Hoàng Hôn Đẹp Nên Thơ | Hà Nội #51",
Hanoi,,21.0283334,105.854041,QBqXV7xh-Wc,https://www.youtube.com/watch?v=QBqXV7xh-Wc,215,6104,1,0,UCJ5VsdQsIlsxNRpnZNFxa0w,"[4K] Lượn Quanh Hà Nội trong Buổi Tối Thật Thư Giãn, Khu Linh Đàm, Starlake | Hà Nội #50",night
Hanoi,,21.0283334,105.854041,uwNmZcRl1gs,https://www.youtube.com/watch?v=uwNmZcRl1gs,215,5212,0,0,UCJ5VsdQsIlsxNRpnZNFxa0w,[4K] Lượn Quanh Các Đường Vành Đai 2 3 Hà Nội Trong Buổi Chiều Hoàng Hôn Đẹp Tuyệt Vời | Hà Nội #49,
Hanoi,,21.0283334,105.854041,jzOqbHdr82U,https://www.youtube.com/watch?v=jzOqbHdr82U,215,4715,0,0,UCJ5VsdQsIlsxNRpnZNFxa0w,[4K] Toàn Cảnh Những Tuyến Phố Hà Nội Trong Ngày Thời Tiết Siêu Mát Mẻ | Hà Nội #48,
Hanoi,,21.0283334,105.854041,MSmGYC28ibQ,https://www.youtube.com/watch?v=MSmGYC28ibQ,215,4391,0,0,UCJ5VsdQsIlsxNRpnZNFxa0w,"[4K] Lái Xe Qua Khu Season Avenue Hà Đông phủ cây Xanh Ngát, Hầm Chui Lê Văn Lương | Hà Nội #47",
Hanoi,,21.0283334,105.854041,MSmGYC28ibQ,https://www.youtube.com/watch?v=MSmGYC28ibQ,4395,7689,1,0,UCJ5VsdQsIlsxNRpnZNFxa0w,"[4K] Lái Xe Qua Khu Season Avenue Hà Đông phủ cây Xanh Ngát, Hầm Chui Lê Văn Lương | Hà Nội #47",night(label)
Hanoi,,21.0283334,105.854041,Awd_fkREFBY,https://www.youtube.com/watch?v=Awd_fkREFBY,215,5423,0,0,UCJ5VsdQsIlsxNRpnZNFxa0w,"[4K] Lái Xe Quanh Hà Nội, khu Mỹ Đình, Đường Đua F1, Hầm Chui Trung Hòa Xanh Mướt | Hà Nội #46",
Hanoi,,21.0283334,105.854041,YvUVuBshb7I,https://www.youtube.com/watch?v=YvUVuBshb7I,210,1950,0,0,UCJ5VsdQsIlsxNRpnZNFxa0w,"[4K] An Afternoon Drive in a Cloudy Day, Through Ho Chu Tich Mausoleum, Hanoi, Vietnam | Hanoi #45",
Hanoi,,21.0283334,105.854041,YvUVuBshb7I,https://www.youtube.com/watch?v=YvUVuBshb7I,1951,6806,1,0,UCJ5VsdQsIlsxNRpnZNFxa0w,"[4K] An Afternoon Drive in a Cloudy Day, Through Ho Chu Tich Mausoleum, Hanoi, Vietnam | Hanoi #45",night(label)
Hanoi,,21.0283334,105.854041,LXSXm1E1Q6k,https://www.youtube.com/watch?v=LXSXm1E1Q6k,215,6027,1,0,UCJ5VsdQsIlsxNRpnZNFxa0w,"[4K] Driving to Starlake City, The Night in Hanoi is so Chill and Relaxing, Vietnam | Hanoi #44",night
Hanoi,,21.0283334,105.854041,fRJQQ9WZEzY,https://www.youtube.com/watch?v=fRJQQ9WZEzY,215,6529,1,0,UCJ5VsdQsIlsxNRpnZNFxa0w,"[4K] Driving in the Rainy Day, Through West Lake, Ring Road 02, Hanoi Old Quarter Street | Hanoi #43",rain;night(label)
Hanoi,,21.0283334,105.854041,3Mwemw_nc5I,https://www.youtube.com/watch?v=3Mwemw_nc5I,215,7539,0,0,UCJ5VsdQsIlsxNRpnZNFxa0w,"[4K] Lượn Quanh Hà Nội trong Mùa Thay Lá, Cây Cối Đẹp Nên Thơ Tuyệt Vời | Tour Lượn Hà Nội #42",
Hanoi,,21.0283334,105.854041,TV6Dt7SIsq8,https://www.youtube.com/watch?v=TV6Dt7SIsq8,190,7213,1,0,UCJ5VsdQsIlsxNRpnZNFxa0w,[4K] HB Driving Playlist #1 | Nhạc Acoustic | Cùng Chill & Ngắm Hà Nội Lung Linh Trong Đêm,night
Hanoi,,21.0283334,105.854041,UWnVuHrF6uA,https://www.youtube.com/watch?v=UWnVuHrF6uA,215,6333,0,0,UCJ5VsdQsIlsxNRpnZNFxa0w,"[4K] Toàn Cảnh Tuyến Đường qua Khu Đô Thị Vinhomes Riverside, Sang Trọng và Tráng Lệ | Hà Nội #41",
Hanoi,,21.0283334,105.854041,2_8ONoMVoDk,https://www.youtube.com/watch?v=2_8ONoMVoDk,190,7207,0,0,UCJ5VsdQsIlsxNRpnZNFxa0w,"[4K] Lượn Quanh Hà Nội, Những Cây Cổ Thụ Xanh Mướt Trên Phố Cổ Thật Đẹp, Việt Nam | Lượn Hà Nội #40",
Hanoi,,21.0283334,105.854041,36Gh4cT9C5c,https://www.youtube.com/watch?v=36Gh4cT9C5c,190,3062,0,0,UCJ5VsdQsIlsxNRpnZNFxa0w,"[4K] Driving Around Hanoi in a Beautiful Sunny Day, Hanoi, Vietnam | Hanoi Driving Tour #39",
Hanoi,,21.0283334,105.854041,exITbi2_r14,https://www.youtube.com/watch?v=exITbi2_r14,190,6287,0,0,UCJ5VsdQsIlsxNRpnZNFxa0w,"[4K] Driving Around Hanoi Old Quarter Street in A Rainy Day, Ciputra Hanoi, Vietnam | Hanoi #38",rain
Hanoi,,21.0283334,105.854041,ar6b04GSTZ0,https://www.youtube.com/watch?v=ar6b04GSTZ0,195,6385,0,0,UCJ5VsdQsIlsxNRpnZNFxa0w,"[4K] Lượn Quanh Phố Cổ Hà Nội 30 Tết Quý Mão, Hà Nội thật Bình Yên, Hoàng Hôn Tuyệt Vời | Hà Nội #37",tet/holiday
Hanoi,,21.0283334,105.854041,66tjXYW_L84,https://www.youtube.com/watch?v=66tjXYW_L84,220,7224,1,0,UCJ5VsdQsIlsxNRpnZNFxa0w,"[4K] Lái Xe Lượn Quanh các Đường Vành Đai Hà Nội, Hà Nội thật Lung Linh Trong Đêm | Hà Nội #36",night
Hanoi,,21.0283334,105.854041,Msx_n9KtscE,https://www.youtube.com/watch?v=Msx_n9KtscE,215,1742,0,0,UCJ5VsdQsIlsxNRpnZNFxa0w,"[4K] Săn Hoàng Hôn Hà Nội trong Giờ Cao Điểm, Hà Nội thật Đông Vui Tấp Nập | Tour Lượn Hà Nội #35",rush/jam
Hanoi,,21.0283334,105.854041,Msx_n9KtscE,https://www.youtube.com/watch?v=Msx_n9KtscE,1743,5389,1,0,UCJ5VsdQsIlsxNRpnZNFxa0w,"[4K] Săn Hoàng Hôn Hà Nội trong Giờ Cao Điểm, Hà Nội thật Đông Vui Tấp Nập | Tour Lượn Hà Nội #35",rush/jam;night(label)
Hanoi,,21.0283334,105.854041,N6-J31jAyzo,https://www.youtube.com/watch?v=N6-J31jAyzo,1040,6084,0,0,UCJ5VsdQsIlsxNRpnZNFxa0w,"[4K] Driving to Vinhomes Ocean Park in a Beautiful Sunset Afternoon, Hanoi, Vietnam | Hanoi #34",
Hanoi,,21.0283334,105.854041,ligROCG8r-o,https://www.youtube.com/watch?v=ligROCG8r-o,185,5000,0,0,UCJ5VsdQsIlsxNRpnZNFxa0w,"[4K] Driving Around Hanoi in Perfect Sunset, Through Park City is so Bling, Vietnam | Hanoi #33",
Hanoi,,21.0283334,105.854041,ligROCG8r-o,https://www.youtube.com/watch?v=ligROCG8r-o,5001,6930,1,0,UCJ5VsdQsIlsxNRpnZNFxa0w,"[4K] Driving Around Hanoi in Perfect Sunset, Through Park City is so Bling, Vietnam | Hanoi #33",night(label)
Hanoi,,21.0283334,105.854041,hS11d0R4f0Y,https://www.youtube.com/watch?v=hS11d0R4f0Y,185,4779,0,0,UCJ5VsdQsIlsxNRpnZNFxa0w,"[4K] A Morning Drive Around West Lake in Hanoi, Through Phu Tay Ho, Vietnam | Hanoi Driving Tour #32",
Hanoi,,21.0283334,105.854041,iqE0mme9xXU,https://www.youtube.com/watch?v=iqE0mme9xXU,185,8568,1,0,UCJ5VsdQsIlsxNRpnZNFxa0w,"[4K] Lái Xe Lượn Qua Vành Đai 2, Hà Nội thật Lung Linh Huyền Ảo trong Đêm | Lượn Hà Nội #31",night
Hanoi,,21.0283334,105.854041,f2smwsCmHdY,https://www.youtube.com/watch?v=f2smwsCmHdY,185,3455,0,0,UCJ5VsdQsIlsxNRpnZNFxa0w,[4K] Lái Xe Qua Đường Láng Xanh Ngát trong ngày Nắng Mùng 4 Tết Quý Mão | Tour Lượn Hà Nội #30,tet/holiday
Hanoi,,21.0283334,105.854041,f2smwsCmHdY,https://www.youtube.com/watch?v=f2smwsCmHdY,3456,6012,1,0,UCJ5VsdQsIlsxNRpnZNFxa0w,[4K] Lái Xe Qua Đường Láng Xanh Ngát trong ngày Nắng Mùng 4 Tết Quý Mão | Tour Lượn Hà Nội #30,tet/holiday;night(label)
Hanoi,,21.0283334,105.854041,-QAZT49_IzM,https://www.youtube.com/watch?v=-QAZT49_IzM,185,9900,1,0,UCJ5VsdQsIlsxNRpnZNFxa0w,"[4K] Lái Xe Lượn Qua Lăng Bác, Phố Cổ Hà Nội, Hồ Gươm trong Mùng 3 Tết Quý Mão | Lượn Hà Nội #29",tet/holiday;night(label)
Hanoi,,21.0283334,105.854041,qZCItKVWI-g,https://www.youtube.com/watch?v=qZCItKVWI-g,180,5753,0,0,UCJ5VsdQsIlsxNRpnZNFxa0w,[4K] Lái Xe Quanh Phố Cổ Hà Nội tràn đầy Không Khí Tết Chiều 30 Tết Quý Mão | Tour Lượn Hà Nội #28,tet/holiday
Hanoi,,21.0283334,105.854041,mmLe_lpl9aY,https://www.youtube.com/watch?v=mmLe_lpl9aY,125,4633,1,0,UCJ5VsdQsIlsxNRpnZNFxa0w,[4K] Driving Around Hoan Kiem Lake and Hanoi Old Quarter Street in Winter Night | Hanoi Driving #27,night
Hanoi,,21.0283334,105.854041,lPfZARwGTgE,https://www.youtube.com/watch?v=lPfZARwGTgE,1000,7015,0,0,UCJ5VsdQsIlsxNRpnZNFxa0w,"[4K] Driving Around Hanoi in a Cloudy Day, Weather is so perfect, Vietnam | Hanoi Driving Tour #26",
Hanoi,,21.0283334,105.854041,F85hgHjCCeA,https://www.youtube.com/watch?v=F85hgHjCCeA,105,6288,1,0,UCJ5VsdQsIlsxNRpnZNFxa0w,"[4K] A Night Drive, Marvelous Led Light in Ring Road 02 of Hanoi, Vietnam | Hanoi Driving Tour #25",night
Hanoi,,21.0283334,105.854041,otC21vSlRXY,https://www.youtube.com/watch?v=otC21vSlRXY,100,3972,1,0,UCJ5VsdQsIlsxNRpnZNFxa0w,[4K] Toàn Cảnh Tuyến Cầu Thăng Long đi Sân Bay Nội Bài Cực Lung Linh Trong Đêm | Lượn Hà Nội #24,night
Hanoi,,21.0283334,105.854041,jA-wAgWxKQY,https://www.youtube.com/watch?v=jA-wAgWxKQY,100,4433,1,0,UCJ5VsdQsIlsxNRpnZNFxa0w,"[4K] Lái Xe Lượn quanh Hà Nội buổi đêm mùa đông, Hà Nội Lấp Lánh Cực Chill | Tour Lượn Hà Nội #23",night
Hanoi,,21.0283334,105.854041,5pme0WPFwhE,https://www.youtube.com/watch?v=5pme0WPFwhE,100,1907,0,0,UCJ5VsdQsIlsxNRpnZNFxa0w,"[4K] Driving Around Hanoi Old Quarter in the First Day of Lunar New Year 2023, Vietnam | Hanoi #22",tet/holiday
Hanoi,,21.0283334,105.854041,5pme0WPFwhE,https://www.youtube.com/watch?v=5pme0WPFwhE,1908,5643,0,0,UCJ5VsdQsIlsxNRpnZNFxa0w,"[4K] Driving Around Hanoi Old Quarter in the First Day of Lunar New Year 2023, Vietnam | Hanoi #22",tet/holiday
Hanoi,,21.0283334,105.854041,2jXEgfKIfis,https://www.youtube.com/watch?v=2jXEgfKIfis,100,1945,0,0,UCJ5VsdQsIlsxNRpnZNFxa0w,"[4K] Lượn quanh Hà Nội trong chiều hoàng hôn đẹp tuyệt vời, Park City Hà Đông | Tour Lượn Hà Nội #21",
Hanoi,,21.0283334,105.854041,2jXEgfKIfis,https://www.youtube.com/watch?v=2jXEgfKIfis,1946,5593,1,0,UCJ5VsdQsIlsxNRpnZNFxa0w,"[4K] Lượn quanh Hà Nội trong chiều hoàng hôn đẹp tuyệt vời, Park City Hà Đông | Tour Lượn Hà Nội #21",night(label)
Hanoi,,21.0283334,105.854041,Df26sxym-vk,https://www.youtube.com/watch?v=Df26sxym-vk,95,8212,1,0,UCJ5VsdQsIlsxNRpnZNFxa0w,"[4K] Lượn quanh phố phường Hà Nội xuyên qua cầu Nhật Tân, Cầu Thăng Long | Tour Lượn Hà Nội #20",night(label)
Hanoi,,21.0283334,105.854041,TADdcys82tY,https://www.youtube.com/watch?v=TADdcys82tY,92,6132,1,0,UCJ5VsdQsIlsxNRpnZNFxa0w,[4K] Khám Phá Tuyến Đường đi lên Sân Bay Quốc Tế Nội Bài Cực Lung Linh trong Đêm | Lượn Hà Nội #19,night
Hanoi,,21.0283334,105.854041,cwujwM6prTk,https://www.youtube.com/watch?v=cwujwM6prTk,125,8155,0,0,UCJ5VsdQsIlsxNRpnZNFxa0w,[4K] Lượn quanh ngắm nhìn quang cảnh phố cổ Hà Nội trong ngày nắng tuyệt đẹp | Tour Lượn Hà Nội #18,
Hanoi,,21.0283334,105.854041,Kf9UGK8SvUQ,https://www.youtube.com/watch?v=Kf9UGK8SvUQ,120,7896,1,0,UCJ5VsdQsIlsxNRpnZNFxa0w,[4K] Toàn Cảnh Tuyến Đường lái xe đến khu đô thị Vinhomes Ocean Park | Tour Lượn Hà Nội #17,night(label)
Hanoi,,21.0283334,105.854041,AHhVRif02jM,https://www.youtube.com/watch?v=AHhVRif02jM,120,6711,0,0,UCJ5VsdQsIlsxNRpnZNFxa0w,"[4K] Lái Xe Lượn Quanh Hà Nội trong mùng 1 Tết Dương Lịch, Hoàng Hôn Hồ Tây | Tour Lượn Hà Nội #16",tet/holiday
Hanoi,,21.0283334,105.854041,V-7EKg5VS98,https://www.youtube.com/watch?v=V-7EKg5VS98,80,3236,0,0,UCJ5VsdQsIlsxNRpnZNFxa0w,"[4K] Driving Around Ho Guom, Hanoi Old Quarter in Rush Hour, Vietnam | Hanoi Driving Tour #14",rush/jam
Hanoi,,21.0283334,105.854041,V-7EKg5VS98,https://www.youtube.com/watch?v=V-7EKg5VS98,3237,4275,0,0,UCJ5VsdQsIlsxNRpnZNFxa0w,"[4K] Driving Around Ho Guom, Hanoi Old Quarter in Rush Hour, Vietnam | Hanoi Driving Tour #14",rush/jam
Hanoi,,21.0283334,105.854041,V-7EKg5VS98,https://www.youtube.com/watch?v=V-7EKg5VS98,4276,6880,1,0,UCJ5VsdQsIlsxNRpnZNFxa0w,"[4K] Driving Around Ho Guom, Hanoi Old Quarter in Rush Hour, Vietnam | Hanoi Driving Tour #14",rush/jam;night(label)
Hanoi,,21.0283334,105.854041,JzCklJSRkGQ,https://www.youtube.com/watch?v=JzCklJSRkGQ,80,5125,0,0,UCJ5VsdQsIlsxNRpnZNFxa0w,"[4K] Driving Through Thang Long Brigde in Sunset, Ring Road 03, Vietnam | Hanoi Driving Tour #13",
Hanoi,,21.0283334,105.854041,0YYODj9phmA,https://www.youtube.com/watch?v=0YYODj9phmA,90,6981,1,0,UCJ5VsdQsIlsxNRpnZNFxa0w,"[4K] A Winter Night Drive, Around Hanoi Old Quarter Near Christmas, Vietnam | Hanoi Driving Tour #12",night;tet/holiday
Hanoi,,21.0283334,105.854041,IGTquVrYuIY,https://www.youtube.com/watch?v=IGTquVrYuIY,90,6351,0,0,UCJ5VsdQsIlsxNRpnZNFxa0w,"[4K] Driving Around Hanoi in Autumn Day, Through Trung Hoa Tunnel, Vietnam | Hanoi Driving Tour #11",
Hanoi,,21.0283334,105.854041,oHgNpuHdXrM,https://www.youtube.com/watch?v=oHgNpuHdXrM,90,5203,0,0,UCJ5VsdQsIlsxNRpnZNFxa0w,"[4K] Ho Chi Minh Mausoleum, Around West Lake in a Sunny Day, Hanoi, Vietnam | Hanoi Driving Tour #10",
Hanoi,,21.0283334,105.854041,CplT9V39SZY,https://www.youtube.com/watch?v=CplT9V39SZY,90,6179,0,0,UCJ5VsdQsIlsxNRpnZNFxa0w,"[4K] A Sunny Day, Through Times City, Vinh Tuy Bridge in Hanoi, Vietnam | Hanoi Driving Tour #9",
Hanoi,,21.0283334,105.854041,LbV9D_8cj8I,https://www.youtube.com/watch?v=LbV9D_8cj8I,80,3330,0,0,UCJ5VsdQsIlsxNRpnZNFxa0w,"[4K] A Perfect Sunset Drive, Magnificent Sky in Hanoi, Vietnam | Hanoi Driving Tour #8",
Hanoi,,21.0283334,105.854041,LbV9D_8cj8I,https://www.youtube.com/watch?v=LbV9D_8cj8I,3331,6385,1,0,UCJ5VsdQsIlsxNRpnZNFxa0w,"[4K] A Perfect Sunset Drive, Magnificent Sky in Hanoi, Vietnam | Hanoi Driving Tour #8",night(label)
Hanoi,,21.0283334,105.854041,TLow6tJe3M4,https://www.youtube.com/watch?v=TLow6tJe3M4,80,4828,0,0,UCJ5VsdQsIlsxNRpnZNFxa0w,"[4K] An Autumn Morning Drive, Around Hanoi Old Quarter, Hanoi, Vietnam | Hanoi Driving Tour #7",
Hanoi,,21.0283334,105.854041,Jhgwos5TVJU,https://www.youtube.com/watch?v=Jhgwos5TVJU,83,6591,1,0,UCJ5VsdQsIlsxNRpnZNFxa0w,"[4K] An Evening Drive, Chilling Night, Ring Road No 3 of Hanoi, Vietnam | Hanoi Driving Tour #6",night
Hanoi,,21.0283334,105.854041,A9C1jCCa10U,https://www.youtube.com/watch?v=A9C1jCCa10U,85,5467,0,0,UCJ5VsdQsIlsxNRpnZNFxa0w,"[4K] Beautiful Moon in Sunset, A Chilling Afternoon in Hanoi, Vietnam | Hanoi Driving Tour #5",
Hanoi,,21.0283334,105.854041,A9C1jCCa10U,https://www.youtube.com/watch?v=A9C1jCCa10U,5468,7548,1,0,UCJ5VsdQsIlsxNRpnZNFxa0w,"[4K] Beautiful Moon in Sunset, A Chilling Afternoon in Hanoi, Vietnam | Hanoi Driving Tour #5",night(label)
Hanoi,,21.0283334,105.854041,4my8miUcCW0,https://www.youtube.com/watch?v=4my8miUcCW0,85,7498,1,0,UCJ5VsdQsIlsxNRpnZNFxa0w,"[4K] Driving Through Nhat Tan Bridge, Star Lake at Night, Hanoi, Vietnam | Hanoi Driving Tour #4",night
Hanoi,,21.0283334,105.854041,byy8EubmTEY,https://www.youtube.com/watch?v=byy8EubmTEY,75,7374,1,0,UCJ5VsdQsIlsxNRpnZNFxa0w,"[4K] A Windy Drive, Modern City Light at Night in Hanoi, Vietnam | Hanoi Driving Tour #3",night
Hanoi,,21.0283334,105.854041,QRFiSS4xH9o,https://www.youtube.com/watch?v=QRFiSS4xH9o,80,6273,0,0,UCJ5VsdQsIlsxNRpnZNFxa0w,"[4K] Sunset Catcher Driving, My Dinh Stadium, Hanoi, Vietnam | Hanoi Driving Tour #2",
Hanoi,,21.0283334,105.854041,5ZmBcTIr5o4,https://www.youtube.com/watch?v=5ZmBcTIr5o4,80,7585,1,0,UCJ5VsdQsIlsxNRpnZNFxa0w,"[4K] An Autumn Night Drive, Driving Around West Lake, Hanoi, Vietnam | Hanoi Driving Tour #1",night
Hanoi,,21.0283334,105.854041,SH4zDPpjIbo,https://www.youtube.com/watch?v=SH4zDPpjIbo,530,2625,0,0,UCJgifjFqUCenQGrJc-k6-GQ,Driving in Hanoi 4k60 | Long Bien - Cau Giay - Hoan Kiem | Vietnam,
Hanoi,,21.0283334,105.854041,Aq9weveNZac,https://www.youtube.com/watch?v=Aq9weveNZac,570,2840,0,0,UCJgifjFqUCenQGrJc-k6-GQ,Driving in Hanoi 4k | Hung Yen - West Lake - Nhat Tan Bridge | Vietnam,
Hanoi,,21.0283334,105.854041,MDmnBswg3tI,https://www.youtube.com/watch?v=MDmnBswg3tI,10,1874,0,0,UCJgifjFqUCenQGrJc-k6-GQ,Driving in Hanoi 4k | Mai Dich - 3rd Ring Roads - Highway 5 | Vietnam,highway
Hanoi,,21.0283334,105.854041,6LTVUDiu-cI,https://www.youtube.com/watch?v=6LTVUDiu-cI,10,2435,0,0,UCJgifjFqUCenQGrJc-k6-GQ,Driving in Hanoi 4k | Long Bien - West Lake - Cau Dien | Vietnam,
Hanoi,,21.0283334,105.854041,4tyGMnQuatg,https://www.youtube.com/watch?v=4tyGMnQuatg,0,3438,1,0,UCJ4inhth_-ILMT-fdr2qPGw,"Drive After  Busy Day - Ha noi Night Drive - 20:00 From Nguyen Trai, West Lake, Lotte Mark Tower",night
Hanoi,,21.0283334,105.854041,PTFTGsXbYEk,https://www.youtube.com/watch?v=PTFTGsXbYEk,0,1786,0,0,UCJ4inhth_-ILMT-fdr2qPGw,Rainy Drive in Hanoi | 4K HDR | Serene Streets & City Lights,rain
Hanoi,,21.0283334,105.854041,98-O316zWYk,https://www.youtube.com/watch?v=98-O316zWYk,30,2145,0,0,UCJ4inhth_-ILMT-fdr2qPGw,Driving Tour: Morning Traffic Jam on Ring Road 3 Heading to the Airport,rush/jam
Hanoi,,21.0283334,105.854041,KXksIp5Yww0,https://www.youtube.com/watch?v=KXksIp5Yww0,0,1252,0,0,UCJ4inhth_-ILMT-fdr2qPGw,Saturday Drive to My Dinh Stadium Reveals HANOI'S Worst Fog,fog
Hanoi,,21.0283334,105.854041,hMz4ffLlqQg,https://www.youtube.com/watch?v=hMz4ffLlqQg,0,1781,1,0,UCJ4inhth_-ILMT-fdr2qPGw,Rush Hour vs Evening Traffic Which is WORSE in Hanoi,night;rush/jam
Hanoi,,21.0283334,105.854041,nQOHcgUpwRw,https://www.youtube.com/watch?v=nQOHcgUpwRw,0,2915,0,0,UCJ4inhth_-ILMT-fdr2qPGw,"Driving Hanoi on Saturday: A Cold and Humid Day (26°C, 94% Humidity)",
Hanoi,,21.0283334,105.854041,l_QoWaOdtk4,https://www.youtube.com/watch?v=l_QoWaOdtk4,0,960,0,0,UCJ4inhth_-ILMT-fdr2qPGw,Driving from Hanoi to Hai Duong | Elevated Ring Road 2 | Expressway | Vietnam Driving Tour 4K HDR,highway
Hanoi,,21.0283334,105.854041,9K5gEIcc1iw,https://www.youtube.com/watch?v=9K5gEIcc1iw,0,1620,0,0,UCy2xtpM1jw01CYigIij1XuQ,VINHOMES SMART CITY to HANOI City Center [1 hour 10 mins Driving Around] REAL SOUND | Street ASMR,
Hanoi,,21.0283334,105.854041,9K5gEIcc1iw,https://www.youtube.com/watch?v=9K5gEIcc1iw,1621,4239,1,0,UCy2xtpM1jw01CYigIij1XuQ,VINHOMES SMART CITY to HANOI City Center [1 hour 10 mins Driving Around] REAL SOUND | Street ASMR,night(label)
Hanoi,,21.0283334,105.854041,HyxGAs-z4FU,https://www.youtube.com/watch?v=HyxGAs-z4FU,0,946,0,0,UCtnjEwbpn5pGkBNCNMXiLvg,Sunny Day Driving In Hanoi - The Old Quater,
Hanoi,,21.0283334,105.854041,HyxGAs-z4FU,https://www.youtube.com/watch?v=HyxGAs-z4FU,947,2241,0,0,UCtnjEwbpn5pGkBNCNMXiLvg,Sunny Day Driving In Hanoi - The Old Quater,
Hanoi,,21.0283334,105.854041,HyxGAs-z4FU,https://www.youtube.com/watch?v=HyxGAs-z4FU,2242,3116,0,0,UCtnjEwbpn5pGkBNCNMXiLvg,Sunny Day Driving In Hanoi - The Old Quater,
Hanoi,,21.0283334,105.854041,TaoI4VSLy7Q,https://www.youtube.com/watch?v=TaoI4VSLy7Q,0,824,0,0,UCtnjEwbpn5pGkBNCNMXiLvg,POV - Xuân Mai Complex đến KĐT Văn Khê,
Hanoi,,21.0283334,105.854041,sbCgtwhSb7I,https://www.youtube.com/watch?v=sbCgtwhSb7I,0,1765,1,0,UCtnjEwbpn5pGkBNCNMXiLvg,Hanoi Blue Night POV Driving,night
Hanoi,,21.0283334,105.854041,LIu_O26DOTE,https://www.youtube.com/watch?v=LIu_O26DOTE,0,620,1,0,UCtnjEwbpn5pGkBNCNMXiLvg,Hà Nội POV Driving - VOV Mễ Trì - Mỗ Lao,night(label)
Hanoi,,21.0283334,105.854041,Xp5YGeys1hg,https://www.youtube.com/watch?v=Xp5YGeys1hg,0,4860,0,0,UCtnjEwbpn5pGkBNCNMXiLvg,0615,
Hanoi,,21.0283334,105.854041,OS8Tbg0eS7s,https://www.youtube.com/watch?v=OS8Tbg0eS7s,0,1934,1,0,UCYC64qfHHC5Aj84ouBpigIw,Driving around Hanoi | Part 6 | Hanoi | Vietnam 🇻🇳,night(label)
Hanoi,,21.0283334,105.854041,UAxiQ6bsIdk,https://www.youtube.com/watch?v=UAxiQ6bsIdk,0,1913,0,0,UCYC64qfHHC5Aj84ouBpigIw,Driving around Hanoi | Part 1 | Hanoi | Vietnam 🇻🇳,
Hanoi,,21.0283334,105.854041,onssoQKLUwM,https://www.youtube.com/watch?v=onssoQKLUwM,0,2661,0,0,UCYC64qfHHC5Aj84ouBpigIw,Driving around Hanoi | Part 4 | Hanoi | Vietnam 🇻🇳,
Hanoi,,21.0283334,105.854041,-jshgRPImv8,https://www.youtube.com/watch?v=-jshgRPImv8,0,1065,0,0,UCYC64qfHHC5Aj84ouBpigIw,Driving around Hanoi | Part 5 | Hanoi | Vietnam 🇻🇳,
Hanoi,,21.0283334,105.854041,qhe3S25EQ0c,https://www.youtube.com/watch?v=qhe3S25EQ0c,0,431,0,0,UCYC64qfHHC5Aj84ouBpigIw,Driving around Hanoi | Part 3 | Hanoi | Vietnam 🇻🇳,
Hanoi,,21.0283334,105.854041,cZgXa_vx6JQ,https://www.youtube.com/watch?v=cZgXa_vx6JQ,0,354,1,0,UCYC64qfHHC5Aj84ouBpigIw,Driving around Hanoi | Part 2 | Hanoi | Vietnam 🇻🇳,night(label)
Hanoi,,21.0283334,105.854041,0sk0libyxI8,https://www.youtube.com/watch?v=0sk0libyxI8,0,334,0,0,UCYC64qfHHC5Aj84ouBpigIw,Driving from Hanoi to Tam Chuc Pagoda | Vietnam 🇻🇳,
Hanoi,,21.0283334,105.854041,z0LytgJ12qA,https://www.youtube.com/watch?v=z0LytgJ12qA,0,335,1,0,UCYC64qfHHC5Aj84ouBpigIw,Driving to Noi Bai International Airport | Hanoi | Vietnam 🇻🇳,night(label)
Hanoi,,21.0283334,105.854041,82p0jWACP1A,https://www.youtube.com/watch?v=82p0jWACP1A,0,566,0,0,UCYC64qfHHC5Aj84ouBpigIw,Driving from Hanoi to Sóc Sơn | Vietnam 🇻🇳,
Hanoi,,21.0283334,105.854041,82p0jWACP1A,https://www.youtube.com/watch?v=82p0jWACP1A,3115,3823,0,0,UCYC64qfHHC5Aj84ouBpigIw,Driving from Hanoi to Sóc Sơn | Vietnam 🇻🇳,
Hanoi,,21.0283334,105.854041,2Qi78SDapjk,https://www.youtube.com/watch?v=2Qi78SDapjk,25,8938,0,0,UCy2xtpM1jw01CYigIij1XuQ,[REAL SOUND] Vinhomes Ocean Park x Ecopark City | 3 hours Driving NONSTOP | #HANOI #VIETNAM #DASHCAM,
Hanoi,,21.0283334,105.854041,2Qi78SDapjk,https://www.youtube.com/watch?v=2Qi78SDapjk,8939,9200,0,0,UCy2xtpM1jw01CYigIij1XuQ,[REAL SOUND] Vinhomes Ocean Park x Ecopark City | 3 hours Driving NONSTOP | #HANOI #VIETNAM #DASHCAM,
Hanoi,,21.0283334,105.854041,2Qi78SDapjk,https://www.youtube.com/watch?v=2Qi78SDapjk,9201,11759,1,0,UCy2xtpM1jw01CYigIij1XuQ,[REAL SOUND] Vinhomes Ocean Park x Ecopark City | 3 hours Driving NONSTOP | #HANOI #VIETNAM #DASHCAM,night(label)
Hanoi,,21.0283334,105.854041,T9ae1KzR-So,https://www.youtube.com/watch?v=T9ae1KzR-So,11,555,0,0,UCy2xtpM1jw01CYigIij1XuQ,100min Driving in 4K from Hanoi city Center to Got Ferry - Hai Phong | Cat Ba Island | Wide Angle,
Hanoi,,21.0283334,105.854041,DBRqqEiUtMU,https://www.youtube.com/watch?v=DBRqqEiUtMU,45,2040,0,0,UC2ArQ4xYbs4hg7UXthKU1wQ,Driving in downtown HANOI | 4K driving empire hanoitv hanoi 4k,
Hanoi,,21.0283334,105.854041,pxH04NMYHR8,https://www.youtube.com/watch?v=pxH04NMYHR8,0,1728,0,0,UCwx08GebSXNDIGErBrK6cfA,Drive from Nguyen Trai street to Ha Dong district | Vietnam travel,
Hanoi,,21.0283334,105.854041,gRSP2D7X6x0,https://www.youtube.com/watch?v=gRSP2D7X6x0,0,2955,0,0,UCwx08GebSXNDIGErBrK6cfA,Drive spring tour around Hanoi city | Vietnam travel,
Hanoi,,21.0283334,105.854041,gRSP2D7X6x0,https://www.youtube.com/watch?v=gRSP2D7X6x0,3150,4330,0,0,UCwx08GebSXNDIGErBrK6cfA,Drive spring tour around Hanoi city | Vietnam travel,
Hanoi,,21.0283334,105.854041,8qNffAF9RPY,https://www.youtube.com/watch?v=8qNffAF9RPY,0,2622,0,0,UCwx08GebSXNDIGErBrK6cfA,Driving from Hoan Kiem District to Thanh Xuan District | Vietnam travel,
Hanoi,,21.0283334,105.854041,Frzpoo2zM4A,https://www.youtube.com/watch?v=Frzpoo2zM4A,0,3009,0,0,UCwx08GebSXNDIGErBrK6cfA,Drive from thanhxuan district to Trangtien street | Vietnamtravel,
Hanoi,,21.0283334,105.854041,rvrgSn0cm4I,https://www.youtube.com/watch?v=rvrgSn0cm4I,0,1167,1,0,UCwx08GebSXNDIGErBrK6cfA,"Drive from Dong Mai Ward, Ha Dong District to Nguyen Trai Street | VIetnam travel",night(label)
Hanoi,,21.0283334,105.854041,UtDVVUX03_8,https://www.youtube.com/watch?v=UtDVVUX03_8,0,1700,0,0,UCwx08GebSXNDIGErBrK6cfA,drive around the edge of Hanoi | Vietnam travel,
Hanoi,,21.0283334,105.854041,4_pWmnrJ6ZU,https://www.youtube.com/watch?v=4_pWmnrJ6ZU,0,2670,0,0,UCwx08GebSXNDIGErBrK6cfA,Driving from thanhxuan district to DongGiang commune | Vietnamtravel,
Hanoi,,21.0283334,105.854041,zsSKev0iZqY,https://www.youtube.com/watch?v=zsSKev0iZqY,5,650,0,0,UCwx08GebSXNDIGErBrK6cfA,"Drive through the following roads: NguyenTuan, LeVanLuon, HuynhThucKhang. Hanoi city",
Hanoi,,21.0283334,105.854041,jJ455oxvaAA,https://www.youtube.com/watch?v=jJ455oxvaAA,0,3592,0,0,UCwx08GebSXNDIGErBrK6cfA,Driving car to watch the peaceful scenes of last day of lunar year | Vietnamtravel,
Hanoi,,21.0283334,105.854041,sjLB1QvyzfE,https://www.youtube.com/watch?v=sjLB1QvyzfE,0,1712,0,0,UCwx08GebSXNDIGErBrK6cfA,Driving car on the last day of buffalo lunar year,
Hanoi,,21.0283334,105.854041,wM4QQ_7Kh18,https://www.youtube.com/watch?v=wM4QQ_7Kh18,10,1020,1,0,UCwx08GebSXNDIGErBrK6cfA,Drive from NguyenHong street to HaDong | 4K | Vietnamtravel,night(label)
Hanoi,,21.0283334,105.854041,JSPCLLLJhq8,https://www.youtube.com/watch?v=JSPCLLLJhq8,0,347,1,0,UCwx08GebSXNDIGErBrK6cfA,"4K | Drive from NguyenHong Street, DongDa District to ThanhXuan District, HaNoi City | Vietnamtravel",night(label)
Hanoi,,21.0283334,105.854041,JSPCLLLJhq8,https://www.youtube.com/watch?v=JSPCLLLJhq8,359,1928,1,0,UCwx08GebSXNDIGErBrK6cfA,"4K | Drive from NguyenHong Street, DongDa District to ThanhXuan District, HaNoi City | Vietnamtravel",night(label)
Hanoi,,21.0283334,105.854041,S6z3CJVerUI,https://www.youtube.com/watch?v=S6z3CJVerUI,0,2309,1,0,UCwx08GebSXNDIGErBrK6cfA,Drive from Nguyen Trai street to Time City urban area | Vietnam travel | 4K,night(label)
Hanoi,,21.0283334,105.854041,nH21lkR8c_w,https://www.youtube.com/watch?v=nH21lkR8c_w,15,446,0,0,UCwx08GebSXNDIGErBrK6cfA,"4K | Drive from Hanoi city to Chuathong street, Sontay town | vietnamtravel",
Hanoi,,21.0283334,105.854041,HksRRMzQvyU,https://www.youtube.com/watch?v=HksRRMzQvyU,0,2069,1,0,UCwx08GebSXNDIGErBrK6cfA,4K | Drive from NguyenTrai street to Lake Tay | Vietnamtravel,night(label)
Hanoi,,21.0283334,105.854041,1s0psg7xrtQ,https://www.youtube.com/watch?v=1s0psg7xrtQ,90,1340,0,0,UCwx08GebSXNDIGErBrK6cfA,4K | Drive from Hanoi city to SonTay province | vietnamtravel,
Hanoi,,21.0283334,105.854041,88wfLMt1mGE,https://www.youtube.com/watch?v=88wfLMt1mGE,1845,2740,0,0,UCwx08GebSXNDIGErBrK6cfA,"4K | Drive from Sontay town to Caugiay district, Hanoi city | vietnamtravel",
Hanoi,,21.0283334,105.854041,3HBEioIlY9s,https://www.youtube.com/watch?v=3HBEioIlY9s,90,1284,0,0,UCwx08GebSXNDIGErBrK6cfA,"4K | Drive through the following roads NguyenTrai, ThaiThinh, LangHa, HuynhThungKhang, NguyenHong",
Hanoi,,21.0283334,105.854041,fv1sczYZLkc,https://www.youtube.com/watch?v=fv1sczYZLkc,0,1038,0,0,UCwx08GebSXNDIGErBrK6cfA,"4K | Drive from caugiay district to thanxuan district, hanoi city | Vietnamtravel",
Hanoi,,21.0283334,105.854041,fv1sczYZLkc,https://www.youtube.com/watch?v=fv1sczYZLkc,1039,1473,1,0,UCwx08GebSXNDIGErBrK6cfA,"4K | Drive from caugiay district to thanxuan district, hanoi city | Vietnamtravel",night(label)
Hanoi,,21.0283334,105.854041,fxtL52ozgdY,https://www.youtube.com/watch?v=fxtL52ozgdY,0,2904,0,0,UCwx08GebSXNDIGErBrK6cfA,"Drive from Ecopark to TienPhong , Hanoi, Vietnam | Vietnam travel | 4K",
Hanoi,,21.0283334,105.854041,yqSKwxK_oRg,https://www.youtube.com/watch?v=yqSKwxK_oRg,0,1080,0,0,UCwx08GebSXNDIGErBrK6cfA,Driving from Hanoi city to Ecopark | Vietnamtravel | 4K,
Hanoi,,21.0283334,105.854041,YARV51VikSU,https://www.youtube.com/watch?v=YARV51VikSU,0,2629,0,0,UCrvhtelYY0JsCezIzMhdJjg,,
Hanoi,,21.0283334,105.854041,o-VfToybMRs,https://www.youtube.com/watch?v=o-VfToybMRs,0,1891,0,0,UCrvhtelYY0JsCezIzMhdJjg,,
Hanoi,,21.0283334,105.854041,o-VfToybMRs,https://www.youtube.com/watch?v=o-VfToybMRs,1892,2477,1,0,UCrvhtelYY0JsCezIzMhdJjg,,night(label)
Hanoi,,21.0283334,105.854041,hnVNISTFdz4,https://www.youtube.com/watch?v=hnVNISTFdz4,211,2258,0,0,UCrvhtelYY0JsCezIzMhdJjg,,
Hanoi,,21.0283334,105.854041,RamzMd5DleA,https://www.youtube.com/watch?v=RamzMd5DleA,7,1790,0,0,UCKAy8CzFYpekOHnK1-qjVPg,Drive in Hanoi - VSV,
Hanoi,,21.0283334,105.854041,oagghNRq2ZY,https://www.youtube.com/watch?v=oagghNRq2ZY,7,2920,0,0,UCo7SpKcFK4S3DANa9LMSR0A,"Driving from Xuan Mai, Chuong My, Ha Noi to Hoa Binh city",
Hanoi,,21.0283334,105.854041,bTkPAjkVgB0,https://www.youtube.com/watch?v=bTkPAjkVgB0,45,2165,0,0,UCo7SpKcFK4S3DANa9LMSR0A,"Driving from Bac Ninh to Chi Linh - October 19th, 2024",
Hanoi,,21.0283334,105.854041,0ZpSCJWZVAc,https://www.youtube.com/watch?v=0ZpSCJWZVAc,0,1860,0,3,UC5GbNmJoMbse2A23oJI667w,Traffic in Vietnam|| Nearly 20km from Nguyen Xien to Thang Long Bridge on a hot sunny day,
Hanoi,,21.0283334,105.854041,Z2-6PasUw3A,https://www.youtube.com/watch?v=Z2-6PasUw3A,0,2333,0,3,UCBBKed4Xg6xpJHJJQhs06lg,Drive around Old Quarter with relaxing music | Pariwisata वियतनाम पर्यटन | Music meditation & sleep,
Hanoi,,21.0283334,105.854041,T-UOxyDeb40,https://www.youtube.com/watch?v=T-UOxyDeb40,0,1323,0,3,UCBBKed4Xg6xpJHJJQhs06lg,Motorbiking in Hanoi on a sunny day | Driving Downtown वियतनाम पर्यटन | Driving 4K,
Hanoi,,21.0283334,105.854041,Kqc6cBzzVlc,https://www.youtube.com/watch?v=Kqc6cBzzVlc,0,1501,0,3,UCBBKed4Xg6xpJHJJQhs06lg,Driving Street Around Ho Chi Minh Mausoleum | Motorbiking Hanoi Old Quarter | Driving 4K,
Hanoi,,21.0283334,105.854041,FgCMhpYrbZY,https://www.youtube.com/watch?v=FgCMhpYrbZY,0,2806,0,3,UCBBKed4Xg6xpJHJJQhs06lg,[4K] Driving in Hanoi Old Quarter on a foggy day | Motorbike Vietnam | 베트남 관광 वियतनाम पर्यटन,fog
Hanoi,,21.0283334,105.854041,gi6PRY6bwvE,https://www.youtube.com/watch?v=gi6PRY6bwvE,0,1285,0,3,UCBBKed4Xg6xpJHJJQhs06lg,Lái Xe Dạo Phố Hà Nội #1 | Driving Downtown Hanoi | Daily Ride | Driving 4K,
Hanoi,,21.0283334,105.854041,1Czd9tBxAPI,https://www.youtube.com/watch?v=1Czd9tBxAPI,0,2451,1,3,UCBBKed4Xg6xpJHJJQhs06lg,[4K] Hanoi Night Drive | Motorbiking Vietnam | Pariwisata वियतनाम पर्यटन | Hà Nội đêm,night
Hanoi,,21.0283334,105.854041,Nmmun0McJt8,https://www.youtube.com/watch?v=Nmmun0McJt8,0,2394,0,3,UCBBKed4Xg6xpJHJJQhs06lg,West Lake - Best Place To Live In Hanoi | Motorbiking Vietnam | Turismo वियतनाम पर्यटन | Hồ Tây,
Hanoi,,21.0283334,105.854041,mqUZasaDAdk,https://www.youtube.com/watch?v=mqUZasaDAdk,5,1882,0,3,UCBBKed4Xg6xpJHJJQhs06lg,Drive Around The Alleys in Hanoi | Ngõ Hà Nội | Motorbiking Vietnam वियतनाम पर्यटन | Driving 4K,
Hanoi,,21.0283334,105.854041,6FrfrwMHYLI,https://www.youtube.com/watch?v=6FrfrwMHYLI,0,1260,0,0,UCjF-r-Yznk2Kx5PGv6hzuHQ,TAM ĐẢO xuất phát từ Hà Nội qua camera hành trình Xiaomi Yi 2k 1296p| HuskyPhan vlog,
Hanoi,,21.0283334,105.854041,z8Kw_z7vCwA,https://www.youtube.com/watch?v=z8Kw_z7vCwA,1,180,0,0,UCjF-r-Yznk2Kx5PGv6hzuHQ,Hà Nội - Tam Đảo 2024,
Hanoi,,21.0283334,105.854041,_TOInOjTWyM,https://www.youtube.com/watch?v=_TOInOjTWyM,0,1322,0,0,UCwH846emU7olvJs9MP7jGdQ,Driving in downtown hanoi | Weather is so perfect #hanoi,
Hanoi,,21.0283334,105.854041,9BUa9VTaM5I,https://www.youtube.com/watch?v=9BUa9VTaM5I,0,467,0,3,UCsmavQ_K3NRJbV4dWdmf5NA,"Hanoi Driving Record Mar 15, 2015 (2015)",
Hanoi,,21.0283334,105.854041,Wri2ZeuSeoQ,https://www.youtube.com/watch?v=Wri2ZeuSeoQ,0,1501,0,0,UC5zqRmK5Q-8u9MXFNQTl0Vw,,
Hanoi,,21.0283334,105.854041,yGhXHgeDgiE,https://www.youtube.com/watch?v=yGhXHgeDgiE,18,3410,0,0,UCvzafFzxCC8F2EwOZEuQrxQ,An brothers | #304 | Dùng Gopro Làm Camera Hành Trình Có Ổn Không | Test Thử Cung Đường 20Km | P1,
Hanoi,,21.0283334,105.854041,TfjGTpeXExk,https://www.youtube.com/watch?v=TfjGTpeXExk,5,930,0,0,UCySm82Z4OOHN4cYL39kBYSg,Driving in Hanoi Vietnam 🇻🇳 Centrum Westlake drive Retrowave Music,
Hanoi,,21.0283334,105.854041,eXFCD1TvlC4,https://www.youtube.com/watch?v=eXFCD1TvlC4,5,1264,0,0,UCySm82Z4OOHN4cYL39kBYSg,Driving in Hanoi Vietnam 🇻🇳 Long Bien to Centrum Retrowave Music,
Hanoi,,21.0283334,105.854041,QxEDmXQURc0,https://www.youtube.com/watch?v=QxEDmXQURc0,0,401,0,0,UCySm82Z4OOHN4cYL39kBYSg,Driving in Hanoi Vietnam 🇻🇳 short drive Ocean Park 2/3 with LoFi Music,
Hanoi,,21.0283334,105.854041,f_2TJIpTsZ4,https://www.youtube.com/watch?v=f_2TJIpTsZ4,0,3751,0,0,UCZmohFzCdAAlAcHZgI0x-vw,[4K] Driving around Hanoi (VN),
Hanoi,,21.0283334,105.854041,e6Z7CaUw1PM,https://www.youtube.com/watch?v=e6Z7CaUw1PM,0,1441,0,3,UCBBKed4Xg6xpJHJJQhs06lg,Du Khách Ngỡ Ngàng Khi Sang Việt Nam Nghỉ Hè Lại Được Ngắm Mưa Phùn Ẩm Ướt Như Châu Âu,rain
Hanoi,,21.0283334,105.854041,nanuVrZ8yNg,https://www.youtube.com/watch?v=nanuVrZ8yNg,0,1842,0,3,UCBBKed4Xg6xpJHJJQhs06lg,[4K] Driving in Hanoi Old Quarter | Motorbiking Vietnam | 베트남 관광 वियतनाम पर्यटन | Dạo phố Hà Nội,
Hanoi,,21.0283334,105.854041,f4VWu_XUIPM,https://www.youtube.com/watch?v=f4VWu_XUIPM,0,3488,0,3,UCBBKed4Xg6xpJHJJQhs06lg,[4K] Hanoi Old Quarter - Halloween is coming | Motorbiking Vietnam | 베트남 관광 वियतनाम पर्यटन,
Hanoi,,21.0283334,105.854041,is-jlyoeZ1Y,https://www.youtube.com/watch?v=is-jlyoeZ1Y,0,2340,0,3,UCBBKed4Xg6xpJHJJQhs06lg,[4K] What's in Hanoi at 6 am | Motorbiking Vietnam | Pariwisata वियतनाम पर्यटन | Dạo phố Hà Nội,
Hanoi,,21.0283334,105.854041,sw5yUbfjn-k,https://www.youtube.com/watch?v=sw5yUbfjn-k,129,2813,1,3,UCBBKed4Xg6xpJHJJQhs06lg,[4K] Ta Hien - Beer & Bar street in Hanoi Old Quarter | 河内酒吧街 越南美女太多 | Phố Tây Tạ Hiện,night(label)
Hanoi,,21.0283334,105.854041,-6Of_R0H-yM,https://www.youtube.com/watch?v=-6Of_R0H-yM,10,1340,0,3,UCBBKed4Xg6xpJHJJQhs06lg,2$ Clothes - Second Hand Market in Hanoi | Turismo वियतनाम पर्यटन | Chợ đồ si quần áo cũ hàng thùng,
Hanoi,,21.0283334,105.854041,gs3TbBfPKu4,https://www.youtube.com/watch?v=gs3TbBfPKu4,0,1377,0,0,UCBBKed4Xg6xpJHJJQhs06lg,[4K] The road to setting a Guinness record in Hanoi | Turismo वियतनाम पर्यटन | Con đường gốm sứ,
Hanoi,,21.0283334,105.854041,rNhDdaS2WjQ,https://www.youtube.com/watch?v=rNhDdaS2WjQ,17,2198,0,3,UCBBKed4Xg6xpJHJJQhs06lg,[4K] Open Air Market in Hanoi - 1$ Food & Clothes | 하노이 여행 वियतनाम पर्यटन | Chợ cóc Việt Nam,
Hanoi,,21.0283334,105.854041,DqxVthwLRdk,https://www.youtube.com/watch?v=DqxVthwLRdk,24,1538,0,3,UCBBKed4Xg6xpJHJJQhs06lg,[4K] Old apartments in Hanoi 100 year old | Motorbiking Vietnam | वियतनाम पर्यटन | Tập thể cũ,
Hanoi,,21.0283334,105.854041,rgBe1_6UrcA,https://www.youtube.com/watch?v=rgBe1_6UrcA,10,2063,0,3,UCBBKed4Xg6xpJHJJQhs06lg,"[4K] Flea Market in #Hanoi - Electronic, Bicycle, iPhone | वियतनाम पर्यटन | Chợ Giời Hà Nội",
Hanoi,,21.0283334,105.854041,BmVoxDCfyeQ,https://www.youtube.com/watch?v=BmVoxDCfyeQ,0,1401,0,3,UCBBKed4Xg6xpJHJJQhs06lg,Hanoi Neighborhood | Motorbiking Vietnam वियतनाम पर्यटन | Dạo phố Hà Nội | Driving 4K,
Hanoi,,21.0283334,105.854041,osOzGQ_w-k0,https://www.youtube.com/watch?v=osOzGQ_w-k0,0,1427,0,3,UCBBKed4Xg6xpJHJJQhs06lg,Beautiful Streets Around West Lake | Hồ Tây Hà Nội | Motorbiking Vietnam वियतनाम पर्यटन | Driving 4K,
Hanoi,,21.0283334,105.854041,fg2aihWnMZw,https://www.youtube.com/watch?v=fg2aihWnMZw,38,1307,0,3,UCBBKed4Xg6xpJHJJQhs06lg,Small Alleys of Hanoi | Ngõ ngách Hà Nội | Motorbiking Vietnam वियतनाम पर्यटन | Driving 4K,
Hanoi,,21.0283334,105.854041,LkWqzhUZuMc,https://www.youtube.com/watch?v=LkWqzhUZuMc,0,1522,0,3,UCBBKed4Xg6xpJHJJQhs06lg,Hanoi Ring Road 2 | Cận Cảnh Đường Vành Đai 2 Trước Ngày Thông Xe | Đường Trường Chinh | Driving 4K,
Hanoi,,21.0283334,105.854041,_BknH_sIQn8,https://www.youtube.com/watch?v=_BknH_sIQn8,0,1523,0,3,UCBBKed4Xg6xpJHJJQhs06lg,Hanoi on sunny day | Dạo phố Hà Nội Motorbiking Vietnam वियतनाम पर्यटन | Driving 4K,
Hanoi,,21.0283334,105.854041,0PxwtpHYngs,https://www.youtube.com/watch?v=0PxwtpHYngs,0,1400,0,3,UCBBKed4Xg6xpJHJJQhs06lg,[4K] Driving to see #Hanoi in the morning of autumnm | वियतनाम पर्यटन | Dạo phố Hà Nội,
Hanoi,,21.0283334,105.854041,qQJ4MWgclaM,https://www.youtube.com/watch?v=qQJ4MWgclaM,0,1290,0,3,UCBBKed4Xg6xpJHJJQhs06lg,Lang Street - The longest street in Hanoi | Phố dài nhất Hà Nội वियतनाम पर्यटन | Driving 4K,
Hanoi,,21.0283334,105.854041,YSKRc3Unp9M,https://www.youtube.com/watch?v=YSKRc3Unp9M,10,1521,0,3,UCBBKed4Xg6xpJHJJQhs06lg,Hanoi Old Quarter 1/1/2023 | Hà Nội yên bình vắng vẻ sau Hanoi Countdown 2023 HAPPY NEW YEAR,
Hanoi,,21.0283334,105.854041,RDrvrlaeSKs,https://www.youtube.com/watch?v=RDrvrlaeSKs,0,160,1,3,UCBBKed4Xg6xpJHJJQhs06lg,🔴 CẬN CẢNH VÀNH ĐAI 2 CHÍNH THỨC THÔNG XE | Hanoi Ring Road 2 | Motorbiking Vietnam Driving 4K,night(label)
Hanoi,,21.0283334,105.854041,RDrvrlaeSKs,https://www.youtube.com/watch?v=RDrvrlaeSKs,317,1360,1,3,UCBBKed4Xg6xpJHJJQhs06lg,🔴 CẬN CẢNH VÀNH ĐAI 2 CHÍNH THỨC THÔNG XE | Hanoi Ring Road 2 | Motorbiking Vietnam Driving 4K,night(label)
Hanoi,,21.0283334,105.854041,DAoHWukVtYQ,https://www.youtube.com/watch?v=DAoHWukVtYQ,0,1171,0,3,UCBBKed4Xg6xpJHJJQhs06lg,Mưa Phùn Hà Nội | Driving In Rain | Motorbiking Hanoi Old Quarter 2023 | Driving 4K,rain
Hanoi,,21.0283334,105.854041,DAoHWukVtYQ,https://www.youtube.com/watch?v=DAoHWukVtYQ,1196,1411,0,3,UCBBKed4Xg6xpJHJJQhs06lg,Mưa Phùn Hà Nội | Driving In Rain | Motorbiking Hanoi Old Quarter 2023 | Driving 4K,rain
Hanoi,,21.0283334,105.854041,KjWAi-yo32U,https://www.youtube.com/watch?v=KjWAi-yo32U,0,1443,0,3,UCBBKed4Xg6xpJHJJQhs06lg,Lái Xe Trong Rừng Cây Giữa Lòng Hà Nội | Motorbiking Hanoi 2023 Daily Ride | Driving 4K,
Hanoi,,21.0283334,105.854041,PulbRXeLls8,https://www.youtube.com/watch?v=PulbRXeLls8,0,1387,0,3,UCBBKed4Xg6xpJHJJQhs06lg,Lái Xe Dạo Phố Hà Nội #2 | Valentine Day Motorbiking Hanoi Downtown 2023 | Driving 4K,
Hanoi,,21.0283334,105.854041,gQgXhAU0vpU,https://www.youtube.com/watch?v=gQgXhAU0vpU,0,1267,0,3,UCBBKed4Xg6xpJHJJQhs06lg,Dense Residential Area In Hanoi | 여행 하노이 Motorbiking Vietnam | Hanoi Downtown | Driving 4K,
Hanoi,,21.0283334,105.854041,gQgXhAU0vpU,https://www.youtube.com/watch?v=gQgXhAU0vpU,1295,1398,0,3,UCBBKed4Xg6xpJHJJQhs06lg,Dense Residential Area In Hanoi | 여행 하노이 Motorbiking Vietnam | Hanoi Downtown | Driving 4K,
Hanoi,,21.0283334,105.854041,5eptsPqHEw8,https://www.youtube.com/watch?v=5eptsPqHEw8,0,1275,0,3,UCBBKed4Xg6xpJHJJQhs06lg,Ngắm Đường Phố Hà Nội Ngày Cuối Tuần Nắng Đẹp | Motorbiking Hanoi Old Quarter 2023 | Driving 4K,
Hanoi,,21.0283334,105.854041,x1YzyYD86H0,https://www.youtube.com/watch?v=x1YzyYD86H0,106,1448,0,3,UCBBKed4Xg6xpJHJJQhs06lg,Bình Minh Tuyệt Đẹp Trên Đường Phố Thủ Đô | Motorbiking Hanoi Old Quarter Vietnam 2023 | Driving 4K,
Hanoi,,21.0283334,105.854041,sM9dTX4585M,https://www.youtube.com/watch?v=sM9dTX4585M,79,2110,0,3,UCBBKed4Xg6xpJHJJQhs06lg,8K Phố Cổ Hà Nội Nhộn Nhịp Chiều Cuối Tuần | Chợ Đêm Hàng Ngang Hàng Đào Driving Hanoi Old Quarter,night
Hanoi,,21.0283334,105.854041,CraYsdJOQJc,https://www.youtube.com/watch?v=CraYsdJOQJc,70,1332,0,3,UCBBKed4Xg6xpJHJJQhs06lg,Dạo Phố Dưới Hàng Cây Trăm Tuổi Đẹp Nhất Hà Nội | Hồ Gươm Sáng Sớm Hanoi Old Quarter | 8K HDR,
Hanoi,,21.0283334,105.854041,Ndm_Wv0Ed6I,https://www.youtube.com/watch?v=Ndm_Wv0Ed6I,0,1501,0,3,UCBBKed4Xg6xpJHJJQhs06lg,Driving Around The Most Crowded Street Of Hanoi Capital | Driving Downtown Hanoi 4K 8K,
Hanoi,,21.0283334,105.854041,lXJmP7mlyi0,https://www.youtube.com/watch?v=lXJmP7mlyi0,0,1899,0,3,UCBBKed4Xg6xpJHJJQhs06lg,Toàn Cảnh Khu Đô Thị Ecopark | Đi Dạo Trong Rừng Cọ Mát Rượi Tránh Nắng Đầu Hè | Driving 4K,
Hanoi,,21.0283334,105.854041,w5E_pdGKh-4,https://www.youtube.com/watch?v=w5E_pdGKh-4,0,1406,0,3,UCBBKed4Xg6xpJHJJQhs06lg,Lái Xe Dạo Phố Từ Tràng Tiền Tới Văn Miếu Vào Một Ngày Hà Nội Se Lạnh Giữa Mùa Hè | Driving 4K,
Hanoi,,21.0283334,105.854041,bhs3WfmFAd8,https://www.youtube.com/watch?v=bhs3WfmFAd8,0,1204,0,3,UCBBKed4Xg6xpJHJJQhs06lg,Dạo Quanh Khu Tập Thể Thành Công | Tour Lái Xe Dạo Phố Hà Nội | Driving 4K,
Hanoi,,21.0283334,105.854041,kh6hGWvIQJU,https://www.youtube.com/watch?v=kh6hGWvIQJU,0,1275,0,3,UCBBKed4Xg6xpJHJJQhs06lg,Lái Xe Dạo Quanh Những Con Ngõ Đẹp Tại Quận Đống Đa | Tour Dạo Phố Hà Nội | Driving 4K,
Hanoi,,21.0283334,105.854041,HagkC0lU-V8,https://www.youtube.com/watch?v=HagkC0lU-V8,0,1682,0,3,UCBBKed4Xg6xpJHJJQhs06lg,Du Khách Quốc Tế Tấp Nập Tới Phố Cổ Hà Nội Du Lịch Dịp Nghỉ Lễ 1/5 | Hanoi Old Quarter | Driving 4K,
Hanoi,,21.0283334,105.854041,KIngnCA2Dyc,https://www.youtube.com/watch?v=KIngnCA2Dyc,0,1395,0,3,UCBBKed4Xg6xpJHJJQhs06lg,Lái Xe Dạo Phố Bên Dưới Tuyến Đường Sắt Cát Linh Hà Đông | Hanoi Metro Line 2A | Driving 4K,
Hanoi,,21.0283334,105.854041,n2Rh-_V3wCo,https://www.youtube.com/watch?v=n2Rh-_V3wCo,116,1523,0,3,UCBBKed4Xg6xpJHJJQhs06lg,Dạo Phố Từ Long Biên Vào Phố Cổ Hà Nội | Motorbiking Hanoi Old Quarter 2023 | Driving 4K,
Hanoi,,21.0283334,105.854041,oM5x3ZfX4wg,https://www.youtube.com/watch?v=oM5x3ZfX4wg,0,1333,0,3,UCBBKed4Xg6xpJHJJQhs06lg,Khu Phố Đẹp Nhất Quận Hà Đông | Hanoi City Tour | Driving 4K,
Hanoi,,21.0283334,105.854041,2qrQj7k0xKo,https://www.youtube.com/watch?v=2qrQj7k0xKo,170,1723,0,3,UCBBKed4Xg6xpJHJJQhs06lg,"Hà Nội Đẹp Giản Dị Vào Buổi Sáng Cuối Tuần | Hồ Tây, Phan Đình Phùng, Phố Cổ Hà Nội Hanoi City Tour",
Hanoi,,21.0283334,105.854041,LBKyhlNxRZA,https://www.youtube.com/watch?v=LBKyhlNxRZA,0,1466,0,3,UCBBKed4Xg6xpJHJJQhs06lg,Lái Xe Ngắm Cảnh Hà Nội Từ Hồ Gươm Tới Long Biên | Motorbiking Hanoi Old Quarter 2023 | Driving 4K,
Hanoi,,21.0283334,105.854041,n_u7Qb0XECU,https://www.youtube.com/watch?v=n_u7Qb0XECU,0,1404,0,3,UCBBKed4Xg6xpJHJJQhs06lg,"Dạo Phố Hà Nội | Gò Đống Đa , Tây Sơn , Nguyễn Thái Học , SVĐ Hàng Đẫy | Driving 4K",
Hanoi,,21.0283334,105.854041,AGG62pu1wqs,https://www.youtube.com/watch?v=AGG62pu1wqs,0,253,0,3,UCBBKed4Xg6xpJHJJQhs06lg,24 Giờ Vi Vu Khám Phá Hà Nội Dịp Nghỉ Lễ 2/9 | Du Lịch Hà Nội 2023| Phố Cổ Hà Nội 2023 | Driving 4K,
Hanoi,,21.0283334,105.854041,_QO_9k59Gzg,https://www.youtube.com/watch?v=_QO_9k59Gzg,105,1368,0,3,UCBBKed4Xg6xpJHJJQhs06lg,Cầu Vĩnh Tuy 2 Chính Thức Thông Xe | Lái Xe Từ Aeon Long Biên Vào Trung Tâm Thành Phố | Driving 4K,
Hanoi,,21.0283334,105.854041,QtYxMHd4dfg,https://www.youtube.com/watch?v=QtYxMHd4dfg,0,1321,0,3,UCBBKed4Xg6xpJHJJQhs06lg,Người Dân Hà Nội Vật Lộn Với Mưa Rét 15°C và Tắc Đường Giờ Cao Điểm | Driving 4K,rain;rush/jam
Hanoi,,21.0283334,105.854041,TjL5IVbczJA,https://www.youtube.com/watch?v=TjL5IVbczJA,0,1221,1,3,UCBBKed4Xg6xpJHJJQhs06lg,Hanoi Countdown 2024 Đã Sẵn Sàng - Phố Cổ Hà Nội Những Ngày Cuối Năm 2023 Hanoi Nightlife Driving 4K,night
Hanoi,,21.0283334,105.854041,PUytAHXAOlM,https://www.youtube.com/watch?v=PUytAHXAOlM,0,1292,0,3,UCBBKed4Xg6xpJHJJQhs06lg,Phố Cổ Hà Nội Sáng Đầu Năm 2024 | Đường Phố Hà Nội Mùng 1 Tết | Motorbiking Hanoi Old Quarter 2024,tet/holiday
Hanoi,,21.0283334,105.854041,1YT2O6I6_Gs,https://www.youtube.com/watch?v=1YT2O6I6_Gs,0,1234,0,3,UCBBKed4Xg6xpJHJJQhs06lg,30 Phút Lái Xe Dạo Quanh Phố Cổ Hà Nội Mùa Thu Mát Lạnh Giữa Những Khu Phố Đẹp Nhất Thủ Đô,
Hanoi,,21.0283334,105.854041,1YT2O6I6_Gs,https://www.youtube.com/watch?v=1YT2O6I6_Gs,1250,1947,0,3,UCBBKed4Xg6xpJHJJQhs06lg,30 Phút Lái Xe Dạo Quanh Phố Cổ Hà Nội Mùa Thu Mát Lạnh Giữa Những Khu Phố Đẹp Nhất Thủ Đô,
Hanoi,,21.0283334,105.854041,OtwfKr_FINo,https://www.youtube.com/watch?v=OtwfKr_FINo,0,1038,0,3,UCBBKed4Xg6xpJHJJQhs06lg,Phố Cổ Hà Nội Ngày Cuối Năm Tấp Nập Người Đi Sắm Tết,tet/holiday
Hanoi,,21.0283334,105.854041,2pR_PER6z34,https://www.youtube.com/watch?v=2pR_PER6z34,0,1082,0,3,UCBBKed4Xg6xpJHJJQhs06lg,Đường phố Hà Nội Ngày Đầu Tiên Đi Làm Sau Kỳ Nghỉ Tết 2025 Dài Ngày,tet/holiday
Hanoi,,21.0283334,105.854041,sdlRARI_dpY,https://www.youtube.com/watch?v=sdlRARI_dpY,0,1228,1,3,UCBBKed4Xg6xpJHJJQhs06lg,Tối Cuối Tuần Lạnh Lẽo Đường Phố Hà Nội Vắng Vẻ Lạ Thường,night
Hanoi,,21.0283334,105.854041,-oZGg6QiaLg,https://www.youtube.com/watch?v=-oZGg6QiaLg,0,705,0,0,UCcROxwq_GajcurqLI7zGFfw,"hiện trạng đường Hoàng Cầu - Voi Phục (Vành đai 1) Hà Nội, tháng 4 năm 2026  [26 45]",
Hanoi,,21.0283334,105.854041,tA8PjugwgTA,https://www.youtube.com/watch?v=tA8PjugwgTA,0,1729,0,0,UCcROxwq_GajcurqLI7zGFfw,Hà Nội năm 2025 (25 016),
Hanoi,,21.0283334,105.854041,5pRgod3fp1M,https://www.youtube.com/watch?v=5pRgod3fp1M,0,764,0,0,UCcROxwq_GajcurqLI7zGFfw,Dòng Xe Đường Phố Hà Nội năm 2026 [26 44],
Hanoi,,21.0283334,105.854041,-WZ4VkyUB9c,https://www.youtube.com/watch?v=-WZ4VkyUB9c,0,2370,0,0,UCcROxwq_GajcurqLI7zGFfw,"Văn Giang Hưng Yên, Gia Lâm Hà Nội [25 796]",
Hanoi,,21.0283334,105.854041,Gl3ify_UWg0,https://www.youtube.com/watch?v=Gl3ify_UWg0,31,3010,0,0,UCcROxwq_GajcurqLI7zGFfw,Cao Tốc vào Vành Đai 3 Hà Nội [26 41],highway
Hanoi,,21.0283334,105.854041,5VHa9nBusgE,https://www.youtube.com/watch?v=5VHa9nBusgE,130,830,0,0,UCcROxwq_GajcurqLI7zGFfw,LOANH QUANH THUỴ KHUÊ VĂN CAO (F),
Hanoi,,21.0283334,105.854041,5VHa9nBusgE,https://www.youtube.com/watch?v=5VHa9nBusgE,864,1815,1,0,UCcROxwq_GajcurqLI7zGFfw,LOANH QUANH THUỴ KHUÊ VĂN CAO (F),night(label)
Hanoi,,21.0283334,105.854041,8XLva30mOQI,https://www.youtube.com/watch?v=8XLva30mOQI,0,531,1,0,UCcROxwq_GajcurqLI7zGFfw,TRÊN TỪNG CÂY SỐ,night(label)
Hanoi,,21.0283334,105.854041,b9f3VLrI7qw,https://www.youtube.com/watch?v=b9f3VLrI7qw,0,1728,1,0,UCcROxwq_GajcurqLI7zGFfw,Đường phố Hà Nội lúc 6h chiều [25 02707],night(label)
Hanoi,,21.0283334,105.854041,iDbkwBF5-wY,https://www.youtube.com/watch?v=iDbkwBF5-wY,0,1555,0,0,UCcROxwq_GajcurqLI7zGFfw,HÀ NỘI THÁNG 3 NĂM 2024 (24 506) F,
Hanoi,,21.0283334,105.854041,iDbkwBF5-wY,https://www.youtube.com/watch?v=iDbkwBF5-wY,1766,2126,0,0,UCcROxwq_GajcurqLI7zGFfw,HÀ NỘI THÁNG 3 NĂM 2024 (24 506) F,
Hanoi,,21.0283334,105.854041,6IJ4XKR7aoI,https://www.youtube.com/watch?v=6IJ4XKR7aoI,0,756,0,0,UCcROxwq_GajcurqLI7zGFfw,HÀ THÀNH THÁNG 3 NĂM 2024 (24 310) F,
Hanoi,,21.0283334,105.854041,6IJ4XKR7aoI,https://www.youtube.com/watch?v=6IJ4XKR7aoI,769,1357,1,0,UCcROxwq_GajcurqLI7zGFfw,HÀ THÀNH THÁNG 3 NĂM 2024 (24 310) F,night(label)
Hanoi,,21.0283334,105.854041,6IJ4XKR7aoI,https://www.youtube.com/watch?v=6IJ4XKR7aoI,1640,3319,1,0,UCcROxwq_GajcurqLI7zGFfw,HÀ THÀNH THÁNG 3 NĂM 2024 (24 310) F,night(label)
Hanoi,,21.0283334,105.854041,wQTmCcRb4Gc,https://www.youtube.com/watch?v=wQTmCcRb4Gc,387,637,0,0,UCcROxwq_GajcurqLI7zGFfw,Đường Xuân Hà Nội năm 2026 [26 26],
Hanoi,,21.0283334,105.854041,bFr9OKuf6Ow,https://www.youtube.com/watch?v=bFr9OKuf6Ow,0,991,0,0,UCcROxwq_GajcurqLI7zGFfw,Đường Hà Nội năm 2026 [26 36],
Hanoi,,21.0283334,105.854041,96q7IQ4WCTc,https://www.youtube.com/watch?v=96q7IQ4WCTc,0,950,0,0,UCcROxwq_GajcurqLI7zGFfw,Hà Nội - Hưng Yên năm 2026 [26 37],
Hanoi,,21.0283334,105.854041,-uy1xlRyhGY,https://www.youtube.com/watch?v=-uy1xlRyhGY,0,802,0,0,UCcROxwq_GajcurqLI7zGFfw,Vành Đai 2 Hà Nội năm 2026 [26 37],
Hanoi,,21.0283334,105.854041,02J1OnRmJ38,https://www.youtube.com/watch?v=02J1OnRmJ38,0,1230,0,0,UCcROxwq_GajcurqLI7zGFfw,Một Góc Hồ Tây Hà Nội năm 2026 [26 28],
Hanoi,,21.0283334,105.854041,9E9MwaHcjlc,https://www.youtube.com/watch?v=9E9MwaHcjlc,30,2865,0,0,UCcROxwq_GajcurqLI7zGFfw,Hà Nội Hưng Yên [25 9805],
Hanoi,,21.0283334,105.854041,wRY_12qZoEI,https://www.youtube.com/watch?v=wRY_12qZoEI,72,1568,0,0,UCcROxwq_GajcurqLI7zGFfw,Mưa Xuân Hà Nội [25 20703],rain
Hanoi,,21.0283334,105.854041,qlmgeUYOTGA,https://www.youtube.com/watch?v=qlmgeUYOTGA,0,482,0,0,UCcROxwq_GajcurqLI7zGFfw,Hà Nội ngày 30 tháng 4 năm 2022,
Hanoi,,21.0283334,105.854041,qlmgeUYOTGA,https://www.youtube.com/watch?v=qlmgeUYOTGA,780,924,0,0,UCcROxwq_GajcurqLI7zGFfw,Hà Nội ngày 30 tháng 4 năm 2022,
Hanoi,,21.0283334,105.854041,jDA3CYN0qIM,https://www.youtube.com/watch?v=jDA3CYN0qIM,0,826,1,0,UCcROxwq_GajcurqLI7zGFfw,Hà Nội mùa Thu (24 1102),night(label)
Hanoi,,21.0283334,105.854041,hkR76wwQEBc,https://www.youtube.com/watch?v=hkR76wwQEBc,45,1729,0,0,UCcROxwq_GajcurqLI7zGFfw,Hà Nội đầu Đông (24 1164),
Hanoi,,21.0283334,105.854041,XGE_RrddukE,https://www.youtube.com/watch?v=XGE_RrddukE,0,530,1,0,UCcROxwq_GajcurqLI7zGFfw,loanh quanh quận Hoàn Kiếm 9h tối Hà Nội,night
Hanoi,,21.0283334,105.854041,Gnw7abWH1b8,https://www.youtube.com/watch?v=Gnw7abWH1b8,0,770,0,0,UCcROxwq_GajcurqLI7zGFfw,Hà Nội đầu năm 2025 (25 0152),
Hanoi,,21.0283334,105.854041,EZYKoA1_djQ,https://www.youtube.com/watch?v=EZYKoA1_djQ,0,382,0,0,UCcROxwq_GajcurqLI7zGFfw,Hà Nội tháng 6 năm 2020,
Hanoi,,21.0283334,105.854041,ERtS_4gmILA,https://www.youtube.com/watch?v=ERtS_4gmILA,0,313,0,0,UCcROxwq_GajcurqLI7zGFfw,"đường Hà Nội năm 2020, phòng Covid19",
Hanoi,,21.0283334,105.854041,F7dvj2nrL7w,https://www.youtube.com/watch?v=F7dvj2nrL7w,0,326,0,0,UCcROxwq_GajcurqLI7zGFfw,"HÀ NỘI ĐẦU NĂM GIÁP THÌN, THÁNG 2 NĂM 2024 (24 336)",
Hanoi,,21.0283334,105.854041,F7dvj2nrL7w,https://www.youtube.com/watch?v=F7dvj2nrL7w,327,2050,1,0,UCcROxwq_GajcurqLI7zGFfw,"HÀ NỘI ĐẦU NĂM GIÁP THÌN, THÁNG 2 NĂM 2024 (24 336)",night(label)
Hanoi,,21.0283334,105.854041,7S1IeomjCH0,https://www.youtube.com/watch?v=7S1IeomjCH0,0,1035,0,0,UCcROxwq_GajcurqLI7zGFfw,Hà Nội ơi Đẹp quá cảnh Chiều 30 Tết Bính Ngọ [26 162],tet/holiday
Hanoi,,21.0283334,105.854041,62U6pOgrHTM,https://www.youtube.com/watch?v=62U6pOgrHTM,127,1559,0,0,UCcROxwq_GajcurqLI7zGFfw,CHUYỂN ĐỘNG SÁNG CHIỀU QUẬN BA ĐÌNH NĂM 2023 (F),
Hanoi,,21.0283334,105.854041,62U6pOgrHTM,https://www.youtube.com/watch?v=62U6pOgrHTM,1562,2498,0,0,UCcROxwq_GajcurqLI7zGFfw,CHUYỂN ĐỘNG SÁNG CHIỀU QUẬN BA ĐÌNH NĂM 2023 (F),
Hanoi,,21.0283334,105.854041,62U6pOgrHTM,https://www.youtube.com/watch?v=62U6pOgrHTM,2499,3363,0,0,UCcROxwq_GajcurqLI7zGFfw,CHUYỂN ĐỘNG SÁNG CHIỀU QUẬN BA ĐÌNH NĂM 2023 (F),
Hanoi,,21.0283334,105.854041,1xibVxZ-p7U,https://www.youtube.com/watch?v=1xibVxZ-p7U,0,1125,0,0,UCcROxwq_GajcurqLI7zGFfw,"Hà Nội mùa Thu, năm 2021 (T6)",
Hanoi,,21.0283334,105.854041,tgzSKdW-m9I,https://www.youtube.com/watch?v=tgzSKdW-m9I,0,1072,0,0,UCcROxwq_GajcurqLI7zGFfw,vành đai 3 trên cao Hà Nội thanh bình ngày mùng 2 Tết Bính Ngọ [26 172],tet/holiday
Hanoi,,21.0283334,105.854041,KwsilNZFnws,https://www.youtube.com/watch?v=KwsilNZFnws,0,954,0,0,UCcROxwq_GajcurqLI7zGFfw,Đường Cầu Bươu Hà Nội thông thoáng ngày gần Tết Bính Ngọ [26 2],tet/holiday
Hanoi,,21.0283334,105.854041,oU2Xjz09CJY,https://www.youtube.com/watch?v=oU2Xjz09CJY,0,815,0,0,UCcROxwq_GajcurqLI7zGFfw,Hà Nội ngày mùng 1 Tết năm Bính Ngọ [26 172],tet/holiday
Hanoi,,21.0283334,105.854041,PUA8s8Fvf7o,https://www.youtube.com/watch?v=PUA8s8Fvf7o,0,1035,0,0,UCcROxwq_GajcurqLI7zGFfw,Hà Nội ơi Đẹp quá cảnh Chiều 30 Tết Bính Ngọ [26 162],tet/holiday
Hanoi,,21.0283334,105.854041,pMwbWE1yFOM,https://www.youtube.com/watch?v=pMwbWE1yFOM,0,941,0,0,UCcROxwq_GajcurqLI7zGFfw,đường phố Thủ Đô ngày mùng 1 Tết năm Bính Ngọ thanh bình [26 172],tet/holiday
Hanoi,,21.0283334,105.854041,3ePmzciBGTA,https://www.youtube.com/watch?v=3ePmzciBGTA,0,693,0,0,UCcROxwq_GajcurqLI7zGFfw,Hà Nội ngày mùng 1 Tết năm Bính Ngọ [26 172],tet/holiday
Hanoi,,21.0283334,105.854041,ErEA9jY5PDY,https://www.youtube.com/watch?v=ErEA9jY5PDY,0,792,0,0,UCcROxwq_GajcurqLI7zGFfw,"đường Thanh Niên (Đền Quán Thánh, Chùa Trấn Quốc) mùng 1 Tết Bính Ngọ [26 172]",tet/holiday
Hanoi,,21.0283334,105.854041,ZgG4PLJXpF8,https://www.youtube.com/watch?v=ZgG4PLJXpF8,0,680,0,0,UCcROxwq_GajcurqLI7zGFfw,"em Đào lượn phố Lê Duẩn Giải Phóng, Hà Nội chiều 30 Tết Bính Ngọ [26 162]",tet/holiday
Hanoi,,21.0283334,105.854041,c8110c6_6HE,https://www.youtube.com/watch?v=c8110c6_6HE,0,2262,0,0,UCcROxwq_GajcurqLI7zGFfw,nhiều người di chuyển về quê trước Tết Bính Ngọ qua QL1A cũ  [26 2],tet/holiday
Hanoi,,21.0283334,105.854041,-XUTQ05dveQ,https://www.youtube.com/watch?v=-XUTQ05dveQ,0,770,0,0,UCcROxwq_GajcurqLI7zGFfw,"Hà Nội ơi thanh bình quá, Sáng 30 Tết Bính Ngọ [26 162]",tet/holiday
Hanoi,,21.0283334,105.854041,eW4TRciOYaE,https://www.youtube.com/watch?v=eW4TRciOYaE,0,1889,0,0,UCcROxwq_GajcurqLI7zGFfw,Con đường Gốm Sứ (6 Km) công trình nghệ thuật đỉnh cao của Hà Nội [26 2],
Hanoi,,21.0283334,105.854041,RS8MimANBAM,https://www.youtube.com/watch?v=RS8MimANBAM,0,2616,0,0,UCcROxwq_GajcurqLI7zGFfw,"Hà Nội ơi Đẹp quá, Vui nhất có lẽ là chiều 30 Tết [26 162]",tet/holiday
Hanoi,,21.0283334,105.854041,x_4qLq9lpU0,https://www.youtube.com/watch?v=x_4qLq9lpU0,0,730,0,0,UCcROxwq_GajcurqLI7zGFfw,"Hà Nội ơi, Ba Đình Đẹp quá Chiều 30 Tết Bính Ngọ [26 162]",tet/holiday
Hanoi,,21.0283334,105.854041,BD40wADpwVk,https://www.youtube.com/watch?v=BD40wADpwVk,0,1156,0,0,UCcROxwq_GajcurqLI7zGFfw,Hà Nội năm 2025 [25 438],
Hanoi,,21.0283334,105.854041,KZh62SWl2mM,https://www.youtube.com/watch?v=KZh62SWl2mM,0,1728,0,0,UCcROxwq_GajcurqLI7zGFfw,Hà Đông Hà Nội ngày cận Tết Bính Ngọ [26 021],tet/holiday
Hanoi,,21.0283334,105.854041,7Q1Aveu4YNQ,https://www.youtube.com/watch?v=7Q1Aveu4YNQ,0,2195,0,0,UCcROxwq_GajcurqLI7zGFfw,"Đáng sống là Ecopark Hưng Yên, Oxy tươi nhiều nhé [26 05]",
Hanoi,,21.0283334,105.854041,Vs5J3nHTjoo,https://www.youtube.com/watch?v=Vs5J3nHTjoo,0,952,0,0,UCcROxwq_GajcurqLI7zGFfw,Mưa mùa Đông trên tp. Nam Định [26 03],rain
Hanoi,,21.0283334,105.854041,7rLI_PfFw28,https://www.youtube.com/watch?v=7rLI_PfFw28,0,1387,1,0,UCcROxwq_GajcurqLI7zGFfw,Đường Phố Hà Nội lúc 6h [26 05],night(label)
Hanoi,,21.0283334,105.854041,8rQsG1XUFKk,https://www.youtube.com/watch?v=8rQsG1XUFKk,0,794,0,0,UCcROxwq_GajcurqLI7zGFfw,Hà Nội mùa Thu năm 2023 [23 0112],
Hanoi,,21.0283334,105.854041,8rQsG1XUFKk,https://www.youtube.com/watch?v=8rQsG1XUFKk,934,1568,0,0,UCcROxwq_GajcurqLI7zGFfw,Hà Nội mùa Thu năm 2023 [23 0112],
Hanoi,,21.0283334,105.854041,8rQsG1XUFKk,https://www.youtube.com/watch?v=8rQsG1XUFKk,1569,2199,0,0,UCcROxwq_GajcurqLI7zGFfw,Hà Nội mùa Thu năm 2023 [23 0112],
Hanoi,,21.0283334,105.854041,8rQsG1XUFKk,https://www.youtube.com/watch?v=8rQsG1XUFKk,2452,4427,0,0,UCcROxwq_GajcurqLI7zGFfw,Hà Nội mùa Thu năm 2023 [23 0112],
Hanoi,,21.0283334,105.854041,qw5EMRkl_0k,https://www.youtube.com/watch?v=qw5EMRkl_0k,0,1523,0,0,UCcROxwq_GajcurqLI7zGFfw,"Cửa Ngõ phía Nam Hà Nội ngày ""Táo Công"" năm 2026 [26 04]",
Hanoi,,21.0283334,105.854041,H40mADG5ZnI,https://www.youtube.com/watch?v=H40mADG5ZnI,0,643,0,0,UCcROxwq_GajcurqLI7zGFfw,vào Trung tâm Hà Nội từ cửa Ngõ phía Tây [26 03],
Hanoi,,21.0283334,105.854041,1bh2k9WZZPE,https://www.youtube.com/watch?v=1bh2k9WZZPE,0,1792,0,0,UCcROxwq_GajcurqLI7zGFfw,"30 phút từ Ngã tư Sở đến Ngã tư Vọng, Hà Nội năm 2026 [26 03]",
Hanoi,,21.0283334,105.854041,_ah9dMXjn4s,https://www.youtube.com/watch?v=_ah9dMXjn4s,0,810,0,0,UCcROxwq_GajcurqLI7zGFfw,Hà Nội đầu năm 2026 [26 02],
Hanoi,,21.0283334,105.854041,vV4-u0LZLRE,https://www.youtube.com/watch?v=vV4-u0LZLRE,102,744,0,0,UCcROxwq_GajcurqLI7zGFfw,"Box2Box, Hầm Xe đến Hầm Xe, Hà Nội [25 436]",
Hanoi,,21.0283334,105.854041,AM9WO4_caDc,https://www.youtube.com/watch?v=AM9WO4_caDc,0,2125,1,0,UCcROxwq_GajcurqLI7zGFfw,"7h tối đường phố Hà Nội, năm 2021",night
Hanoi,,21.0283334,105.854041,gGOOPuB1pnA,https://www.youtube.com/watch?v=gGOOPuB1pnA,0,629,0,0,UCcROxwq_GajcurqLI7zGFfw,"đường Đại Cồ Việt - phố Huế - Hàng Bài, Hà Nội năm 2026 [26 06]",
Hanoi,,21.0283334,105.854041,GPkqZuR0GrQ,https://www.youtube.com/watch?v=GPkqZuR0GrQ,0,1440,0,0,UCcROxwq_GajcurqLI7zGFfw,Hà Nội đầu năm 2026 [26 05],
Hanoi,,21.0283334,105.854041,GPkqZuR0GrQ,https://www.youtube.com/watch?v=GPkqZuR0GrQ,1441,2350,0,0,UCcROxwq_GajcurqLI7zGFfw,Hà Nội đầu năm 2026 [26 05],
Hanoi,,21.0283334,105.854041,gi56dNceM38,https://www.youtube.com/watch?v=gi56dNceM38,0,1091,0,0,UCcROxwq_GajcurqLI7zGFfw,Đèn Xanh 26 giây (thực tế chỉ còn 22 giây) có thế làm ùn ứ xe ở Pháp Vân Hà Nội  [26 09],
Hanoi,,21.0283334,105.854041,N0HyMvpK_5U,https://www.youtube.com/watch?v=N0HyMvpK_5U,0,804,0,0,UCcROxwq_GajcurqLI7zGFfw,đường phố Hai Bà Trưng & Hoàn Kiếm Hà Nội tháng 1 năm 2026 [26 093],
Hanoi,,21.0283334,105.854041,R1MODCvh6x0,https://www.youtube.com/watch?v=R1MODCvh6x0,0,307,0,0,UCcROxwq_GajcurqLI7zGFfw,"phố Hàng Ngang, Hàng Đào, Đồng Xuân, Hà Nội [26 06]",
Hanoi,,21.0283334,105.854041,T-zPlhsddoo,https://www.youtube.com/watch?v=T-zPlhsddoo,0,2370,0,0,UCcROxwq_GajcurqLI7zGFfw,đường phố Hà Nội tháng 6 có gì mới lạ [25 628],
Hanoi,,21.0283334,105.854041,yyPm64OGXmc,https://www.youtube.com/watch?v=yyPm64OGXmc,0,682,0,0,UCcROxwq_GajcurqLI7zGFfw,"đường phố Phan Đình Phùng, vui đẹp đầu năm mới [26 06]",
Hanoi,,21.0283334,105.854041,J-IRKOjTtqI,https://www.youtube.com/watch?v=J-IRKOjTtqI,0,1029,0,0,UCcROxwq_GajcurqLI7zGFfw,"đường mới kết nối từ khu đô thị Pháp Vân ra Cao tốc, đầu năm 2026 [26 07]",highway
Hanoi,,21.0283334,105.854041,FlOF8SCK_c4,https://www.youtube.com/watch?v=FlOF8SCK_c4,0,175,0,0,UCcROxwq_GajcurqLI7zGFfw,"phố Đinh Tiên Hoàng, Hoàn Kiếm Hà Nội đầu năm 2026 [26 06]",
Hanoi,,21.0283334,105.854041,vNw2SNGwgPc,https://www.youtube.com/watch?v=vNw2SNGwgPc,0,579,0,0,UCcROxwq_GajcurqLI7zGFfw,"Phố Huế Hoàn Kiếm Hà Nội, đầu năm 2026 [26 061]",
Hanoi,,21.0283334,105.854041,9MoXaAScNOQ,https://www.youtube.com/watch?v=9MoXaAScNOQ,0,1663,1,0,UCcROxwq_GajcurqLI7zGFfw,Sài Gòn không Ngủ vì Đẹp về Đêm ?? [26 031],night
Hanoi,,21.0283334,105.854041,fkoVqAicAHY,https://www.youtube.com/watch?v=fkoVqAicAHY,0,1555,0,0,UCcROxwq_GajcurqLI7zGFfw,"nhờ CSGT Bình Định chỉ đường về Hà Nội, khi Google chỉ linh tính quá!!!",
Hanoi,,21.0283334,105.854041,JjHvQXdIHLY,https://www.youtube.com/watch?v=JjHvQXdIHLY,0,1710,0,0,UCcROxwq_GajcurqLI7zGFfw,những con đường con phố Hà Nội [25 315],
Hanoi,,21.0283334,105.854041,3WDA_SI-Cys,https://www.youtube.com/watch?v=3WDA_SI-Cys,0,1006,0,0,UCcROxwq_GajcurqLI7zGFfw,Hà Nội chiều Hồ Tây [25 12601],
Hanoi,,21.0283334,105.854041,RyCMRQPWN_c,https://www.youtube.com/watch?v=RyCMRQPWN_c,0,423,0,0,UCcROxwq_GajcurqLI7zGFfw,Hà Nội ơi (377),
Hanoi,,21.0283334,105.854041,zrV3ZzZvwts,https://www.youtube.com/watch?v=zrV3ZzZvwts,0,284,0,0,UCcROxwq_GajcurqLI7zGFfw,Hà Nội ơi (437),
Hanoi,,21.0283334,105.854041,zrV3ZzZvwts,https://www.youtube.com/watch?v=zrV3ZzZvwts,499,531,0,0,UCcROxwq_GajcurqLI7zGFfw,Hà Nội ơi (437),
Hanoi,,21.0283334,105.854041,EfprCgu_FWc,https://www.youtube.com/watch?v=EfprCgu_FWc,0,410,0,0,UCcROxwq_GajcurqLI7zGFfw,Hà Nội ơi (259),
Hanoi,,21.0283334,105.854041,lUXt6gyq_yw,https://www.youtube.com/watch?v=lUXt6gyq_yw,0,437,1,0,UCcROxwq_GajcurqLI7zGFfw,Hà Nội ơi (805),night(label)
Hanoi,,21.0283334,105.854041,C8pPHloULis,https://www.youtube.com/watch?v=C8pPHloULis,0,442,0,0,UCcROxwq_GajcurqLI7zGFfw,Hà Nội ơi (382),
Hanoi,,21.0283334,105.854041,Y3UtsEIVBHs,https://www.youtube.com/watch?v=Y3UtsEIVBHs,0,371,0,0,UCcROxwq_GajcurqLI7zGFfw,Hà Nội ơi (829),
Hanoi,,21.0283334,105.854041,YThZqOCl7GE,https://www.youtube.com/watch?v=YThZqOCl7GE,0,531,0,0,UCcROxwq_GajcurqLI7zGFfw,Hà Nội ơi (262),
Hanoi,,21.0283334,105.854041,9CqS8x9Ei-Q,https://www.youtube.com/watch?v=9CqS8x9Ei-Q,0,298,0,0,UCcROxwq_GajcurqLI7zGFfw,Hà Nội ơi (723),
Hanoi,,21.0283334,105.854041,T7_AiOJZujY,https://www.youtube.com/watch?v=T7_AiOJZujY,0,487,0,0,UCcROxwq_GajcurqLI7zGFfw,Hà Nội ơi (384),
Hanoi,,21.0283334,105.854041,7zdeN3vG1ng,https://www.youtube.com/watch?v=7zdeN3vG1ng,0,406,1,0,UCcROxwq_GajcurqLI7zGFfw,Hà Nội ơi (387),night(label)
Hanoi,,21.0283334,105.854041,4j7RBXf_cXA,https://www.youtube.com/watch?v=4j7RBXf_cXA,0,530,0,0,UCcROxwq_GajcurqLI7zGFfw,Hà Nội ơi (439),
Hanoi,,21.0283334,105.854041,V8kDNVOmWGE,https://www.youtube.com/watch?v=V8kDNVOmWGE,170,326,0,0,UCcROxwq_GajcurqLI7zGFfw,Hà Nội ơi (550),
Hanoi,,21.0283334,105.854041,9xe6_8xx4jw,https://www.youtube.com/watch?v=9xe6_8xx4jw,0,531,0,0,UCcROxwq_GajcurqLI7zGFfw,Hà Nội ơi (388),
Hanoi,,21.0283334,105.854041,cI7nppXfuW0,https://www.youtube.com/watch?v=cI7nppXfuW0,0,599,0,0,UCcROxwq_GajcurqLI7zGFfw,Hà Nội ơi (264),
Hanoi,,21.0283334,105.854041,tUWOjpKLLsA,https://www.youtube.com/watch?v=tUWOjpKLLsA,0,305,0,0,UCcROxwq_GajcurqLI7zGFfw,Hà Nội ơi (524) Mùa Thu,
Hanoi,,21.0283334,105.854041,KcfDLD10KUU,https://www.youtube.com/watch?v=KcfDLD10KUU,0,531,0,0,UCcROxwq_GajcurqLI7zGFfw,Hà Nội ơi (383),
Hanoi,,21.0283334,105.854041,ocgekEfIux4,https://www.youtube.com/watch?v=ocgekEfIux4,0,405,0,0,UCcROxwq_GajcurqLI7zGFfw,Hà Nội ơi (542),
Hanoi,,21.0283334,105.854041,gA5tuXY1xDA,https://www.youtube.com/watch?v=gA5tuXY1xDA,0,531,0,0,UCcROxwq_GajcurqLI7zGFfw,Hà Nội ơi (376),
Hanoi,,21.0283334,105.854041,ZwLoVVjHxPM,https://www.youtube.com/watch?v=ZwLoVVjHxPM,0,531,0,0,UCcROxwq_GajcurqLI7zGFfw,Hà Nội ơi (861) Thảo Sơn thăm HN,
Hanoi,,21.0283334,105.854041,spTlgce9Ai4,https://www.youtube.com/watch?v=spTlgce9Ai4,0,531,0,0,UCcROxwq_GajcurqLI7zGFfw,Hà Nội ơi (935),
Hanoi,,21.0283334,105.854041,qwA_F9Rcr6c,https://www.youtube.com/watch?v=qwA_F9Rcr6c,0,531,0,0,UCcROxwq_GajcurqLI7zGFfw,Hà Nội ơi (251),
Hanoi,,21.0283334,105.854041,XG55BS2WLBU,https://www.youtube.com/watch?v=XG55BS2WLBU,0,422,1,0,UCcROxwq_GajcurqLI7zGFfw,Hà Nội ơi (926),night(label)
Hanoi,,21.0283334,105.854041,gHSPVRS0sDM,https://www.youtube.com/watch?v=gHSPVRS0sDM,33,531,0,0,UCcROxwq_GajcurqLI7zGFfw,Hà Nội ơi (860) Thảo Sơn thăm HN,
Hanoi,,21.0283334,105.854041,kau14GL3kV4,https://www.youtube.com/watch?v=kau14GL3kV4,0,298,0,0,UCcROxwq_GajcurqLI7zGFfw,Hà Nội ơi (288),
Hanoi,,21.0283334,105.854041,eFZpqdY7oDg,https://www.youtube.com/watch?v=eFZpqdY7oDg,0,478,1,0,UCcROxwq_GajcurqLI7zGFfw,Hà Nội ơi (386),night(label)
Hanoi,,21.0283334,105.854041,rJR4gvWaY7w,https://www.youtube.com/watch?v=rJR4gvWaY7w,0,406,1,0,UCcROxwq_GajcurqLI7zGFfw,Hà Nội ơi (988),night(label)
Hanoi,,21.0283334,105.854041,1lprddhxm7k,https://www.youtube.com/watch?v=1lprddhxm7k,30,531,0,0,UCcROxwq_GajcurqLI7zGFfw,Hà Nội ơi (258),
Hanoi,,21.0283334,105.854041,GEVpZ9y_zfU,https://www.youtube.com/watch?v=GEVpZ9y_zfU,0,352,0,0,UCcROxwq_GajcurqLI7zGFfw,Hà Nội ơi (391),
Hanoi,,21.0283334,105.854041,CRUiB0viK60,https://www.youtube.com/watch?v=CRUiB0viK60,0,531,0,0,UCcROxwq_GajcurqLI7zGFfw,Hà Nội ơi (254),
Hanoi,,21.0283334,105.854041,uztUt2sHi7s,https://www.youtube.com/watch?v=uztUt2sHi7s,0,531,0,0,UCcROxwq_GajcurqLI7zGFfw,Hà Nội ơi (778),
Hanoi,,21.0283334,105.854041,0wQABpOm0PQ,https://www.youtube.com/watch?v=0wQABpOm0PQ,0,531,0,0,UCcROxwq_GajcurqLI7zGFfw,Hà Nội ơi (527) Mùa Thu,
Hanoi,,21.0283334,105.854041,1r2DWFTy30E,https://www.youtube.com/watch?v=1r2DWFTy30E,0,362,0,0,UCcROxwq_GajcurqLI7zGFfw,Hà Nội ơi (490) Mùa Thu,
Hanoi,,21.0283334,105.854041,AFT9v8LQ6uE,https://www.youtube.com/watch?v=AFT9v8LQ6uE,0,531,0,0,UCcROxwq_GajcurqLI7zGFfw,Hà Nội ơi (379),
Hanoi,,21.0283334,105.854041,yaC0TC-d3N8,https://www.youtube.com/watch?v=yaC0TC-d3N8,0,531,0,0,UCcROxwq_GajcurqLI7zGFfw,Hà Nội ơi (432),
Hanoi,,21.0283334,105.854041,CCR8FKVW9DI,https://www.youtube.com/watch?v=CCR8FKVW9DI,0,26,0,0,UCcROxwq_GajcurqLI7zGFfw,Hà Nội ơi (603),
Hanoi,,21.0283334,105.854041,CCR8FKVW9DI,https://www.youtube.com/watch?v=CCR8FKVW9DI,408,451,1,0,UCcROxwq_GajcurqLI7zGFfw,Hà Nội ơi (603),night(label)
Hanoi,,21.0283334,105.854041,zZZmf5L3FNo,https://www.youtube.com/watch?v=zZZmf5L3FNo,0,347,0,0,UCcROxwq_GajcurqLI7zGFfw,Hà Nội ơi (824),
Hanoi,,21.0283334,105.854041,esJvKeQ8nXE,https://www.youtube.com/watch?v=esJvKeQ8nXE,0,699,0,0,UCcROxwq_GajcurqLI7zGFfw,Hà Nội mùa Thu (24 1107),
Hanoi,,21.0283334,105.854041,IwtKeAWMWHQ,https://www.youtube.com/watch?v=IwtKeAWMWHQ,0,305,0,0,UCcROxwq_GajcurqLI7zGFfw,Hà Nội ơi (445),
Hanoi,,21.0283334,105.854041,HeWORbLLS4Q,https://www.youtube.com/watch?v=HeWORbLLS4Q,0,247,0,0,UCcROxwq_GajcurqLI7zGFfw,Hà Nội ơi (514) Mùa Thu,
Hanoi,,21.0283334,105.854041,Bvc4kEr1KXQ,https://www.youtube.com/watch?v=Bvc4kEr1KXQ,0,531,1,0,UCcROxwq_GajcurqLI7zGFfw,Hà Nội ơi (814),night(label)
Hanoi,,21.0283334,105.854041,1u8xmXf5W6Q,https://www.youtube.com/watch?v=1u8xmXf5W6Q,0,531,0,0,UCcROxwq_GajcurqLI7zGFfw,Hà Nội ơi (828),
Hanoi,,21.0283334,105.854041,HLZXvMouWR4,https://www.youtube.com/watch?v=HLZXvMouWR4,0,531,0,0,UCcROxwq_GajcurqLI7zGFfw,Hà Nội ơi (278),
Hanoi,,21.0283334,105.854041,Un7vTDQ9sXw,https://www.youtube.com/watch?v=Un7vTDQ9sXw,0,530,0,0,UCcROxwq_GajcurqLI7zGFfw,Hà Nội ơi (385),
Hanoi,,21.0283334,105.854041,d5vC4mq6QAk,https://www.youtube.com/watch?v=d5vC4mq6QAk,0,434,1,0,UCcROxwq_GajcurqLI7zGFfw,Hà Nội ơi (551),night(label)
Hanoi,,21.0283334,105.854041,ksKwrduPoSc,https://www.youtube.com/watch?v=ksKwrduPoSc,0,531,1,0,UCcROxwq_GajcurqLI7zGFfw,Hà Nội ơi (987),night(label)
Hanoi,,21.0283334,105.854041,Y5pxI6tLWlk,https://www.youtube.com/watch?v=Y5pxI6tLWlk,0,531,0,0,UCcROxwq_GajcurqLI7zGFfw,Hà Nội ơi (543),
Hanoi,,21.0283334,105.854041,K2A-9eSL6U8,https://www.youtube.com/watch?v=K2A-9eSL6U8,0,332,0,0,UCcROxwq_GajcurqLI7zGFfw,Hà Nội ơi (852),
Hanoi,,21.0283334,105.854041,KMKFcRABI5M,https://www.youtube.com/watch?v=KMKFcRABI5M,0,1511,0,0,UCcROxwq_GajcurqLI7zGFfw,Hà Nội ngày đầu năm Quý Mão,
Hanoi,,21.0283334,105.854041,z8U5FkR4bKA,https://www.youtube.com/watch?v=z8U5FkR4bKA,0,521,0,0,UCcROxwq_GajcurqLI7zGFfw,Hà Nội ơi (256),
Hanoi,,21.0283334,105.854041,DYaCFBB6uHA,https://www.youtube.com/watch?v=DYaCFBB6uHA,0,332,0,0,UCcROxwq_GajcurqLI7zGFfw,Hà Nội ơi (282),
Hanoi,,21.0283334,105.854041,D-BZyVOavRU,https://www.youtube.com/watch?v=D-BZyVOavRU,0,531,0,0,UCcROxwq_GajcurqLI7zGFfw,Hà Nội ơi (440),
Hanoi,,21.0283334,105.854041,Cd67pCVOkhI,https://www.youtube.com/watch?v=Cd67pCVOkhI,0,361,0,0,UCcROxwq_GajcurqLI7zGFfw,Hà Nội ơi (541),
Hanoi,,21.0283334,105.854041,2D-_4Sluuw8,https://www.youtube.com/watch?v=2D-_4Sluuw8,0,531,1,0,UCcROxwq_GajcurqLI7zGFfw,Hà Nội ơi (374),night(label)
Hanoi,,21.0283334,105.854041,830SgSJIJ0w,https://www.youtube.com/watch?v=830SgSJIJ0w,0,431,0,0,UCcROxwq_GajcurqLI7zGFfw,Hà Nội ơi (622),
Hanoi,,21.0283334,105.854041,ALshdFlepWM,https://www.youtube.com/watch?v=ALshdFlepWM,0,343,0,0,UCcROxwq_GajcurqLI7zGFfw,Hà Nội ơi (726),
Hanoi,,21.0283334,105.854041,jYVaeGEstzI,https://www.youtube.com/watch?v=jYVaeGEstzI,0,531,1,0,UCcROxwq_GajcurqLI7zGFfw,Hà Nội ơi (530) Mùa Thu,night(label)
Hanoi,,21.0283334,105.854041,-PxInsvCb8Y,https://www.youtube.com/watch?v=-PxInsvCb8Y,0,531,1,0,UCcROxwq_GajcurqLI7zGFfw,Hà Nội ơi (728),night(label)
Hanoi,,21.0283334,105.854041,MxQp6gowuRc,https://www.youtube.com/watch?v=MxQp6gowuRc,0,531,0,0,UCcROxwq_GajcurqLI7zGFfw,Hà Nội ơi (535),
Hanoi,,21.0283334,105.854041,d-1ELjtHelI,https://www.youtube.com/watch?v=d-1ELjtHelI,0,531,0,0,UCcROxwq_GajcurqLI7zGFfw,Hà Nội ơi (257),
Hanoi,,21.0283334,105.854041,Qcl20A09CX8,https://www.youtube.com/watch?v=Qcl20A09CX8,0,343,0,0,UCcROxwq_GajcurqLI7zGFfw,Hà Nội ơi (774),
Hanoi,,21.0283334,105.854041,Upd8-8X8VGY,https://www.youtube.com/watch?v=Upd8-8X8VGY,0,383,0,0,UCcROxwq_GajcurqLI7zGFfw,Hà Nội ơi (932),
Hanoi,,21.0283334,105.854041,8rE-pTKP4FM,https://www.youtube.com/watch?v=8rE-pTKP4FM,0,531,0,0,UCcROxwq_GajcurqLI7zGFfw,Hà Nội ơi (253),
Hanoi,,21.0283334,105.854041,05r04ge4KRE,https://www.youtube.com/watch?v=05r04ge4KRE,0,409,0,0,UCcROxwq_GajcurqLI7zGFfw,Hà Nội ơi (450),
Hanoi,,21.0283334,105.854041,1HV8X-4yWvM,https://www.youtube.com/watch?v=1HV8X-4yWvM,0,399,1,0,UCcROxwq_GajcurqLI7zGFfw,Hà Nội ơi (423),night(label)
Hanoi,,21.0283334,105.854041,2LW-MIyyl7k,https://www.youtube.com/watch?v=2LW-MIyyl7k,0,343,0,0,UCcROxwq_GajcurqLI7zGFfw,Hà Nội ơi (456),
Hanoi,,21.0283334,105.854041,nfajHoMhXqE,https://www.youtube.com/watch?v=nfajHoMhXqE,0,1534,1,0,UCcROxwq_GajcurqLI7zGFfw,"Hà Nội, 9h tối Chủ Nhật mùa Hè năm 2021, thời Covid",night
Hanoi,,21.0283334,105.854041,F_zMFQi6oGI,https://www.youtube.com/watch?v=F_zMFQi6oGI,0,531,0,0,UCcROxwq_GajcurqLI7zGFfw,Hà Nội ơi (405),
Hanoi,,21.0283334,105.854041,c_capApBB5o,https://www.youtube.com/watch?v=c_capApBB5o,0,445,0,0,UCcROxwq_GajcurqLI7zGFfw,Hà Nội ơi (544),
Hanoi,,21.0283334,105.854041,lJtbj5EY1bA,https://www.youtube.com/watch?v=lJtbj5EY1bA,0,531,1,0,UCcROxwq_GajcurqLI7zGFfw,Hà Nội ơi (367),night(label)
Hanoi,,21.0283334,105.854041,YA6dgH5757Q,https://www.youtube.com/watch?v=YA6dgH5757Q,0,322,0,0,UCcROxwq_GajcurqLI7zGFfw,Hà Nội ơi (505) Mùa Thu,
Hanoi,,21.0283334,105.854041,1KXuIRkd0mk,https://www.youtube.com/watch?v=1KXuIRkd0mk,0,530,1,0,UCcROxwq_GajcurqLI7zGFfw,"LOANH QUANH HÀ NỘI LÚC CHẬP CHOẠNG TỐI, MỘT NGÀY NÓNG THÁNG TƯ NĂM 2019",night
Hanoi,,21.0283334,105.854041,-A5WyZlCt1k,https://www.youtube.com/watch?v=-A5WyZlCt1k,0,531,1,0,UCcROxwq_GajcurqLI7zGFfw,Hà Nội ơi (370),night(label)
Hanoi,,21.0283334,105.854041,YHzVK0BoTko,https://www.youtube.com/watch?v=YHzVK0BoTko,0,461,0,0,UCcROxwq_GajcurqLI7zGFfw,Hà Nội ơi (280),
Hanoi,,21.0283334,105.854041,pkfgy-cjrv4,https://www.youtube.com/watch?v=pkfgy-cjrv4,0,425,0,0,UCcROxwq_GajcurqLI7zGFfw,Hà Nội ơi (216),
Hanoi,,21.0283334,105.854041,1qEbjVEf8Q0,https://www.youtube.com/watch?v=1qEbjVEf8Q0,60,531,0,0,UCcROxwq_GajcurqLI7zGFfw,Hà Nội ơi (248) Từ Nhà Đến Cơ Quan,
Hanoi,,21.0283334,105.854041,q-jZ3N039-o,https://www.youtube.com/watch?v=q-jZ3N039-o,0,389,1,0,UCcROxwq_GajcurqLI7zGFfw,Hà Nội ơi (431),night(label)
Hanoi,,21.0283334,105.854041,z8alwCVEiWo,https://www.youtube.com/watch?v=z8alwCVEiWo,0,313,0,0,UCcROxwq_GajcurqLI7zGFfw,Hà Nội ơi (491) Mùa Thu,
Hanoi,,21.0283334,105.854041,-o3HqTYM41o,https://www.youtube.com/watch?v=-o3HqTYM41o,0,531,0,0,UCcROxwq_GajcurqLI7zGFfw,Hà Nội ơi (666) Hai Bố Con,
Hanoi,,21.0283334,105.854041,wuvUU9deog4,https://www.youtube.com/watch?v=wuvUU9deog4,0,531,0,0,UCcROxwq_GajcurqLI7zGFfw,Hà Nội ơi (740) Ngoại Thành,
Hanoi,,21.0283334,105.854041,hAvAncAa67I,https://www.youtube.com/watch?v=hAvAncAa67I,0,370,1,0,UCcROxwq_GajcurqLI7zGFfw,Hà Nội ơi (796),night(label)
Hanoi,,21.0283334,105.854041,7-h6j6W-BVU,https://www.youtube.com/watch?v=7-h6j6W-BVU,0,429,0,0,UCcROxwq_GajcurqLI7zGFfw,Hà Nội ơi (276),
Hanoi,,21.0283334,105.854041,jqKHz5hRcsI,https://www.youtube.com/watch?v=jqKHz5hRcsI,0,375,1,0,UCcROxwq_GajcurqLI7zGFfw,Hà Nội ơi (231),night(label)
Hanoi,,21.0283334,105.854041,1DQR9aPwIhk,https://www.youtube.com/watch?v=1DQR9aPwIhk,0,530,0,0,UCcROxwq_GajcurqLI7zGFfw,Hà Nội ơi (371),
Hanoi,,21.0283334,105.854041,iOd1SDQAS00,https://www.youtube.com/watch?v=iOd1SDQAS00,0,337,0,0,UCcROxwq_GajcurqLI7zGFfw,Hà Nội ơi (531) Mùa Thu,
Hanoi,,21.0283334,105.854041,St487Nb1cxQ,https://www.youtube.com/watch?v=St487Nb1cxQ,0,463,0,0,UCcROxwq_GajcurqLI7zGFfw,Hà Nội ơi (285),
Hanoi,,21.0283334,105.854041,paXb5qf-IAI,https://www.youtube.com/watch?v=paXb5qf-IAI,34,369,0,0,UCcROxwq_GajcurqLI7zGFfw,Hà Nội ơi (454),
Hanoi,,21.0283334,105.854041,1_AKovgAhdA,https://www.youtube.com/watch?v=1_AKovgAhdA,0,531,1,0,UCcROxwq_GajcurqLI7zGFfw,Đường phố Hà Nội năm 2019,night(label)
Hanoi,,21.0283334,105.854041,9eY1XVttGiY,https://www.youtube.com/watch?v=9eY1XVttGiY,0,419,0,0,UCcROxwq_GajcurqLI7zGFfw,Hà Nội ơi (218),
Hanoi,,21.0283334,105.854041,QTWsd1clDb8,https://www.youtube.com/watch?v=QTWsd1clDb8,0,531,0,0,UCcROxwq_GajcurqLI7zGFfw,Hà Nội ơi (433),
Hanoi,,21.0283334,105.854041,LDxyZsEiyEk,https://www.youtube.com/watch?v=LDxyZsEiyEk,0,508,0,0,UCcROxwq_GajcurqLI7zGFfw,Hà Nội ơi (810),
Hanoi,,21.0283334,105.854041,OPji310Wb_Q,https://www.youtube.com/watch?v=OPji310Wb_Q,0,356,0,0,UCcROxwq_GajcurqLI7zGFfw,Hà Nội ơi (496) Mùa Thu,
Hanoi,,21.0283334,105.854041,hYb3AdJNAhE,https://www.youtube.com/watch?v=hYb3AdJNAhE,0,310,0,0,UCcROxwq_GajcurqLI7zGFfw,Hà Nội ơi (270),
Hanoi,,21.0283334,105.854041,4rr4xPv-LwA,https://www.youtube.com/watch?v=4rr4xPv-LwA,0,531,0,0,UCcROxwq_GajcurqLI7zGFfw,Hà Nội ơi (351),
Hanoi,,21.0283334,105.854041,BPVP4uxkD0U,https://www.youtube.com/watch?v=BPVP4uxkD0U,0,531,1,0,UCcROxwq_GajcurqLI7zGFfw,Hà Nội ơi (369),night(label)
Hanoi,,21.0283334,105.854041,G7nxOELe16Q,https://www.youtube.com/watch?v=G7nxOELe16Q,0,531,0,0,UCcROxwq_GajcurqLI7zGFfw,Hà Nội ơi (337),
Hanoi,,21.0283334,105.854041,w6_WL0vgxec,https://www.youtube.com/watch?v=w6_WL0vgxec,0,337,0,0,UCcROxwq_GajcurqLI7zGFfw,Hà Nội ơi (617),
Hanoi,,21.0283334,105.854041,djfFcbNNO0A,https://www.youtube.com/watch?v=djfFcbNNO0A,0,531,0,0,UCcROxwq_GajcurqLI7zGFfw,Hà Nội ơi (575),
Hanoi,,21.0283334,105.854041,2lmmHBdHu0c,https://www.youtube.com/watch?v=2lmmHBdHu0c,0,319,1,0,UCcROxwq_GajcurqLI7zGFfw,Hà Nội ơi (601),night(label)
Hanoi,,21.0283334,105.854041,a4DDxXrpmEg,https://www.youtube.com/watch?v=a4DDxXrpmEg,0,376,0,0,UCcROxwq_GajcurqLI7zGFfw,Hà Nội ơi (924),
Hanoi,,21.0283334,105.854041,VP0Pc7Bpd_o,https://www.youtube.com/watch?v=VP0Pc7Bpd_o,0,531,0,0,UCcROxwq_GajcurqLI7zGFfw,Hà Nội ơi (252),
Hanoi,,21.0283334,105.854041,v-gDP7Prg5g,https://www.youtube.com/watch?v=v-gDP7Prg5g,0,406,0,0,UCcROxwq_GajcurqLI7zGFfw,Hà Nội ơi (776),
Hanoi,,21.0283334,105.854041,zWLHSVGEjjE,https://www.youtube.com/watch?v=zWLHSVGEjjE,0,386,0,0,UCcROxwq_GajcurqLI7zGFfw,Hà Nội ơi (348),
Hanoi,,21.0283334,105.854041,IKk3sMGds0M,https://www.youtube.com/watch?v=IKk3sMGds0M,0,531,1,0,UCcROxwq_GajcurqLI7zGFfw,Hà Nội ơi (816),night(label)
Hanoi,,21.0283334,105.854041,VOHuOb6ZJHY,https://www.youtube.com/watch?v=VOHuOb6ZJHY,0,340,0,0,UCcROxwq_GajcurqLI7zGFfw,Hà Nội ơi (447),
Hanoi,,21.0283334,105.854041,GgZbAbE7AwI,https://www.youtube.com/watch?v=GgZbAbE7AwI,0,530,0,0,UCcROxwq_GajcurqLI7zGFfw,Hà Nội ơi (401),
Hanoi,,21.0283334,105.854041,ZhNyzt76vJk,https://www.youtube.com/watch?v=ZhNyzt76vJk,0,452,0,0,UCcROxwq_GajcurqLI7zGFfw,Hà Nội ơi (225),
Hanoi,,21.0283334,105.854041,gWRuD4fGeyw,https://www.youtube.com/watch?v=gWRuD4fGeyw,0,402,0,0,UCcROxwq_GajcurqLI7zGFfw,Hà Nội ơi (409) Hoà Lạc,
Hanoi,,21.0283334,105.854041,86vtlXnq2hQ,https://www.youtube.com/watch?v=86vtlXnq2hQ,0,531,0,0,UCcROxwq_GajcurqLI7zGFfw,Hà Nội ơi (418) Sau Cơn Mưa,
Hanoi,,21.0283334,105.854041,YyigiWOoVnI,https://www.youtube.com/watch?v=YyigiWOoVnI,0,529,1,0,UCcROxwq_GajcurqLI7zGFfw,Hà Nội ơi (233),night(label)
Hanoi,,21.0283334,105.854041,G5qaM6kwIMs,https://www.youtube.com/watch?v=G5qaM6kwIMs,0,531,0,0,UCcROxwq_GajcurqLI7zGFfw,Hà Nội ơi (352),
Hanoi,,21.0283334,105.854041,ouTCvZ8ZPJI,https://www.youtube.com/watch?v=ouTCvZ8ZPJI,0,386,1,0,UCcROxwq_GajcurqLI7zGFfw,Hà Nội ơi (559),night(label)
Hanoi,,21.0283334,105.854041,zdE-oHOZHqM,https://www.youtube.com/watch?v=zdE-oHOZHqM,0,530,0,0,UCcROxwq_GajcurqLI7zGFfw,Hà Nội ơi (304),
Hanoi,,21.0283334,105.854041,RVua-T5SeCg,https://www.youtube.com/watch?v=RVua-T5SeCg,0,312,0,0,UCcROxwq_GajcurqLI7zGFfw,Hà Nội ơi (498) Mùa Thu,
Hanoi,,21.0283334,105.854041,rnTMWmRT26A,https://www.youtube.com/watch?v=rnTMWmRT26A,0,329,0,0,UCcROxwq_GajcurqLI7zGFfw,Hà Nội ơi (503) Mùa Thu,
Hanoi,,21.0283334,105.854041,kxVAzNjyFvI,https://www.youtube.com/watch?v=kxVAzNjyFvI,0,531,0,0,UCcROxwq_GajcurqLI7zGFfw,Hà Nội ơi (703),
Hanoi,,21.0283334,105.854041,WI9_E_1PqLQ,https://www.youtube.com/watch?v=WI9_E_1PqLQ,0,531,0,0,UCcROxwq_GajcurqLI7zGFfw,Hà Nội ơi (717),
Hanoi,,21.0283334,105.854041,-0m21U5mkCw,https://www.youtube.com/watch?v=-0m21U5mkCw,0,531,1,0,UCcROxwq_GajcurqLI7zGFfw,Hà Nội ơi (557),night(label)
Hanoi,,21.0283334,105.854041,3aaf80loE4M,https://www.youtube.com/watch?v=3aaf80loE4M,0,398,0,0,UCcROxwq_GajcurqLI7zGFfw,Hà Nội ơi (689),
Hanoi,,21.0283334,105.854041,9t7wuCNctlU,https://www.youtube.com/watch?v=9t7wuCNctlU,0,531,0,0,UCcROxwq_GajcurqLI7zGFfw,Hà Nội ơi (287),
Hanoi,,21.0283334,105.854041,GnyH2uhiXmU,https://www.youtube.com/watch?v=GnyH2uhiXmU,0,496,1,0,UCcROxwq_GajcurqLI7zGFfw,Hà Nội ơi (426),night(label)
Hanoi,,21.0283334,105.854041,XzInh8zeJbw,https://www.youtube.com/watch?v=XzInh8zeJbw,0,304,0,0,UCcROxwq_GajcurqLI7zGFfw,Hà Nội ơi (714) Hà Tây Cũ,
Hanoi,,21.0283334,105.854041,ocfnD__KVJc,https://www.youtube.com/watch?v=ocfnD__KVJc,0,482,0,0,UCcROxwq_GajcurqLI7zGFfw,Hà Nội ơi (846),
Hanoi,,21.0283334,105.854041,ZhB25y59T-s,https://www.youtube.com/watch?v=ZhB25y59T-s,0,530,1,0,UCcROxwq_GajcurqLI7zGFfw,Hà Nội ơi (748) Sân vận động Mỹ Đình,night(label)
Hanoi,,21.0283334,105.854041,ubS0_xUbmd0,https://www.youtube.com/watch?v=ubS0_xUbmd0,0,531,0,0,UCcROxwq_GajcurqLI7zGFfw,Hà Nội ơi (277),
Hanoi,,21.0283334,105.854041,QmdBSZETBU4,https://www.youtube.com/watch?v=QmdBSZETBU4,0,531,1,0,UCcROxwq_GajcurqLI7zGFfw,Hà Nội ơi (823),night(label)
Hanoi,,21.0283334,105.854041,QUZeV-oYnLE,https://www.youtube.com/watch?v=QUZeV-oYnLE,0,530,0,0,UCcROxwq_GajcurqLI7zGFfw,Hà Nội ơi (858),
Hanoi,,21.0283334,105.854041,2Gvs2sNDlQM,https://www.youtube.com/watch?v=2Gvs2sNDlQM,0,342,0,0,UCcROxwq_GajcurqLI7zGFfw,Hà Nội ơi (574),
Hanoi,,21.0283334,105.854041,qLT7w-BWGU0,https://www.youtube.com/watch?v=qLT7w-BWGU0,0,407,0,0,UCcROxwq_GajcurqLI7zGFfw,Hà Nội ơi (738),
Hanoi,,21.0283334,105.854041,WOB69izFOag,https://www.youtube.com/watch?v=WOB69izFOag,0,398,0,0,UCcROxwq_GajcurqLI7zGFfw,Hà Nội ơi (840) Long Biên,
Hanoi,,21.0283334,105.854041,DVv9a0PZdfo,https://www.youtube.com/watch?v=DVv9a0PZdfo,10,531,0,0,UCcROxwq_GajcurqLI7zGFfw,Hà Nội ơi (373),
Hanoi,,21.0283334,105.854041,uAwFiG3yGuw,https://www.youtube.com/watch?v=uAwFiG3yGuw,0,509,1,0,UCcROxwq_GajcurqLI7zGFfw,Hà Nội ơi (933),night(label)
Hanoi,,21.0283334,105.854041,ggt3pibPc_I,https://www.youtube.com/watch?v=ggt3pibPc_I,0,531,0,0,UCcROxwq_GajcurqLI7zGFfw,Hà Nội ơi (864) Thảo Sơn Thăm HN,
Hanoi,,21.0283334,105.854041,jTpdcvvmB-0,https://www.youtube.com/watch?v=jTpdcvvmB-0,0,373,0,0,UCcROxwq_GajcurqLI7zGFfw,Hà Nội ơi (410),
Hanoi,,21.0283334,105.854041,7tsAhRbg4sw,https://www.youtube.com/watch?v=7tsAhRbg4sw,0,531,0,0,UCcROxwq_GajcurqLI7zGFfw,Hà Nội ơi (341),
Hanoi,,21.0283334,105.854041,uO93zgr4BBE,https://www.youtube.com/watch?v=uO93zgr4BBE,0,531,0,0,UCcROxwq_GajcurqLI7zGFfw,Hà Nội ơi (545),
Hanoi,,21.0283334,105.854041,g-3NLkr5WPo,https://www.youtube.com/watch?v=g-3NLkr5WPo,0,420,1,0,UCcROxwq_GajcurqLI7zGFfw,Hà Nội ơi (359),night(label)
Hanoi,,21.0283334,105.854041,1fPg1K8NbOE,https://www.youtube.com/watch?v=1fPg1K8NbOE,0,301,0,0,UCcROxwq_GajcurqLI7zGFfw,Hà Nội ơi (576),
Hanoi,,21.0283334,105.854041,ogFM0dJMZX0,https://www.youtube.com/watch?v=ogFM0dJMZX0,0,529,1,0,UCcROxwq_GajcurqLI7zGFfw,Hà Nội ơi (930),night(label)
Hanoi,,21.0283334,105.854041,bXmdVg9H1V8,https://www.youtube.com/watch?v=bXmdVg9H1V8,0,531,0,0,UCcROxwq_GajcurqLI7zGFfw,Hà Nội ơi (244),
Hanoi,,21.0283334,105.854041,pZqRdataGiQ,https://www.youtube.com/watch?v=pZqRdataGiQ,0,531,0,0,UCcROxwq_GajcurqLI7zGFfw,Hà Nội ơi (260),
Hanoi,,21.0283334,105.854041,Q-u_Q94AWVE,https://www.youtube.com/watch?v=Q-u_Q94AWVE,0,531,1,0,UCcROxwq_GajcurqLI7zGFfw,Hà Nội ơi (363),night(label)
Hanoi,,21.0283334,105.854041,1rsHNn7QYVs,https://www.youtube.com/watch?v=1rsHNn7QYVs,0,531,0,0,UCcROxwq_GajcurqLI7zGFfw,Hà Nội ơi (779),
Hanoi,,21.0283334,105.854041,mzP5_P-u0EA,https://www.youtube.com/watch?v=mzP5_P-u0EA,0,350,0,0,UCcROxwq_GajcurqLI7zGFfw,Hà Nội ơi (417),
Hanoi,,21.0283334,105.854041,8BIKnhwg8s4,https://www.youtube.com/watch?v=8BIKnhwg8s4,0,530,1,0,UCcROxwq_GajcurqLI7zGFfw,Hà Nội ơi (245),night(label)
Hanoi,,21.0283334,105.854041,39wqQJAzkwY,https://www.youtube.com/watch?v=39wqQJAzkwY,0,210,0,0,UCcROxwq_GajcurqLI7zGFfw,Hà Nội ơi (462) Mùa Thu,
Hanoi,,21.0283334,105.854041,7OzGD9ljUas,https://www.youtube.com/watch?v=7OzGD9ljUas,0,531,0,0,UCcROxwq_GajcurqLI7zGFfw,Hà Nội ơi (381),
Hanoi,,21.0283334,105.854041,hwzjkUA7j-0,https://www.youtube.com/watch?v=hwzjkUA7j-0,0,313,0,0,UCcROxwq_GajcurqLI7zGFfw,Hà Nội ơi (419) Sau Cơn Mưa,
Hanoi,,21.0283334,105.854041,HNtEEhZt-3M,https://www.youtube.com/watch?v=HNtEEhZt-3M,0,530,1,0,UCcROxwq_GajcurqLI7zGFfw,TRÀNG TIỀN HÀ NỘI MÙA GIÁNG SINH NĂM 2019,tet/holiday;night(label)
Hanoi,,21.0283334,105.854041,TGMLbkvt8sk,https://www.youtube.com/watch?v=TGMLbkvt8sk,0,530,1,0,UCcROxwq_GajcurqLI7zGFfw,Hà Nội ơi (702),night(label)
Hanoi,,21.0283334,105.854041,HkKRPXzpReA,https://www.youtube.com/watch?v=HkKRPXzpReA,0,424,1,0,UCcROxwq_GajcurqLI7zGFfw,Hà Nội ơi (479) Mùa Thu,night(label)
Hanoi,,21.0283334,105.854041,72NKcjpkxvc,https://www.youtube.com/watch?v=72NKcjpkxvc,0,531,1,0,UCcROxwq_GajcurqLI7zGFfw,Hà Nội ơi (558),night(label)
Hanoi,,21.0283334,105.854041,LXCds5jmuUk,https://www.youtube.com/watch?v=LXCds5jmuUk,0,406,0,0,UCcROxwq_GajcurqLI7zGFfw,Hà Nội ơi (214b),
Hanoi,,21.0283334,105.854041,nY5yXRLnBYs,https://www.youtube.com/watch?v=nY5yXRLnBYs,0,531,0,0,UCcROxwq_GajcurqLI7zGFfw,Hà Nội ơi (338),
Hanoi,,21.0283334,105.854041,PubE4TBT3V4,https://www.youtube.com/watch?v=PubE4TBT3V4,0,342,0,0,UCcROxwq_GajcurqLI7zGFfw,Hà Nội ơi (692),
Hanoi,,21.0283334,105.854041,RSPR8kgPCxM,https://www.youtube.com/watch?v=RSPR8kgPCxM,0,531,1,0,UCcROxwq_GajcurqLI7zGFfw,Hà Nội ơi (361),night(label)
Hanoi,,21.0283334,105.854041,sSSw_HiMoj0,https://www.youtube.com/watch?v=sSSw_HiMoj0,0,530,0,0,UCcROxwq_GajcurqLI7zGFfw,Hà Nội ơi (438),
Hanoi,,21.0283334,105.854041,Yi8MBo2mARs,https://www.youtube.com/watch?v=Yi8MBo2mARs,0,531,1,0,UCcROxwq_GajcurqLI7zGFfw,Hà Nội ơi (478) Mùa Thu,night(label)
Hanoi,,21.0283334,105.854041,Mucw941FEMI,https://www.youtube.com/watch?v=Mucw941FEMI,0,531,0,0,UCcROxwq_GajcurqLI7zGFfw,Hà Nội ơi (563),
Hanoi,,21.0283334,105.854041,IpiyGJPQLoc,https://www.youtube.com/watch?v=IpiyGJPQLoc,0,328,1,0,UCcROxwq_GajcurqLI7zGFfw,Hà Nội ơi (734),night(label)
Hanoi,,21.0283334,105.854041,x2PZUSqQ69w,https://www.youtube.com/watch?v=x2PZUSqQ69w,0,411,0,0,UCcROxwq_GajcurqLI7zGFfw,Hà Nội ơi (827),
Hanoi,,21.0283334,105.854041,kPlI6MbnSdU,https://www.youtube.com/watch?v=kPlI6MbnSdU,0,531,0,0,UCcROxwq_GajcurqLI7zGFfw,Hà Nội ơi (402),
Hanoi,,21.0283334,105.854041,c91MZ1YBk4g,https://www.youtube.com/watch?v=c91MZ1YBk4g,0,319,0,0,UCcROxwq_GajcurqLI7zGFfw,Hà Nội ơi (763),
Hanoi,,21.0283334,105.854041,5YcianoJj2k,https://www.youtube.com/watch?v=5YcianoJj2k,0,530,1,0,UCcROxwq_GajcurqLI7zGFfw,Hà Nội ơi (747),night(label)
Hanoi,,21.0283334,105.854041,bBXYsad11Ck,https://www.youtube.com/watch?v=bBXYsad11Ck,0,525,0,0,UCcROxwq_GajcurqLI7zGFfw,Hà Nội ơi (265),
Hanoi,,21.0283334,105.854041,-qKei36LFlY,https://www.youtube.com/watch?v=-qKei36LFlY,0,329,0,0,UCcROxwq_GajcurqLI7zGFfw,Hà Nội ơi (406),
Hanoi,,21.0283334,105.854041,cSeOD22h7JU,https://www.youtube.com/watch?v=cSeOD22h7JU,0,488,0,0,UCcROxwq_GajcurqLI7zGFfw,Hà Nội ơi (221),
Hanoi,,21.0283334,105.854041,4ENL7_3NdUk,https://www.youtube.com/watch?v=4ENL7_3NdUk,0,426,0,0,UCcROxwq_GajcurqLI7zGFfw,Hà Nội ơi (275),
Hanoi,,21.0283334,105.854041,IGSeo6mlT-Y,https://www.youtube.com/watch?v=IGSeo6mlT-Y,0,464,0,0,UCcROxwq_GajcurqLI7zGFfw,Hà Nội ơi (200),
Hanoi,,21.0283334,105.854041,IGSeo6mlT-Y,https://www.youtube.com/watch?v=IGSeo6mlT-Y,465,842,0,0,UCcROxwq_GajcurqLI7zGFfw,Hà Nội ơi (200),
Hanoi,,21.0283334,105.854041,wfwh2dqvx10,https://www.youtube.com/watch?v=wfwh2dqvx10,0,415,0,0,UCcROxwq_GajcurqLI7zGFfw,Hà Nội ơi (690),
Hanoi,,21.0283334,105.854041,SXxwPr651xg,https://www.youtube.com/watch?v=SXxwPr651xg,0,511,0,0,UCcROxwq_GajcurqLI7zGFfw,CHUYỂN ĐỘNG NGOẠI Ô HÀ NỘI,
Hanoi,,21.0283334,105.854041,FTKnllHCR9M,https://www.youtube.com/watch?v=FTKnllHCR9M,0,531,0,0,UCcROxwq_GajcurqLI7zGFfw,ĐƯỜNG ĐẾN HÀ ĐÔNG HÀ NỘI,
Hanoi,,21.0283334,105.854041,uNBBKUVfur4,https://www.youtube.com/watch?v=uNBBKUVfur4,0,705,0,0,UCcROxwq_GajcurqLI7zGFfw,Hà Nội ơi (208),
Hanoi,,21.0283334,105.854041,yfgG5qp4ONM,https://www.youtube.com/watch?v=yfgG5qp4ONM,0,531,0,0,UCcROxwq_GajcurqLI7zGFfw,Hà Nội ơi (729),
Hanoi,,21.0283334,105.854041,85ihb6HHRCk,https://www.youtube.com/watch?v=85ihb6HHRCk,0,313,0,0,UCcROxwq_GajcurqLI7zGFfw,Hà Nội ơi (296b),
Hanoi,,21.0283334,105.854041,KBUUEzRuoB4,https://www.youtube.com/watch?v=KBUUEzRuoB4,0,531,0,0,UCcROxwq_GajcurqLI7zGFfw,Hà Nội ơi (471) Mùa Thu,
Hanoi,,21.0283334,105.854041,KKfHbH3VJKM,https://www.youtube.com/watch?v=KKfHbH3VJKM,0,413,0,0,UCcROxwq_GajcurqLI7zGFfw,Hà Nội ơi (506),
Hanoi,,21.0283334,105.854041,moFW4xQe3zU,https://www.youtube.com/watch?v=moFW4xQe3zU,0,531,0,0,UCcROxwq_GajcurqLI7zGFfw,Hà Nội ơi (906),
Hanoi,,21.0283334,105.854041,ZxO7FUa-5sk,https://www.youtube.com/watch?v=ZxO7FUa-5sk,0,309,0,0,UCcROxwq_GajcurqLI7zGFfw,Hà Nội ơi (472) Mùa Thu,
Hanoi,,21.0283334,105.854041,hFtOyF2HqmA,https://www.youtube.com/watch?v=hFtOyF2HqmA,0,530,1,0,UCcROxwq_GajcurqLI7zGFfw,ĐÊM HÀ NỘI MỘT NGÀY NẮNG NÓNG MÙA HÈ NĂM 2019,night
Hanoi,,21.0283334,105.854041,nrMU3YkZki0,https://www.youtube.com/watch?v=nrMU3YkZki0,0,462,0,0,UCcROxwq_GajcurqLI7zGFfw,Hà Nội ơi (461) Mùa Thu,
Hanoi,,21.0283334,105.854041,-uloKaKnjk8,https://www.youtube.com/watch?v=-uloKaKnjk8,0,467,0,0,UCcROxwq_GajcurqLI7zGFfw,Hà Nội ơi (492) Mùa Thu,
Hanoi,,21.0283334,105.854041,MkXjKfSW7XY,https://www.youtube.com/watch?v=MkXjKfSW7XY,0,333,0,0,UCcROxwq_GajcurqLI7zGFfw,QUANG CẢNH PHỐ TRÀNG TIỀN HÀ NỘI NĂM 2019,
Hanoi,,21.0283334,105.854041,39IfC3KfCIA,https://www.youtube.com/watch?v=39IfC3KfCIA,0,495,1,0,UCcROxwq_GajcurqLI7zGFfw,"COVID KHÔNG THỂ LÀM THAY ĐỔI VẺ ĐẸP VÀ DÒNG CHUYỂN ĐỘNG TẤP NẬP CỦA HÀ NỘI, NGÀY GẦN TẾT TÂN SỬU!",tet/holiday;night(label)
Hanoi,,21.0283334,105.854041,OYvWg7fQUU4,https://www.youtube.com/watch?v=OYvWg7fQUU4,0,531,1,0,UCcROxwq_GajcurqLI7zGFfw,Hà Nội ơi (425),night(label)
Hanoi,,21.0283334,105.854041,EvgdkThrFkU,https://www.youtube.com/watch?v=EvgdkThrFkU,0,412,1,0,UCcROxwq_GajcurqLI7zGFfw,Hà Nội ơi (750),night(label)
Hanoi,,21.0283334,105.854041,y5tLg1gRgNw,https://www.youtube.com/watch?v=y5tLg1gRgNw,0,531,0,0,UCcROxwq_GajcurqLI7zGFfw,Hà Nội ơi (716) Đón Bông chuẩn bị Đám Cưới,
Hanoi,,21.0283334,105.854041,znDHpeGYUZA,https://www.youtube.com/watch?v=znDHpeGYUZA,0,531,0,0,UCcROxwq_GajcurqLI7zGFfw,Hà Nội ơi (449),
Hanoi,,21.0283334,105.854041,Fu66PhCAW_k,https://www.youtube.com/watch?v=Fu66PhCAW_k,0,459,0,0,UCcROxwq_GajcurqLI7zGFfw,Hà Nội ơi (411),
Hanoi,,21.0283334,105.854041,ByGYvZdBLos,https://www.youtube.com/watch?v=ByGYvZdBLos,0,26,0,0,UCcROxwq_GajcurqLI7zGFfw,Hà Nội ơi (047) SunGroup (T3),
Hanoi,,21.0283334,105.854041,ByGYvZdBLos,https://www.youtube.com/watch?v=ByGYvZdBLos,27,326,0,0,UCcROxwq_GajcurqLI7zGFfw,Hà Nội ơi (047) SunGroup (T3),
Hanoi,,21.0283334,105.854041,c4Kzg4x-_UE,https://www.youtube.com/watch?v=c4Kzg4x-_UE,0,531,0,0,UCcROxwq_GajcurqLI7zGFfw,Hà Nội ơi (211),
Hanoi,,21.0283334,105.854041,YVM7OjnZrQg,https://www.youtube.com/watch?v=YVM7OjnZrQg,0,506,0,0,UCcROxwq_GajcurqLI7zGFfw,Hà Nội ơi (220),
Hanoi,,21.0283334,105.854041,Q54KWw2xn64,https://www.youtube.com/watch?v=Q54KWw2xn64,0,444,0,0,UCcROxwq_GajcurqLI7zGFfw,Hà Nội ơi (217),
Hanoi,,21.0283334,105.854041,Q54KWw2xn64,https://www.youtube.com/watch?v=Q54KWw2xn64,445,489,0,0,UCcROxwq_GajcurqLI7zGFfw,Hà Nội ơi (217),
Hanoi,,21.0283334,105.854041,Q54KWw2xn64,https://www.youtube.com/watch?v=Q54KWw2xn64,619,819,0,0,UCcROxwq_GajcurqLI7zGFfw,Hà Nội ơi (217),
Hanoi,,21.0283334,105.854041,o22yoHZbsGs,https://www.youtube.com/watch?v=o22yoHZbsGs,0,435,0,0,UCcROxwq_GajcurqLI7zGFfw,Hà Nội ơi (477) Mùa Thu,
Hanoi,,21.0283334,105.854041,hScNCfwqBdI,https://www.youtube.com/watch?v=hScNCfwqBdI,0,426,0,0,UCcROxwq_GajcurqLI7zGFfw,Hà Nội ơi (943),
Hanoi,,21.0283334,105.854041,Ip_U9xGv-DM,https://www.youtube.com/watch?v=Ip_U9xGv-DM,0,531,0,0,UCcROxwq_GajcurqLI7zGFfw,Hà Nội ơi (705),
Hanoi,,21.0283334,105.854041,ch7J6m-vK-c,https://www.youtube.com/watch?v=ch7J6m-vK-c,0,317,0,0,UCcROxwq_GajcurqLI7zGFfw,Hà Nội ơi (410) Xuân Mai,
Hanoi,,21.0283334,105.854041,e8Jy0s2fB_w,https://www.youtube.com/watch?v=e8Jy0s2fB_w,0,500,1,0,UCcROxwq_GajcurqLI7zGFfw,Hà Nội ơi (198) Mưa,night(label)
Hanoi,,21.0283334,105.854041,ht-Lf7aBqv8,https://www.youtube.com/watch?v=ht-Lf7aBqv8,0,530,0,0,UCcROxwq_GajcurqLI7zGFfw,Hà Nội ơi (350),
Hanoi,,21.0283334,105.854041,kac3dnSn2kI,https://www.youtube.com/watch?v=kac3dnSn2kI,0,530,0,0,UCcROxwq_GajcurqLI7zGFfw,Hà Nội ơi (347),
Hanoi,,21.0283334,105.854041,S2WGTtVBFpo,https://www.youtube.com/watch?v=S2WGTtVBFpo,0,330,0,0,UCcROxwq_GajcurqLI7zGFfw,Hà Nội ơi (681),
Hanoi,,21.0283334,105.854041,5y6QgPYiLm8,https://www.youtube.com/watch?v=5y6QgPYiLm8,0,530,0,0,UCcROxwq_GajcurqLI7zGFfw,Hà Nội ơi (400),
Hanoi,,21.0283334,105.854041,EMQB4ZKsgNY,https://www.youtube.com/watch?v=EMQB4ZKsgNY,0,411,0,0,UCcROxwq_GajcurqLI7zGFfw,Hà Nội ơi (215),
Hanoi,,21.0283334,105.854041,sfdChnECoH0,https://www.youtube.com/watch?v=sfdChnECoH0,0,531,0,0,UCcROxwq_GajcurqLI7zGFfw,Hà Nội ơi (915),
Hanoi,,21.0283334,105.854041,iffZ0aKNHY4,https://www.youtube.com/watch?v=iffZ0aKNHY4,0,524,0,0,UCcROxwq_GajcurqLI7zGFfw,Hà Nội ơi (202),
Hanoi,,21.0283334,105.854041,yYI2ut1BLZk,https://www.youtube.com/watch?v=yYI2ut1BLZk,0,531,0,0,UCcROxwq_GajcurqLI7zGFfw,Hà Nội ơi (224),
Hanoi,,21.0283334,105.854041,H3UZcBz8ms4,https://www.youtube.com/watch?v=H3UZcBz8ms4,0,531,0,0,UCcROxwq_GajcurqLI7zGFfw,Hà Nội ơi (309),
Hanoi,,21.0283334,105.854041,OJzYHTCJqng,https://www.youtube.com/watch?v=OJzYHTCJqng,0,547,1,0,UCcROxwq_GajcurqLI7zGFfw,Hà Nội ơi (179),night(label)
Hanoi,,21.0283334,105.854041,Cujo-kpdQ4g,https://www.youtube.com/watch?v=Cujo-kpdQ4g,0,369,0,0,UCcROxwq_GajcurqLI7zGFfw,Hà Nội ơi (271),
Hanoi,,21.0283334,105.854041,-WyuK8i0RQA,https://www.youtube.com/watch?v=-WyuK8i0RQA,0,394,1,0,UCcROxwq_GajcurqLI7zGFfw,"9h tối, ngõ nhỏ phố nhỏ, Định Công Hà Nội ơi...",night
Hanoi,,21.0283334,105.854041,EYi-PPkx7Dk,https://www.youtube.com/watch?v=EYi-PPkx7Dk,0,531,1,0,UCcROxwq_GajcurqLI7zGFfw,Hà Nội ơi (917),night(label)
Hanoi,,21.0283334,105.854041,CXPhx_b1eMQ,https://www.youtube.com/watch?v=CXPhx_b1eMQ,0,518,1,0,UCcROxwq_GajcurqLI7zGFfw,Hà Nội ơi (724),night(label)
Hanoi,,21.0283334,105.854041,EkQaDgQoKoY,https://www.youtube.com/watch?v=EkQaDgQoKoY,0,530,1,0,UCcROxwq_GajcurqLI7zGFfw,Hà Nội ơi (820),night(label)
Hanoi,,21.0283334,105.854041,fkYeAQUCucg,https://www.youtube.com/watch?v=fkYeAQUCucg,0,475,0,0,UCcROxwq_GajcurqLI7zGFfw,Hà Nội ơi (109) myTravel,
Hanoi,,21.0283334,105.854041,Ov_FSvL2j4A,https://www.youtube.com/watch?v=Ov_FSvL2j4A,0,504,0,0,UCcROxwq_GajcurqLI7zGFfw,Hà Nội ơi (583),
Hanoi,,21.0283334,105.854041,2MXVs_Mhoek,https://www.youtube.com/watch?v=2MXVs_Mhoek,0,838,1,0,UCcROxwq_GajcurqLI7zGFfw,Hà Nội ơi (182),night(label)
Hanoi,,21.0283334,105.854041,SLqyYLp9wWw,https://www.youtube.com/watch?v=SLqyYLp9wWw,0,397,0,0,UCcROxwq_GajcurqLI7zGFfw,Hà Nội ơi (584),
Hanoi,,21.0283334,105.854041,0Kvyw_075qc,https://www.youtube.com/watch?v=0Kvyw_075qc,0,317,1,0,UCcROxwq_GajcurqLI7zGFfw,Hà Nội ơi (744),night(label)
Hanoi,,21.0283334,105.854041,DjWzX4qdB7s,https://www.youtube.com/watch?v=DjWzX4qdB7s,0,535,0,0,UCcROxwq_GajcurqLI7zGFfw,Hà Nội ơi (190),
Hanoi,,21.0283334,105.854041,6-mTAc0kjPs,https://www.youtube.com/watch?v=6-mTAc0kjPs,0,217,0,0,UCcROxwq_GajcurqLI7zGFfw,Hà Nội ơi (920),
Hanoi,,21.0283334,105.854041,3DINhSxlUb8,https://www.youtube.com/watch?v=3DINhSxlUb8,0,85,0,0,UCcROxwq_GajcurqLI7zGFfw,"CHUYỂN ĐỘNG PHỐ CỔ HÀ NỘI THỜI COVID, NĂM 2020!",
Hanoi,,21.0283334,105.854041,3DINhSxlUb8,https://www.youtube.com/watch?v=3DINhSxlUb8,489,531,0,0,UCcROxwq_GajcurqLI7zGFfw,"CHUYỂN ĐỘNG PHỐ CỔ HÀ NỘI THỜI COVID, NĂM 2020!",
Hanoi,,21.0283334,105.854041,IrxK7YwCC3o,https://www.youtube.com/watch?v=IrxK7YwCC3o,0,21,0,0,UCcROxwq_GajcurqLI7zGFfw,Hà Nội ơi (169),
Hanoi,,21.0283334,105.854041,IrxK7YwCC3o,https://www.youtube.com/watch?v=IrxK7YwCC3o,22,105,0,0,UCcROxwq_GajcurqLI7zGFfw,Hà Nội ơi (169),
Hanoi,,21.0283334,105.854041,IrxK7YwCC3o,https://www.youtube.com/watch?v=IrxK7YwCC3o,106,250,0,0,UCcROxwq_GajcurqLI7zGFfw,Hà Nội ơi (169),
Hanoi,,21.0283334,105.854041,IrxK7YwCC3o,https://www.youtube.com/watch?v=IrxK7YwCC3o,251,497,0,0,UCcROxwq_GajcurqLI7zGFfw,Hà Nội ơi (169),
Hanoi,,21.0283334,105.854041,IrxK7YwCC3o,https://www.youtube.com/watch?v=IrxK7YwCC3o,498,531,0,0,UCcROxwq_GajcurqLI7zGFfw,Hà Nội ơi (169),
Hanoi,,21.0283334,105.854041,IrxK7YwCC3o,https://www.youtube.com/watch?v=IrxK7YwCC3o,532,553,0,0,UCcROxwq_GajcurqLI7zGFfw,Hà Nội ơi (169),
Hanoi,,21.0283334,105.854041,IrxK7YwCC3o,https://www.youtube.com/watch?v=IrxK7YwCC3o,554,782,0,0,UCcROxwq_GajcurqLI7zGFfw,Hà Nội ơi (169),
Hanoi,,21.0283334,105.854041,72ZrcauZoeA,https://www.youtube.com/watch?v=72ZrcauZoeA,0,71,0,0,UCcROxwq_GajcurqLI7zGFfw,Hà Nội ơi (103) Nam Từ Liêm,
Hanoi,,21.0283334,105.854041,72ZrcauZoeA,https://www.youtube.com/watch?v=72ZrcauZoeA,72,274,0,0,UCcROxwq_GajcurqLI7zGFfw,Hà Nội ơi (103) Nam Từ Liêm,
Hanoi,,21.0283334,105.854041,72ZrcauZoeA,https://www.youtube.com/watch?v=72ZrcauZoeA,275,318,0,0,UCcROxwq_GajcurqLI7zGFfw,Hà Nội ơi (103) Nam Từ Liêm,
Hanoi,,21.0283334,105.854041,72ZrcauZoeA,https://www.youtube.com/watch?v=72ZrcauZoeA,319,545,0,0,UCcROxwq_GajcurqLI7zGFfw,Hà Nội ơi (103) Nam Từ Liêm,
Hanoi,,21.0283334,105.854041,72ZrcauZoeA,https://www.youtube.com/watch?v=72ZrcauZoeA,546,736,0,0,UCcROxwq_GajcurqLI7zGFfw,Hà Nội ơi (103) Nam Từ Liêm,
Hanoi,,21.0283334,105.854041,Hf-EdZqn0Hw,https://www.youtube.com/watch?v=Hf-EdZqn0Hw,0,414,1,0,UCcROxwq_GajcurqLI7zGFfw,Hà Nội ơi (721),night(label)
Hanoi,,21.0283334,105.854041,ePBuLZulse0,https://www.youtube.com/watch?v=ePBuLZulse0,0,443,0,0,UCcROxwq_GajcurqLI7zGFfw,Hà Nội ơi (307),
Hanoi,,21.0283334,105.854041,eAAPJGNJJIA,https://www.youtube.com/watch?v=eAAPJGNJJIA,0,328,0,0,UCcROxwq_GajcurqLI7zGFfw,Hà Nội ơi (151),
Hanoi,,21.0283334,105.854041,f0rp1R2w7go,https://www.youtube.com/watch?v=f0rp1R2w7go,0,325,0,0,UCcROxwq_GajcurqLI7zGFfw,Hà Nội ơi (580),
Hanoi,,21.0283334,105.854041,aF_DHT69gLg,https://www.youtube.com/watch?v=aF_DHT69gLg,0,505,0,0,UCcROxwq_GajcurqLI7zGFfw,Hà Nội ơi (228),
Hanoi,,21.0283334,105.854041,N-x9D4_Q8r8,https://www.youtube.com/watch?v=N-x9D4_Q8r8,20,445,0,0,UCcROxwq_GajcurqLI7zGFfw,HÀ NỘI TẾT NĂM TÂN SỬU (2021) THỜI COVID,tet/holiday
Hanoi,,21.0283334,105.854041,IiU5iE1ScUY,https://www.youtube.com/watch?v=IiU5iE1ScUY,0,531,0,0,UCcROxwq_GajcurqLI7zGFfw,Hà Nội ơi (885),
Hanoi,,21.0283334,105.854041,HDBAcI9lUtA,https://www.youtube.com/watch?v=HDBAcI9lUtA,0,414,0,0,UCcROxwq_GajcurqLI7zGFfw,Hà Nội ơi (210),
Hanoi,,21.0283334,105.854041,YZgiV0klH7M,https://www.youtube.com/watch?v=YZgiV0klH7M,0,531,0,0,UCcROxwq_GajcurqLI7zGFfw,Hà Nội ơi (249),
Hanoi,,21.0283334,105.854041,n08iP1PoAu8,https://www.youtube.com/watch?v=n08iP1PoAu8,0,531,1,0,UCcROxwq_GajcurqLI7zGFfw,Hà Nội ơi (246),night(label)
Hanoi,,21.0283334,105.854041,XTGg8wJ1og0,https://www.youtube.com/watch?v=XTGg8wJ1og0,0,531,0,0,UCcROxwq_GajcurqLI7zGFfw,Hà Nội ơi (413),
Hanoi,,21.0283334,105.854041,2wP02zOYzPQ,https://www.youtube.com/watch?v=2wP02zOYzPQ,0,23,0,0,UCcROxwq_GajcurqLI7zGFfw,Hà Nội ơi (198),
Hanoi,,21.0283334,105.854041,2wP02zOYzPQ,https://www.youtube.com/watch?v=2wP02zOYzPQ,24,312,0,0,UCcROxwq_GajcurqLI7zGFfw,Hà Nội ơi (198),
Hanoi,,21.0283334,105.854041,2wP02zOYzPQ,https://www.youtube.com/watch?v=2wP02zOYzPQ,313,352,0,0,UCcROxwq_GajcurqLI7zGFfw,Hà Nội ơi (198),
Hanoi,,21.0283334,105.854041,2wP02zOYzPQ,https://www.youtube.com/watch?v=2wP02zOYzPQ,353,377,0,0,UCcROxwq_GajcurqLI7zGFfw,Hà Nội ơi (198),
Hanoi,,21.0283334,105.854041,2wP02zOYzPQ,https://www.youtube.com/watch?v=2wP02zOYzPQ,384,540,0,0,UCcROxwq_GajcurqLI7zGFfw,Hà Nội ơi (198),
Hanoi,,21.0283334,105.854041,rqI_LOUmKAs,https://www.youtube.com/watch?v=rqI_LOUmKAs,0,471,0,0,UCcROxwq_GajcurqLI7zGFfw,Hà Nội ơi (912),
Hanoi,,21.0283334,105.854041,QUm2LmCaf2I,https://www.youtube.com/watch?v=QUm2LmCaf2I,0,305,0,0,UCcROxwq_GajcurqLI7zGFfw,Hà Nội ơi (678),
Hanoi,,21.0283334,105.854041,red4BiSc37A,https://www.youtube.com/watch?v=red4BiSc37A,0,339,1,0,UCcROxwq_GajcurqLI7zGFfw,Hà Nội ơi (921),night(label)
Hanoi,,21.0283334,105.854041,9njb4fsxzzQ,https://www.youtube.com/watch?v=9njb4fsxzzQ,0,447,1,0,UCcROxwq_GajcurqLI7zGFfw,ĐÊM QUA CẦU NHẬT TÂN HÀ NỘI,night
Hanoi,,21.0283334,105.854041,aZU07zx1jAk,https://www.youtube.com/watch?v=aZU07zx1jAk,0,530,1,0,UCcROxwq_GajcurqLI7zGFfw,Hà Nội ơi (745),night(label)
Hanoi,,21.0283334,105.854041,r2hHtxZPtDs,https://www.youtube.com/watch?v=r2hHtxZPtDs,0,531,0,0,UCcROxwq_GajcurqLI7zGFfw,Hà Nội ơi (340),
Hanoi,,21.0283334,105.854041,XPV3XGbrgvU,https://www.youtube.com/watch?v=XPV3XGbrgvU,0,420,0,0,UCcROxwq_GajcurqLI7zGFfw,Hà Nội ơi (694),
Hanoi,,21.0283334,105.854041,JVE5HuU_ruY,https://www.youtube.com/watch?v=JVE5HuU_ruY,0,525,1,0,UCcROxwq_GajcurqLI7zGFfw,Hà Nội ơi (659),night(label)
Hanoi,,21.0283334,105.854041,r3iHURAgAvY,https://www.youtube.com/watch?v=r3iHURAgAvY,0,431,0,0,UCcROxwq_GajcurqLI7zGFfw,"CHUYỂN ĐỘNG HÀ NỘI, PHƯỜNG PHƯƠNG MAI, THỜI COVID, NĂM 2020!",
Hanoi,,21.0283334,105.854041,JH2b5PmtIRQ,https://www.youtube.com/watch?v=JH2b5PmtIRQ,0,471,0,0,UCcROxwq_GajcurqLI7zGFfw,Hà Nội ơi (284),
Hanoi,,21.0283334,105.854041,NgkQ-67e2Uk,https://www.youtube.com/watch?v=NgkQ-67e2Uk,0,771,0,0,UCcROxwq_GajcurqLI7zGFfw,Hà Nội ơi (078) 36 Phố Phường,
Hanoi,,21.0283334,105.854041,qoJmK74b3vI,https://www.youtube.com/watch?v=qoJmK74b3vI,0,525,0,0,UCcROxwq_GajcurqLI7zGFfw,Hà Nội ơi (422),
Hanoi,,21.0283334,105.854041,LJj3LVuiQcg,https://www.youtube.com/watch?v=LJj3LVuiQcg,0,947,0,0,UCcROxwq_GajcurqLI7zGFfw,Hà Nội ơi (189),
Hanoi,,21.0283334,105.854041,dvjac4sOOZc,https://www.youtube.com/watch?v=dvjac4sOOZc,0,604,1,0,UCcROxwq_GajcurqLI7zGFfw,Hà Nội ơi (180),night(label)
Hanoi,,21.0283334,105.854041,pkDRl5OjrgY,https://www.youtube.com/watch?v=pkDRl5OjrgY,0,499,0,0,UCcROxwq_GajcurqLI7zGFfw,Hà Nội ơi (172),
Hanoi,,21.0283334,105.854041,pkDRl5OjrgY,https://www.youtube.com/watch?v=pkDRl5OjrgY,500,971,1,0,UCcROxwq_GajcurqLI7zGFfw,Hà Nội ơi (172),night(label)
Hanoi,,21.0283334,105.854041,xP7ItGDA464,https://www.youtube.com/watch?v=xP7ItGDA464,0,531,0,0,UCcROxwq_GajcurqLI7zGFfw,Hà Nội ơi (342),
Hanoi,,21.0283334,105.854041,4KURibddxGA,https://www.youtube.com/watch?v=4KURibddxGA,0,475,0,0,UCcROxwq_GajcurqLI7zGFfw,Hà Nội ơi (199),
Hanoi,,21.0283334,105.854041,3U6pAwa87YY,https://www.youtube.com/watch?v=3U6pAwa87YY,0,531,0,0,UCcROxwq_GajcurqLI7zGFfw,ĐƯỜNG MÊ LINH NGOẠI THÀNH HÀ NỘI THÁNG 11 NĂM 202O THỜI COVID,
Hanoi,,21.0283334,105.854041,_3gogBKufPY,https://www.youtube.com/watch?v=_3gogBKufPY,0,54,0,0,UCcROxwq_GajcurqLI7zGFfw,Hà Nội ơi (170),
Hanoi,,21.0283334,105.854041,_3gogBKufPY,https://www.youtube.com/watch?v=_3gogBKufPY,55,126,0,0,UCcROxwq_GajcurqLI7zGFfw,Hà Nội ơi (170),
Hanoi,,21.0283334,105.854041,_3gogBKufPY,https://www.youtube.com/watch?v=_3gogBKufPY,135,248,0,0,UCcROxwq_GajcurqLI7zGFfw,Hà Nội ơi (170),
Hanoi,,21.0283334,105.854041,_3gogBKufPY,https://www.youtube.com/watch?v=_3gogBKufPY,249,281,0,0,UCcROxwq_GajcurqLI7zGFfw,Hà Nội ơi (170),
Hanoi,,21.0283334,105.854041,_3gogBKufPY,https://www.youtube.com/watch?v=_3gogBKufPY,282,880,0,0,UCcROxwq_GajcurqLI7zGFfw,Hà Nội ơi (170),
Hanoi,,21.0283334,105.854041,_3gogBKufPY,https://www.youtube.com/watch?v=_3gogBKufPY,881,962,0,0,UCcROxwq_GajcurqLI7zGFfw,Hà Nội ơi (170),
Hanoi,,21.0283334,105.854041,_3gogBKufPY,https://www.youtube.com/watch?v=_3gogBKufPY,974,1004,0,0,UCcROxwq_GajcurqLI7zGFfw,Hà Nội ơi (170),
Hanoi,,21.0283334,105.854041,_3gogBKufPY,https://www.youtube.com/watch?v=_3gogBKufPY,1005,1019,0,0,UCcROxwq_GajcurqLI7zGFfw,Hà Nội ơi (170),
Hanoi,,21.0283334,105.854041,r1xXcNr4CSk,https://www.youtube.com/watch?v=r1xXcNr4CSk,0,774,0,0,UCcROxwq_GajcurqLI7zGFfw,Hà Nội ơi (171),
Hanoi,,21.0283334,105.854041,I97UUxmYc6w,https://www.youtube.com/watch?v=I97UUxmYc6w,0,531,1,0,UCcROxwq_GajcurqLI7zGFfw,Hà Nội ơi (237),night(label)
Hanoi,,21.0283334,105.854041,AH7Pu2uPpRo,https://www.youtube.com/watch?v=AH7Pu2uPpRo,0,531,0,0,UCcROxwq_GajcurqLI7zGFfw,Hà Nội ơi (366),
Hanoi,,21.0283334,105.854041,fvr-3HG1RX4,https://www.youtube.com/watch?v=fvr-3HG1RX4,0,530,1,0,UCcROxwq_GajcurqLI7zGFfw,Hà Nội ơi (662),night(label)
Hanoi,,21.0283334,105.854041,SHrX4IgsbUU,https://www.youtube.com/watch?v=SHrX4IgsbUU,0,530,0,0,UCcROxwq_GajcurqLI7zGFfw,Hà Nội ơi (306),
Hanoi,,21.0283334,105.854041,n5y1uFkkJiU,https://www.youtube.com/watch?v=n5y1uFkkJiU,0,531,0,0,UCcROxwq_GajcurqLI7zGFfw,Hà Nội ơi (421) Thường Tín,
Hanoi,,21.0283334,105.854041,Z_RbA2FlELA,https://www.youtube.com/watch?v=Z_RbA2FlELA,0,531,1,0,UCcROxwq_GajcurqLI7zGFfw,Hà Nội ơi (826),night(label)
Hanoi,,21.0283334,105.854041,8kKMEcbP_tg,https://www.youtube.com/watch?v=8kKMEcbP_tg,0,361,1,0,UCcROxwq_GajcurqLI7zGFfw,Hà Nội ơi (185),night(label)
Hanoi,,21.0283334,105.854041,CcTjz7z1My8,https://www.youtube.com/watch?v=CcTjz7z1My8,0,201,0,0,UCcROxwq_GajcurqLI7zGFfw,Hà Nội ơi (098) đang phát triển,
Hanoi,,21.0283334,105.854041,CcTjz7z1My8,https://www.youtube.com/watch?v=CcTjz7z1My8,265,727,0,0,UCcROxwq_GajcurqLI7zGFfw,Hà Nội ơi (098) đang phát triển,
Hanoi,,21.0283334,105.854041,89Nm32pjJLE,https://www.youtube.com/watch?v=89Nm32pjJLE,0,325,0,0,UCcROxwq_GajcurqLI7zGFfw,HÀ NỘI NGÀY MỒNG 2 TẾT TÂN SỬU NĂM 2021 THỜI COVID,tet/holiday
Hanoi,,21.0283334,105.854041,JdHHpG4WALM,https://www.youtube.com/watch?v=JdHHpG4WALM,0,529,0,0,UCcROxwq_GajcurqLI7zGFfw,Hà Nội ơi (586) Gia Lâm 2019,
Hanoi,,21.0283334,105.854041,LpK1xgUObFg,https://www.youtube.com/watch?v=LpK1xgUObFg,0,320,0,0,UCcROxwq_GajcurqLI7zGFfw,8h SÁNG HÀ NỘI (ĐỘI CẤN - VẠN BẢO) THỜI COVID 2021,
Hanoi,,21.0283334,105.854041,niUN6ZllCTE,https://www.youtube.com/watch?v=niUN6ZllCTE,0,373,0,0,UCcROxwq_GajcurqLI7zGFfw,HÀ NỘI 25 THÁNG 12 NĂM 2020,
Hanoi,,21.0283334,105.854041,-5yM4vGb7-Q,https://www.youtube.com/watch?v=-5yM4vGb7-Q,0,530,0,0,UCcROxwq_GajcurqLI7zGFfw,Hà Nội ơi (279),
Hanoi,,21.0283334,105.854041,EobOVPOO2ow,https://www.youtube.com/watch?v=EobOVPOO2ow,0,530,0,0,UCcROxwq_GajcurqLI7zGFfw,Hà Nội ơi (305),
Hanoi,,21.0283334,105.854041,DkoUTptdOTE,https://www.youtube.com/watch?v=DkoUTptdOTE,89,531,0,0,UCcROxwq_GajcurqLI7zGFfw,Hà Nội ơi (250) Từ Nhà Đến Cơ Quan,
Hanoi,,21.0283334,105.854041,LOnHeBIXnq0,https://www.youtube.com/watch?v=LOnHeBIXnq0,0,531,0,0,UCcROxwq_GajcurqLI7zGFfw,Hà Nội ơi (773),
Hanoi,,21.0283334,105.854041,skIV8y1e8-g,https://www.youtube.com/watch?v=skIV8y1e8-g,0,341,0,0,UCcROxwq_GajcurqLI7zGFfw,Hà Nội ơi (114) Khách Du Lịch,
Hanoi,,21.0283334,105.854041,UgNhPZfLtuo,https://www.youtube.com/watch?v=UgNhPZfLtuo,0,531,1,0,UCcROxwq_GajcurqLI7zGFfw,"9h TỐI HÀ NỘI, ẨM THỰC VỈ HÈ THỜI COVID 2021",night
Hanoi,,21.0283334,105.854041,4xoGh0Gn-RY,https://www.youtube.com/watch?v=4xoGh0Gn-RY,0,531,0,0,UCcROxwq_GajcurqLI7zGFfw,Hà Nội ơi (336) Bông,
Hanoi,,21.0283334,105.854041,r6KsO5Gsg3o,https://www.youtube.com/watch?v=r6KsO5Gsg3o,0,531,0,0,UCcROxwq_GajcurqLI7zGFfw,"HÀ NỘI VẪN NHỘP NHỊP, THÁNG 6 NĂM 2020, THỜI COVID!",
Hanoi,,21.0283334,105.854041,cgrnh40dVnU,https://www.youtube.com/watch?v=cgrnh40dVnU,0,426,0,0,UCcROxwq_GajcurqLI7zGFfw,QUẬN HAI BÀ TRƯNG HÀ NỘI,
Hanoi,,21.0283334,105.854041,RIFYv7jOTio,https://www.youtube.com/watch?v=RIFYv7jOTio,0,531,0,0,UCcROxwq_GajcurqLI7zGFfw,Hà Nội ơi (407) vào Đại Lộ Thăng Long,
Hanoi,,21.0283334,105.854041,sIo3EPb85zo,https://www.youtube.com/watch?v=sIo3EPb85zo,0,381,0,0,UCcROxwq_GajcurqLI7zGFfw,Hà Nội ơi (081) 36 Phố Phường,
Hanoi,,21.0283334,105.854041,sIo3EPb85zo,https://www.youtube.com/watch?v=sIo3EPb85zo,382,761,1,0,UCcROxwq_GajcurqLI7zGFfw,Hà Nội ơi (081) 36 Phố Phường,night(label)
Hanoi,,21.0283334,105.854041,4GRI6a59EoI,https://www.youtube.com/watch?v=4GRI6a59EoI,0,530,0,0,UCcROxwq_GajcurqLI7zGFfw,Hà Nội ơi (308),
Hanoi,,21.0283334,105.854041,apfK6u7mqjM,https://www.youtube.com/watch?v=apfK6u7mqjM,0,394,1,0,UCcROxwq_GajcurqLI7zGFfw,Hà Nội ơi (118) Về Đêm,night(label)
Hanoi,,21.0283334,105.854041,byIxYsZD-JY,https://www.youtube.com/watch?v=byIxYsZD-JY,0,531,1,0,UCcROxwq_GajcurqLI7zGFfw,Hà Nội ơi (360),night(label)
Hanoi,,21.0283334,105.854041,WhNridRoD88,https://www.youtube.com/watch?v=WhNridRoD88,0,124,0,0,UCcROxwq_GajcurqLI7zGFfw,Hà Nội ơi (094) những khu phố mới,
Hanoi,,21.0283334,105.854041,WhNridRoD88,https://www.youtube.com/watch?v=WhNridRoD88,125,177,0,0,UCcROxwq_GajcurqLI7zGFfw,Hà Nội ơi (094) những khu phố mới,
Hanoi,,21.0283334,105.854041,WhNridRoD88,https://www.youtube.com/watch?v=WhNridRoD88,178,795,0,0,UCcROxwq_GajcurqLI7zGFfw,Hà Nội ơi (094) những khu phố mới,
Hanoi,,21.0283334,105.854041,4O9lai1AYrY,https://www.youtube.com/watch?v=4O9lai1AYrY,0,309,0,0,UCcROxwq_GajcurqLI7zGFfw,HÀ NỘI TẾT NĂM TÂN SỬU (2021) THỜI COVID,tet/holiday
Hanoi,,21.0283334,105.854041,dAlF43wy9Ec,https://www.youtube.com/watch?v=dAlF43wy9Ec,0,609,0,0,UCcROxwq_GajcurqLI7zGFfw,Hà Nội ơi (205),
Hanoi,,21.0283334,105.854041,lzQ3X59Z4i0,https://www.youtube.com/watch?v=lzQ3X59Z4i0,0,531,0,0,UCcROxwq_GajcurqLI7zGFfw,VÀI GIỌT MƯA XUÂN RẤT HÀ NỘI!,rain
Hanoi,,21.0283334,105.854041,9BdOycBIj4c,https://www.youtube.com/watch?v=9BdOycBIj4c,0,48,0,0,UCcROxwq_GajcurqLI7zGFfw,Hà Nội ơi (174),
Hanoi,,21.0283334,105.854041,9BdOycBIj4c,https://www.youtube.com/watch?v=9BdOycBIj4c,49,415,0,0,UCcROxwq_GajcurqLI7zGFfw,Hà Nội ơi (174),
Hanoi,,21.0283334,105.854041,9BdOycBIj4c,https://www.youtube.com/watch?v=9BdOycBIj4c,416,721,0,0,UCcROxwq_GajcurqLI7zGFfw,Hà Nội ơi (174),
Hanoi,,21.0283334,105.854041,x-H4Qmx5owQ,https://www.youtube.com/watch?v=x-H4Qmx5owQ,0,531,0,0,UCcROxwq_GajcurqLI7zGFfw,HÀ NỘI NGÀY MỒNG 2 TẾT TÂN SỬU NĂM 2021 THỜI COVID,tet/holiday
Hanoi,,21.0283334,105.854041,T9GCKxoYGhI,https://www.youtube.com/watch?v=T9GCKxoYGhI,62,150,0,0,UCcROxwq_GajcurqLI7zGFfw,Hà Nội ơi (163) Mưa Đầu Hè,
Hanoi,,21.0283334,105.854041,T9GCKxoYGhI,https://www.youtube.com/watch?v=T9GCKxoYGhI,151,193,0,0,UCcROxwq_GajcurqLI7zGFfw,Hà Nội ơi (163) Mưa Đầu Hè,
Hanoi,,21.0283334,105.854041,T9GCKxoYGhI,https://www.youtube.com/watch?v=T9GCKxoYGhI,194,268,0,0,UCcROxwq_GajcurqLI7zGFfw,Hà Nội ơi (163) Mưa Đầu Hè,
Hanoi,,21.0283334,105.854041,T9GCKxoYGhI,https://www.youtube.com/watch?v=T9GCKxoYGhI,269,540,0,0,UCcROxwq_GajcurqLI7zGFfw,Hà Nội ơi (163) Mưa Đầu Hè,
Hanoi,,21.0283334,105.854041,jQeHGgcVdtw,https://www.youtube.com/watch?v=jQeHGgcVdtw,0,533,0,0,UCcROxwq_GajcurqLI7zGFfw,Hà Nội ơi (138),
Hanoi,,21.0283334,105.854041,NlXOIUTg3uY,https://www.youtube.com/watch?v=NlXOIUTg3uY,0,531,0,0,UCcROxwq_GajcurqLI7zGFfw,HÀ NỘI NGÀY MỒNG 2 TẾT TÂN SỬU NĂM 2021 THỜI COVID,tet/holiday
Hanoi,,21.0283334,105.854041,XYkxqfAIHjQ,https://www.youtube.com/watch?v=XYkxqfAIHjQ,0,165,0,0,UCcROxwq_GajcurqLI7zGFfw,Hà Nội ơi (095) Mưa Nội Ô,
Hanoi,,21.0283334,105.854041,XYkxqfAIHjQ,https://www.youtube.com/watch?v=XYkxqfAIHjQ,166,328,0,0,UCcROxwq_GajcurqLI7zGFfw,Hà Nội ơi (095) Mưa Nội Ô,
Hanoi,,21.0283334,105.854041,XYkxqfAIHjQ,https://www.youtube.com/watch?v=XYkxqfAIHjQ,329,383,0,0,UCcROxwq_GajcurqLI7zGFfw,Hà Nội ơi (095) Mưa Nội Ô,
Hanoi,,21.0283334,105.854041,XYkxqfAIHjQ,https://www.youtube.com/watch?v=XYkxqfAIHjQ,384,487,0,0,UCcROxwq_GajcurqLI7zGFfw,Hà Nội ơi (095) Mưa Nội Ô,
Hanoi,,21.0283334,105.854041,XYkxqfAIHjQ,https://www.youtube.com/watch?v=XYkxqfAIHjQ,488,547,0,0,UCcROxwq_GajcurqLI7zGFfw,Hà Nội ơi (095) Mưa Nội Ô,
Hanoi,,21.0283334,105.854041,aOXrz10t3XA,https://www.youtube.com/watch?v=aOXrz10t3XA,0,193,0,0,UCcROxwq_GajcurqLI7zGFfw,HÀ NỘI CHIỀU 29 TẾT NĂM TÂN SỬU (2021) THỜI COVID,tet/holiday
Hanoi,,21.0283334,105.854041,aOXrz10t3XA,https://www.youtube.com/watch?v=aOXrz10t3XA,503,531,0,0,UCcROxwq_GajcurqLI7zGFfw,HÀ NỘI CHIỀU 29 TẾT NĂM TÂN SỬU (2021) THỜI COVID,tet/holiday
Hanoi,,21.0283334,105.854041,Jq5pH54dmm4,https://www.youtube.com/watch?v=Jq5pH54dmm4,0,531,0,0,UCcROxwq_GajcurqLI7zGFfw,"HÀ NỘI ĐẦU NĂM TÂN SỬU, THỜI COVID 2021",
Hanoi,,21.0283334,105.854041,RTzTitRT9oU,https://www.youtube.com/watch?v=RTzTitRT9oU,0,531,0,0,UCcROxwq_GajcurqLI7zGFfw,8h sáng Hà Nội thời Covid 2021,
Hanoi,,21.0283334,105.854041,8w97KwAsij4,https://www.youtube.com/watch?v=8w97KwAsij4,0,166,0,0,UCcROxwq_GajcurqLI7zGFfw,Hà Nội ơi (077) 36 Phố Phường,
Hanoi,,21.0283334,105.854041,8w97KwAsij4,https://www.youtube.com/watch?v=8w97KwAsij4,167,324,0,0,UCcROxwq_GajcurqLI7zGFfw,Hà Nội ơi (077) 36 Phố Phường,
Hanoi,,21.0283334,105.854041,8w97KwAsij4,https://www.youtube.com/watch?v=8w97KwAsij4,325,460,0,0,UCcROxwq_GajcurqLI7zGFfw,Hà Nội ơi (077) 36 Phố Phường,
Hanoi,,21.0283334,105.854041,Ii8ksSKq_KI,https://www.youtube.com/watch?v=Ii8ksSKq_KI,0,923,1,0,UCcROxwq_GajcurqLI7zGFfw,Hà Nội ơi (184),night(label)
Hanoi,,21.0283334,105.854041,ISRNkQlaeR0,https://www.youtube.com/watch?v=ISRNkQlaeR0,0,531,0,0,UCcROxwq_GajcurqLI7zGFfw,Yên Khánh Ninh Bình năm 2020,
Hanoi,,21.0283334,105.854041,X_c2KeaSAaU,https://www.youtube.com/watch?v=X_c2KeaSAaU,0,494,0,0,UCcROxwq_GajcurqLI7zGFfw,Hà Nội ơi (699) huyện Thường Tín - Ngoại Thành,
Hanoi,,21.0283334,105.854041,AdM75-kyxN0,https://www.youtube.com/watch?v=AdM75-kyxN0,0,478,0,0,UCcROxwq_GajcurqLI7zGFfw,Hà Nội ơi (273),
Hanoi,,21.0283334,105.854041,DctfDEJ_EME,https://www.youtube.com/watch?v=DctfDEJ_EME,0,330,0,0,UCcROxwq_GajcurqLI7zGFfw,Hà Nội ơi (939),
Hanoi,,21.0283334,105.854041,eKZDfMeHIps,https://www.youtube.com/watch?v=eKZDfMeHIps,0,432,0,0,UCcROxwq_GajcurqLI7zGFfw,QUẬN HAI BÀ TRƯNG HÀ NỘI,
Hanoi,,21.0283334,105.854041,l7G0FHpDf-Q,https://www.youtube.com/watch?v=l7G0FHpDf-Q,0,531,0,0,UCcROxwq_GajcurqLI7zGFfw,Hà Nội ơi (272),
Hanoi,,21.0283334,105.854041,Rh4zCc5JxrU,https://www.youtube.com/watch?v=Rh4zCc5JxrU,0,398,1,0,UCcROxwq_GajcurqLI7zGFfw,Hà Nội ơi (132) Ba Bố Con,night(label)
Hanoi,,21.0283334,105.854041,D8eOlA_kj9w,https://www.youtube.com/watch?v=D8eOlA_kj9w,0,531,0,0,UCcROxwq_GajcurqLI7zGFfw,Hà Nội ơi (353),
Hanoi,,21.0283334,105.854041,x0EC-6027g4,https://www.youtube.com/watch?v=x0EC-6027g4,0,506,0,0,UCcROxwq_GajcurqLI7zGFfw,Hà Nội ơi (176),
Hanoi,,21.0283334,105.854041,JO_jbaV7Ng4,https://www.youtube.com/watch?v=JO_jbaV7Ng4,0,531,0,0,UCcROxwq_GajcurqLI7zGFfw,Hà Nội ơi (712) Hai Bố Con đi chọn địa điểm tổ chức Đám Cuới (Bông Vinh),
Hanoi,,21.0283334,105.854041,xTBl1QxQHYs,https://www.youtube.com/watch?v=xTBl1QxQHYs,0,531,0,0,UCcROxwq_GajcurqLI7zGFfw,"HÀ NỘI ƠI, MƯA BAY BAY NỒM ẨM ƯỚT, CÂY LÁ ĐÂM CHỒI NẢY LỘC (MÙA XUÂN)",rain
Hanoi,,21.0283334,105.854041,2ZGI-t2xsys,https://www.youtube.com/watch?v=2ZGI-t2xsys,0,123,0,0,UCcROxwq_GajcurqLI7zGFfw,Hà Nội ơi (204),
Hanoi,,21.0283334,105.854041,2ZGI-t2xsys,https://www.youtube.com/watch?v=2ZGI-t2xsys,124,248,0,0,UCcROxwq_GajcurqLI7zGFfw,Hà Nội ơi (204),
Hanoi,,21.0283334,105.854041,2ZGI-t2xsys,https://www.youtube.com/watch?v=2ZGI-t2xsys,249,337,0,0,UCcROxwq_GajcurqLI7zGFfw,Hà Nội ơi (204),
Hanoi,,21.0283334,105.854041,2ZGI-t2xsys,https://www.youtube.com/watch?v=2ZGI-t2xsys,338,384,0,0,UCcROxwq_GajcurqLI7zGFfw,Hà Nội ơi (204),
Hanoi,,21.0283334,105.854041,2ZGI-t2xsys,https://www.youtube.com/watch?v=2ZGI-t2xsys,385,415,0,0,UCcROxwq_GajcurqLI7zGFfw,Hà Nội ơi (204),
Hanoi,,21.0283334,105.854041,2ZGI-t2xsys,https://www.youtube.com/watch?v=2ZGI-t2xsys,416,461,0,0,UCcROxwq_GajcurqLI7zGFfw,Hà Nội ơi (204),
Hanoi,,21.0283334,105.854041,2ZGI-t2xsys,https://www.youtube.com/watch?v=2ZGI-t2xsys,475,540,0,0,UCcROxwq_GajcurqLI7zGFfw,Hà Nội ơi (204),
Hanoi,,21.0283334,105.854041,0ZYFn34EBUs,https://www.youtube.com/watch?v=0ZYFn34EBUs,0,531,1,0,UCcROxwq_GajcurqLI7zGFfw,ĐƯỜNG GIẢI PHÓNG HÀ NỘI THÁNG 11 NĂM 2020 (THỜI COVID),night(label)
Hanoi,,21.0283334,105.854041,J73N84-9TAA,https://www.youtube.com/watch?v=J73N84-9TAA,0,531,1,0,UCcROxwq_GajcurqLI7zGFfw,"9h TỐI HÀ NỘI, ẨM THỰC VỈ HÈ THỜI COVID 2021",night
Hanoi,,21.0283334,105.854041,qMm9qcJi_fk,https://www.youtube.com/watch?v=qMm9qcJi_fk,0,1443,0,0,UCcROxwq_GajcurqLI7zGFfw,Hà Nội ơi (205),
Hanoi,,21.0283334,105.854041,v_XOAIEKezE,https://www.youtube.com/watch?v=v_XOAIEKezE,0,727,1,0,UCcROxwq_GajcurqLI7zGFfw,Hà Nội ơi (082) Gia Lâm,night(label)
Hanoi,,21.0283334,105.854041,L1AqvjIFWCM,https://www.youtube.com/watch?v=L1AqvjIFWCM,0,442,1,0,UCcROxwq_GajcurqLI7zGFfw,TRƯỜNG CHINH - GIẢI PHÓNG - KIM ĐỒNG HÀ NỘI (FAMILY) TUẦN CUỐI THÁNG GIÊNG NĂM 2021 THỜI COVID,night(label)
Hanoi,,21.0283334,105.854041,NWbO_5ArHzs,https://www.youtube.com/watch?v=NWbO_5ArHzs,0,178,0,0,UCcROxwq_GajcurqLI7zGFfw,Hà Nội ơi (240),
Hanoi,,21.0283334,105.854041,2EKtP4MbfgE,https://www.youtube.com/watch?v=2EKtP4MbfgE,0,404,1,0,UCcROxwq_GajcurqLI7zGFfw,ĐƯỜNG HÀ NỘI THÁNG 11 NĂM 2020 (THỜI COVID),night(label)
Hanoi,,21.0283334,105.854041,c4J_sMzpBXo,https://www.youtube.com/watch?v=c4J_sMzpBXo,0,531,0,0,UCcROxwq_GajcurqLI7zGFfw,Hà Nội ơi (227),
Hanoi,,21.0283334,105.854041,h4sPs2GueMY,https://www.youtube.com/watch?v=h4sPs2GueMY,0,309,1,0,UCcROxwq_GajcurqLI7zGFfw,Hà Nội ơi (054),night(label)
Hanoi,,21.0283334,105.854041,0D5K2gt62cE,https://www.youtube.com/watch?v=0D5K2gt62cE,0,719,1,0,UCcROxwq_GajcurqLI7zGFfw,Hà Nội ơi (197) Mưa,night(label)
Hanoi,,21.0283334,105.854041,xdvlbpwfW_I,https://www.youtube.com/watch?v=xdvlbpwfW_I,0,395,0,0,UCcROxwq_GajcurqLI7zGFfw,Hà Nội ơi (160),
Hanoi,,21.0283334,105.854041,Qg3tEAw57z0,https://www.youtube.com/watch?v=Qg3tEAw57z0,0,363,0,0,UCcROxwq_GajcurqLI7zGFfw,Hà Nội ơi (584),
Hanoi,,21.0283334,105.854041,qx28y0Uk0qM,https://www.youtube.com/watch?v=qx28y0Uk0qM,0,531,0,0,UCcROxwq_GajcurqLI7zGFfw,ĐƯỜNG QUA SÂN BAY NỘI BÀI,
Hanoi,,21.0283334,105.854041,qRijpSCugLA,https://www.youtube.com/watch?v=qRijpSCugLA,0,531,1,0,UCcROxwq_GajcurqLI7zGFfw,Hà Nội ơi (112) Giao Thông,night(label)
Hanoi,,21.0283334,105.854041,zUqsBVAdCHU,https://www.youtube.com/watch?v=zUqsBVAdCHU,0,379,0,0,UCcROxwq_GajcurqLI7zGFfw,Hà Nội ơi (018),
Hanoi,,21.0283334,105.854041,F0j8eBI_QoU,https://www.youtube.com/watch?v=F0j8eBI_QoU,0,531,0,0,UCcROxwq_GajcurqLI7zGFfw,ĐƯỜNG PHỐ HÀ NỘI THÁNG 11 NĂM 202O THỜI COVID,
Hanoi,,21.0283334,105.854041,p8Fm3U1zZ-s,https://www.youtube.com/watch?v=p8Fm3U1zZ-s,0,531,0,0,UCcROxwq_GajcurqLI7zGFfw,"MƯA NGŨ XÃ, TRÚC BẠCH, NAM TRÀNG..  RẤT HÀ NỘI, NGÀY CUỐI THÁNG 1 NĂM 2021 THỜI COVID",rain
Hanoi,,21.0283334,105.854041,tJxkKTzOahw,https://www.youtube.com/watch?v=tJxkKTzOahw,0,311,0,0,UCcROxwq_GajcurqLI7zGFfw,Hà Nội ơi (372),
Hanoi,,21.0283334,105.854041,joZdXZvNajY,https://www.youtube.com/watch?v=joZdXZvNajY,0,562,0,0,UCcROxwq_GajcurqLI7zGFfw,Hà Nội ơi (066),
Hanoi,,21.0283334,105.854041,K4dyNd7Qyf8,https://www.youtube.com/watch?v=K4dyNd7Qyf8,0,531,1,0,UCcROxwq_GajcurqLI7zGFfw,"CHẬP CHOẠNG TỐI VEN HỒ TÂY HÀ NỘI, 22 THÁNG GIÊNG NĂM 2021 THỜI COVID",night
Hanoi,,21.0283334,105.854041,01-I3ZoGb8Y,https://www.youtube.com/watch?v=01-I3ZoGb8Y,0,149,0,0,UCcROxwq_GajcurqLI7zGFfw,Hà Nội ơi (007),
Hanoi,,21.0283334,105.854041,01-I3ZoGb8Y,https://www.youtube.com/watch?v=01-I3ZoGb8Y,150,199,0,0,UCcROxwq_GajcurqLI7zGFfw,Hà Nội ơi (007),
Hanoi,,21.0283334,105.854041,01-I3ZoGb8Y,https://www.youtube.com/watch?v=01-I3ZoGb8Y,200,337,0,0,UCcROxwq_GajcurqLI7zGFfw,Hà Nội ơi (007),
Hanoi,,21.0283334,105.854041,01-I3ZoGb8Y,https://www.youtube.com/watch?v=01-I3ZoGb8Y,338,394,0,0,UCcROxwq_GajcurqLI7zGFfw,Hà Nội ơi (007),
Hanoi,,21.0283334,105.854041,01-I3ZoGb8Y,https://www.youtube.com/watch?v=01-I3ZoGb8Y,408,426,0,0,UCcROxwq_GajcurqLI7zGFfw,Hà Nội ơi (007),
Hanoi,,21.0283334,105.854041,bd_Ma8qtAsY,https://www.youtube.com/watch?v=bd_Ma8qtAsY,130,1760,0,0,UCcROxwq_GajcurqLI7zGFfw,Hà Nội ơi (088) vòng quanh Hoàng Thành,
Hanoi,,21.0283334,105.854041,CbziEhFEObw,https://www.youtube.com/watch?v=CbziEhFEObw,0,531,0,0,UCcROxwq_GajcurqLI7zGFfw,Hà Nội ơi (357),
Hanoi,,21.0283334,105.854041,Y6D15yz8Ur4,https://www.youtube.com/watch?v=Y6D15yz8Ur4,0,553,1,0,UCcROxwq_GajcurqLI7zGFfw,Hà Nội ơi (045),night(label)
Hanoi,,21.0283334,105.854041,nly511PwGA4,https://www.youtube.com/watch?v=nly511PwGA4,0,531,0,0,UCcROxwq_GajcurqLI7zGFfw,Hà Nội ơi (209),
Hanoi,,21.0283334,105.854041,bXEfy5SNAjw,https://www.youtube.com/watch?v=bXEfy5SNAjw,0,475,0,0,UCcROxwq_GajcurqLI7zGFfw,Hà Nội ngày 23 tháng 5 năm 2021 (ngày bầu cử),
Hanoi,,21.0283334,105.854041,uBO5P5tjTZg,https://www.youtube.com/watch?v=uBO5P5tjTZg,0,531,0,0,UCcROxwq_GajcurqLI7zGFfw,"VẺ ĐẸP THANH BÌNH, HÀ NỘI NGÀY MỒNG 2 TẾT TÂN SỬU",tet/holiday
Hanoi,,21.0283334,105.854041,MnTK0RW-2zI,https://www.youtube.com/watch?v=MnTK0RW-2zI,0,14,0,0,UCcROxwq_GajcurqLI7zGFfw,Hà Nội ơi (005),
Hanoi,,21.0283334,105.854041,MnTK0RW-2zI,https://www.youtube.com/watch?v=MnTK0RW-2zI,15,114,0,0,UCcROxwq_GajcurqLI7zGFfw,Hà Nội ơi (005),
Hanoi,,21.0283334,105.854041,MnTK0RW-2zI,https://www.youtube.com/watch?v=MnTK0RW-2zI,115,310,0,0,UCcROxwq_GajcurqLI7zGFfw,Hà Nội ơi (005),
Hanoi,,21.0283334,105.854041,MnTK0RW-2zI,https://www.youtube.com/watch?v=MnTK0RW-2zI,311,351,0,0,UCcROxwq_GajcurqLI7zGFfw,Hà Nội ơi (005),
Hanoi,,21.0283334,105.854041,MnTK0RW-2zI,https://www.youtube.com/watch?v=MnTK0RW-2zI,376,574,0,0,UCcROxwq_GajcurqLI7zGFfw,Hà Nội ơi (005),
Hanoi,,21.0283334,105.854041,MnTK0RW-2zI,https://www.youtube.com/watch?v=MnTK0RW-2zI,575,595,0,0,UCcROxwq_GajcurqLI7zGFfw,Hà Nội ơi (005),
Hanoi,,21.0283334,105.854041,Qo7ocbbKlM8,https://www.youtube.com/watch?v=Qo7ocbbKlM8,0,664,0,0,UCcROxwq_GajcurqLI7zGFfw,Hồ Gươm quận Hoàn Kiếm ... yên tĩnh đến lạ thường!,
Hanoi,,21.0283334,105.854041,loK619X9y2o,https://www.youtube.com/watch?v=loK619X9y2o,0,555,0,0,UCcROxwq_GajcurqLI7zGFfw,Hà Nội ơi (059),
Hanoi,,21.0283334,105.854041,LSuFpwPOtJ8,https://www.youtube.com/watch?v=LSuFpwPOtJ8,0,421,0,0,UCcROxwq_GajcurqLI7zGFfw,"ĐƯỜNG PHỐ HÀ NỘI THÁNG 10 NĂM 2020, THỜI COVID!",
Hanoi,,21.0283334,105.854041,nwSM9SUpDy4,https://www.youtube.com/watch?v=nwSM9SUpDy4,0,496,0,0,UCcROxwq_GajcurqLI7zGFfw,"CHU VĂN AN - NGUYỄN THÁI HỌC HÀ NỘI, THÁNG GIÊNG NĂM 2021 THỜI COVID",
Hanoi,,21.0283334,105.854041,GYdri3E8GT8,https://www.youtube.com/watch?v=GYdri3E8GT8,14,148,0,0,UCcROxwq_GajcurqLI7zGFfw,Hà Nội ơi (061),
Hanoi,,21.0283334,105.854041,GYdri3E8GT8,https://www.youtube.com/watch?v=GYdri3E8GT8,149,209,0,0,UCcROxwq_GajcurqLI7zGFfw,Hà Nội ơi (061),
Hanoi,,21.0283334,105.854041,GYdri3E8GT8,https://www.youtube.com/watch?v=GYdri3E8GT8,210,230,0,0,UCcROxwq_GajcurqLI7zGFfw,Hà Nội ơi (061),
Hanoi,,21.0283334,105.854041,GYdri3E8GT8,https://www.youtube.com/watch?v=GYdri3E8GT8,231,279,0,0,UCcROxwq_GajcurqLI7zGFfw,Hà Nội ơi (061),
Hanoi,,21.0283334,105.854041,GYdri3E8GT8,https://www.youtube.com/watch?v=GYdri3E8GT8,280,352,0,0,UCcROxwq_GajcurqLI7zGFfw,Hà Nội ơi (061),
Hanoi,,21.0283334,105.854041,GYdri3E8GT8,https://www.youtube.com/watch?v=GYdri3E8GT8,353,395,0,0,UCcROxwq_GajcurqLI7zGFfw,Hà Nội ơi (061),
Hanoi,,21.0283334,105.854041,GYdri3E8GT8,https://www.youtube.com/watch?v=GYdri3E8GT8,395,415,0,0,UCcROxwq_GajcurqLI7zGFfw,Hà Nội ơi (061),
Hanoi,,21.0283334,105.854041,GYdri3E8GT8,https://www.youtube.com/watch?v=GYdri3E8GT8,416,454,0,0,UCcROxwq_GajcurqLI7zGFfw,Hà Nội ơi (061),
Hanoi,,21.0283334,105.854041,GYdri3E8GT8,https://www.youtube.com/watch?v=GYdri3E8GT8,455,496,0,0,UCcROxwq_GajcurqLI7zGFfw,Hà Nội ơi (061),
Hanoi,,21.0283334,105.854041,GYdri3E8GT8,https://www.youtube.com/watch?v=GYdri3E8GT8,497,537,0,0,UCcROxwq_GajcurqLI7zGFfw,Hà Nội ơi (061),
Hanoi,,21.0283334,105.854041,GYdri3E8GT8,https://www.youtube.com/watch?v=GYdri3E8GT8,538,565,0,0,UCcROxwq_GajcurqLI7zGFfw,Hà Nội ơi (061),
Hanoi,,21.0283334,105.854041,GYdri3E8GT8,https://www.youtube.com/watch?v=GYdri3E8GT8,566,729,0,0,UCcROxwq_GajcurqLI7zGFfw,Hà Nội ơi (061),
Hanoi,,21.0283334,105.854041,4oHRP2paWc8,https://www.youtube.com/watch?v=4oHRP2paWc8,0,531,0,0,UCcROxwq_GajcurqLI7zGFfw,Hà Nội ngày đầu năm Tân Sửu (2021),
Hanoi,,21.0283334,105.854041,Opox00eo8_Q,https://www.youtube.com/watch?v=Opox00eo8_Q,0,402,0,0,UCcROxwq_GajcurqLI7zGFfw,Hà Nội ơi (171) Định Công,
Hanoi,,21.0283334,105.854041,Opox00eo8_Q,https://www.youtube.com/watch?v=Opox00eo8_Q,403,791,0,0,UCcROxwq_GajcurqLI7zGFfw,Hà Nội ơi (171) Định Công,
Hanoi,,21.0283334,105.854041,ZVoyhS0lVDs,https://www.youtube.com/watch?v=ZVoyhS0lVDs,0,219,0,0,UCcROxwq_GajcurqLI7zGFfw,"HÀ NỘI BA NGÀY TẾT,  NĂM TÂN SỬU (2021) THỜI COVID",tet/holiday
Hanoi,,21.0283334,105.854041,AqAo8598WJI,https://www.youtube.com/watch?v=AqAo8598WJI,0,530,0,0,UCcROxwq_GajcurqLI7zGFfw,"MƯA GIÓ TRƯỚC TẾT TÂN SỬU, NĂM 2021 THỜI COVID",rain;tet/holiday
Hanoi,,21.0283334,105.854041,6_TwLGr5Xtw,https://www.youtube.com/watch?v=6_TwLGr5Xtw,0,116,0,0,UCcROxwq_GajcurqLI7zGFfw,Hà Nội ơi (080) 36 Phố Phường,
Hanoi,,21.0283334,105.854041,6_TwLGr5Xtw,https://www.youtube.com/watch?v=6_TwLGr5Xtw,117,163,0,0,UCcROxwq_GajcurqLI7zGFfw,Hà Nội ơi (080) 36 Phố Phường,
Hanoi,,21.0283334,105.854041,6_TwLGr5Xtw,https://www.youtube.com/watch?v=6_TwLGr5Xtw,164,301,0,0,UCcROxwq_GajcurqLI7zGFfw,Hà Nội ơi (080) 36 Phố Phường,
Hanoi,,21.0283334,105.854041,6_TwLGr5Xtw,https://www.youtube.com/watch?v=6_TwLGr5Xtw,302,322,0,0,UCcROxwq_GajcurqLI7zGFfw,Hà Nội ơi (080) 36 Phố Phường,
Hanoi,,21.0283334,105.854041,6_TwLGr5Xtw,https://www.youtube.com/watch?v=6_TwLGr5Xtw,323,440,0,0,UCcROxwq_GajcurqLI7zGFfw,Hà Nội ơi (080) 36 Phố Phường,
Hanoi,,21.0283334,105.854041,6_TwLGr5Xtw,https://www.youtube.com/watch?v=6_TwLGr5Xtw,454,494,0,0,UCcROxwq_GajcurqLI7zGFfw,Hà Nội ơi (080) 36 Phố Phường,
Hanoi,,21.0283334,105.854041,sk5GmNaV3Tk,https://www.youtube.com/watch?v=sk5GmNaV3Tk,245,340,1,0,UCcROxwq_GajcurqLI7zGFfw,Hà Nội ơi (153) Đi & Về từ Nhà đến Công Sở,night(label)
Hanoi,,21.0283334,105.854041,sk5GmNaV3Tk,https://www.youtube.com/watch?v=sk5GmNaV3Tk,445,610,1,0,UCcROxwq_GajcurqLI7zGFfw,Hà Nội ơi (153) Đi & Về từ Nhà đến Công Sở,night(label)
Hanoi,,21.0283334,105.854041,dpy88YEvigY,https://www.youtube.com/watch?v=dpy88YEvigY,0,336,0,0,UCcROxwq_GajcurqLI7zGFfw,Mùa Hè Hà Nội năm 2021,
Hanoi,,21.0283334,105.854041,RJYS3ciVSTM,https://www.youtube.com/watch?v=RJYS3ciVSTM,0,531,1,0,UCcROxwq_GajcurqLI7zGFfw,HÀ NỘI KHI MÀN ĐÊM BẮT ĐẦU BUÔNG XUỐNG & THÀNH PHỐ LÊN ĐÈN,night
Hanoi,,21.0283334,105.854041,YcWZIdMG_n0,https://www.youtube.com/watch?v=YcWZIdMG_n0,0,531,0,0,UCcROxwq_GajcurqLI7zGFfw,"ĐƯỜNG Ở HUYỆN MÊ LINH NGOẠI THÀNH HÀ NỘI, NĂM 202O THỜI COVID",
Hanoi,,21.0283334,105.854041,9U3LtDJq8aw,https://www.youtube.com/watch?v=9U3LtDJq8aw,0,381,0,0,UCcROxwq_GajcurqLI7zGFfw,Hà Nội mùa hoa Tím Bằng Lăng,
Hanoi,,21.0283334,105.854041,iPMX14NoCno,https://www.youtube.com/watch?v=iPMX14NoCno,0,531,0,0,UCcROxwq_GajcurqLI7zGFfw,Hà Nội ơi (243),
Hanoi,,21.0283334,105.854041,qSsvRez_z74,https://www.youtube.com/watch?v=qSsvRez_z74,0,451,1,0,UCcROxwq_GajcurqLI7zGFfw,CUỘC SỐNG BÌNH THƯỜNG MỚI (KHÔNG CÓ CA COVID Ở CỘNG ĐỒNG) THÁNG 10 NĂM 2020,night(label)
Hanoi,,21.0283334,105.854041,8RCiBYI8fxA,https://www.youtube.com/watch?v=8RCiBYI8fxA,0,306,0,0,UCcROxwq_GajcurqLI7zGFfw,Hà Nội ơi (134) đường Đê ở Thường Tín,
Hanoi,,21.0283334,105.854041,cgosbZZmns4,https://www.youtube.com/watch?v=cgosbZZmns4,0,539,0,0,UCcROxwq_GajcurqLI7zGFfw,Hà Nội ơi (195) Mưa,
Hanoi,,21.0283334,105.854041,NkkdvM-5KQ0,https://www.youtube.com/watch?v=NkkdvM-5KQ0,0,320,0,0,UCcROxwq_GajcurqLI7zGFfw,Hà Nội ơi (075) 36 Phố Phường,
Hanoi,,21.0283334,105.854041,NkkdvM-5KQ0,https://www.youtube.com/watch?v=NkkdvM-5KQ0,321,851,0,0,UCcROxwq_GajcurqLI7zGFfw,Hà Nội ơi (075) 36 Phố Phường,
Hanoi,,21.0283334,105.854041,NkkdvM-5KQ0,https://www.youtube.com/watch?v=NkkdvM-5KQ0,852,1038,0,0,UCcROxwq_GajcurqLI7zGFfw,Hà Nội ơi (075) 36 Phố Phường,
Hanoi,,21.0283334,105.854041,qmPQDXo7kjs,https://www.youtube.com/watch?v=qmPQDXo7kjs,0,531,0,0,UCcROxwq_GajcurqLI7zGFfw,"HÀ NỘI NGÀY MƯA BAY BAY, NỒM ẨM ƯỞT....",rain
Hanoi,,21.0283334,105.854041,3LwXowyXIm0,https://www.youtube.com/watch?v=3LwXowyXIm0,0,531,0,0,UCcROxwq_GajcurqLI7zGFfw,Hà Nội vào Hè năm 2021,
Hanoi,,21.0283334,105.854041,x3ZWdNIATFg,https://www.youtube.com/watch?v=x3ZWdNIATFg,0,1097,0,0,UCcROxwq_GajcurqLI7zGFfw,Hà Nội ơi (099) đang phát triển,
Hanoi,,21.0283334,105.854041,9hhv4c7eDTY,https://www.youtube.com/watch?v=9hhv4c7eDTY,0,1027,1,0,UCcROxwq_GajcurqLI7zGFfw,Hà Nội ơi (166),night(label)
Hanoi,,21.0283334,105.854041,pyV4hurkIBo,https://www.youtube.com/watch?v=pyV4hurkIBo,0,6384,0,0,UCcROxwq_GajcurqLI7zGFfw,"VĂN ĐIỂN, HÀ ĐÔNG, HOÀ BÌNH NĂM 2024 (24 452)",
Hanoi,,21.0283334,105.854041,INwESgrSRxU,https://www.youtube.com/watch?v=INwESgrSRxU,0,531,1,0,UCcROxwq_GajcurqLI7zGFfw,"COVID KHÔNG THỂ LÀM THAY ĐỔI VẺ ĐẸP VÀ DÒNG CHUYỂN ĐỘNG TẤP NẬP CỦA HÀ NỘI, NGÀY GẦN TẾT TÂN SỬU!",tet/holiday;night(label)
Hanoi,,21.0283334,105.854041,KGxZ2zxz91k,https://www.youtube.com/watch?v=KGxZ2zxz91k,0,310,1,0,UCcROxwq_GajcurqLI7zGFfw,HÀ NỘI TẾT NĂM TÂN SỬU (2021) THỜI COVID,tet/holiday;night(label)
Hanoi,,21.0283334,105.854041,2qYuJk5BkJI,https://www.youtube.com/watch?v=2qYuJk5BkJI,0,88,0,0,UCcROxwq_GajcurqLI7zGFfw,Hà Nội ơi (071),
Hanoi,,21.0283334,105.854041,2qYuJk5BkJI,https://www.youtube.com/watch?v=2qYuJk5BkJI,98,261,0,0,UCcROxwq_GajcurqLI7zGFfw,Hà Nội ơi (071),
Hanoi,,21.0283334,105.854041,2qYuJk5BkJI,https://www.youtube.com/watch?v=2qYuJk5BkJI,262,456,0,0,UCcROxwq_GajcurqLI7zGFfw,Hà Nội ơi (071),
Hanoi,,21.0283334,105.854041,2qYuJk5BkJI,https://www.youtube.com/watch?v=2qYuJk5BkJI,457,543,0,0,UCcROxwq_GajcurqLI7zGFfw,Hà Nội ơi (071),
Hanoi,,21.0283334,105.854041,2qYuJk5BkJI,https://www.youtube.com/watch?v=2qYuJk5BkJI,544,594,0,0,UCcROxwq_GajcurqLI7zGFfw,Hà Nội ơi (071),
Hanoi,,21.0283334,105.854041,2qYuJk5BkJI,https://www.youtube.com/watch?v=2qYuJk5BkJI,595,656,0,0,UCcROxwq_GajcurqLI7zGFfw,Hà Nội ơi (071),
Hanoi,,21.0283334,105.854041,2qYuJk5BkJI,https://www.youtube.com/watch?v=2qYuJk5BkJI,657,671,0,0,UCcROxwq_GajcurqLI7zGFfw,Hà Nội ơi (071),
Hanoi,,21.0283334,105.854041,2qYuJk5BkJI,https://www.youtube.com/watch?v=2qYuJk5BkJI,672,692,0,0,UCcROxwq_GajcurqLI7zGFfw,Hà Nội ơi (071),
Hanoi,,21.0283334,105.854041,2qYuJk5BkJI,https://www.youtube.com/watch?v=2qYuJk5BkJI,693,846,0,0,UCcROxwq_GajcurqLI7zGFfw,Hà Nội ơi (071),
Hanoi,,21.0283334,105.854041,2qYuJk5BkJI,https://www.youtube.com/watch?v=2qYuJk5BkJI,847,958,0,0,UCcROxwq_GajcurqLI7zGFfw,Hà Nội ơi (071),
Hanoi,,21.0283334,105.854041,2qYuJk5BkJI,https://www.youtube.com/watch?v=2qYuJk5BkJI,970,1144,0,0,UCcROxwq_GajcurqLI7zGFfw,Hà Nội ơi (071),
Hanoi,,21.0283334,105.854041,2qYuJk5BkJI,https://www.youtube.com/watch?v=2qYuJk5BkJI,1145,1284,0,0,UCcROxwq_GajcurqLI7zGFfw,Hà Nội ơi (071),
Hanoi,,21.0283334,105.854041,yZckSTdV86U,https://www.youtube.com/watch?v=yZckSTdV86U,0,531,0,0,UCcROxwq_GajcurqLI7zGFfw,Hà Nội ơi (235),
Hanoi,,21.0283334,105.854041,PkVTnZXDS_Y,https://www.youtube.com/watch?v=PkVTnZXDS_Y,0,301,1,0,UCcROxwq_GajcurqLI7zGFfw,ĐƯỜNG PHỐ HÀ NỘI SAU 40 NGÀY KHÔNG CÓ CA COVID Ở CỘNG ĐỒNG,night(label)
Hanoi,,21.0283334,105.854041,IlP_sz7DWCQ,https://www.youtube.com/watch?v=IlP_sz7DWCQ,0,531,0,0,UCcROxwq_GajcurqLI7zGFfw,Hà Nội mùa hoa Tím Bằng Lăng,
Hanoi,,21.0283334,105.854041,Jib4paX0aKM,https://www.youtube.com/watch?v=Jib4paX0aKM,0,531,1,0,UCcROxwq_GajcurqLI7zGFfw,"COVID KHÔNG THỂ LÀM THAY ĐỔI VẺ ĐẸP VÀ DÒNG CHUYỂN ĐỘNG TẤP NẬP CỦA HÀ NỘI, NGÀY GẦN TẾT TÂN SỬU!",tet/holiday;night(label)
Hanoi,,21.0283334,105.854041,o74PUOeJlhM,https://www.youtube.com/watch?v=o74PUOeJlhM,0,348,1,0,UCcROxwq_GajcurqLI7zGFfw,đường Thanh Niên Hà Nội có Bò Bía và Bánh Tôm Hồ Tây,night(label)
Hanoi,,21.0283334,105.854041,Nf6oxH9dHCE,https://www.youtube.com/watch?v=Nf6oxH9dHCE,30,51,0,0,UCcROxwq_GajcurqLI7zGFfw,Hà Nội ơi (169) Chiều,
Hanoi,,21.0283334,105.854041,Nf6oxH9dHCE,https://www.youtube.com/watch?v=Nf6oxH9dHCE,58,202,0,0,UCcROxwq_GajcurqLI7zGFfw,Hà Nội ơi (169) Chiều,
Hanoi,,21.0283334,105.854041,Nf6oxH9dHCE,https://www.youtube.com/watch?v=Nf6oxH9dHCE,203,239,0,0,UCcROxwq_GajcurqLI7zGFfw,Hà Nội ơi (169) Chiều,
Hanoi,,21.0283334,105.854041,Nf6oxH9dHCE,https://www.youtube.com/watch?v=Nf6oxH9dHCE,248,275,0,0,UCcROxwq_GajcurqLI7zGFfw,Hà Nội ơi (169) Chiều,
Hanoi,,21.0283334,105.854041,Nf6oxH9dHCE,https://www.youtube.com/watch?v=Nf6oxH9dHCE,276,298,0,0,UCcROxwq_GajcurqLI7zGFfw,Hà Nội ơi (169) Chiều,
Hanoi,,21.0283334,105.854041,Nf6oxH9dHCE,https://www.youtube.com/watch?v=Nf6oxH9dHCE,307,382,0,0,UCcROxwq_GajcurqLI7zGFfw,Hà Nội ơi (169) Chiều,
Hanoi,,21.0283334,105.854041,Nf6oxH9dHCE,https://www.youtube.com/watch?v=Nf6oxH9dHCE,383,504,0,0,UCcROxwq_GajcurqLI7zGFfw,Hà Nội ơi (169) Chiều,
Hanoi,,21.0283334,105.854041,Nf6oxH9dHCE,https://www.youtube.com/watch?v=Nf6oxH9dHCE,505,658,0,0,UCcROxwq_GajcurqLI7zGFfw,Hà Nội ơi (169) Chiều,
Hanoi,,21.0283334,105.854041,Nf6oxH9dHCE,https://www.youtube.com/watch?v=Nf6oxH9dHCE,659,725,0,0,UCcROxwq_GajcurqLI7zGFfw,Hà Nội ơi (169) Chiều,
Hanoi,,21.0283334,105.854041,Nf6oxH9dHCE,https://www.youtube.com/watch?v=Nf6oxH9dHCE,726,747,0,0,UCcROxwq_GajcurqLI7zGFfw,Hà Nội ơi (169) Chiều,
Hanoi,,21.0283334,105.854041,Nf6oxH9dHCE,https://www.youtube.com/watch?v=Nf6oxH9dHCE,748,831,0,0,UCcROxwq_GajcurqLI7zGFfw,Hà Nội ơi (169) Chiều,
Hanoi,,21.0283334,105.854041,Nf6oxH9dHCE,https://www.youtube.com/watch?v=Nf6oxH9dHCE,844,965,0,0,UCcROxwq_GajcurqLI7zGFfw,Hà Nội ơi (169) Chiều,
Hanoi,,21.0283334,105.854041,Nf6oxH9dHCE,https://www.youtube.com/watch?v=Nf6oxH9dHCE,966,992,0,0,UCcROxwq_GajcurqLI7zGFfw,Hà Nội ơi (169) Chiều,
Hanoi,,21.0283334,105.854041,Nf6oxH9dHCE,https://www.youtube.com/watch?v=Nf6oxH9dHCE,993,1172,0,0,UCcROxwq_GajcurqLI7zGFfw,Hà Nội ơi (169) Chiều,
Hanoi,,21.0283334,105.854041,6c-XlOkFERw,https://www.youtube.com/watch?v=6c-XlOkFERw,0,1755,1,0,UCcROxwq_GajcurqLI7zGFfw,Hà Nội mưa bay bay ....,rain;night(label)
Hanoi,,21.0283334,105.854041,dUebCINR0JA,https://www.youtube.com/watch?v=dUebCINR0JA,0,336,0,0,UCcROxwq_GajcurqLI7zGFfw,Hà Nội ơi (159),
Hanoi,,21.0283334,105.854041,dUebCINR0JA,https://www.youtube.com/watch?v=dUebCINR0JA,337,747,1,0,UCcROxwq_GajcurqLI7zGFfw,Hà Nội ơi (159),night(label)
Hanoi,,21.0283334,105.854041,2l1-8Vd5K8Q,https://www.youtube.com/watch?v=2l1-8Vd5K8Q,0,531,0,0,UCcROxwq_GajcurqLI7zGFfw,"HÀ NỘI ĐẦU NĂM TÂN SỬU, THỜI COVID 2021",
Hanoi,,21.0283334,105.854041,tDsTZzcjjyQ,https://www.youtube.com/watch?v=tDsTZzcjjyQ,0,530,0,0,UCcROxwq_GajcurqLI7zGFfw,"Giao Thông Hà Nội, tháng 4 năm 2021",
Hanoi,,21.0283334,105.854041,KALgcEcOxQs,https://www.youtube.com/watch?v=KALgcEcOxQs,0,29,0,0,UCcROxwq_GajcurqLI7zGFfw,Hà Nội ơi (102) Hà Đông,
Hanoi,,21.0283334,105.854041,KALgcEcOxQs,https://www.youtube.com/watch?v=KALgcEcOxQs,30,59,0,0,UCcROxwq_GajcurqLI7zGFfw,Hà Nội ơi (102) Hà Đông,
Hanoi,,21.0283334,105.854041,KALgcEcOxQs,https://www.youtube.com/watch?v=KALgcEcOxQs,60,369,0,0,UCcROxwq_GajcurqLI7zGFfw,Hà Nội ơi (102) Hà Đông,
Hanoi,,21.0283334,105.854041,KALgcEcOxQs,https://www.youtube.com/watch?v=KALgcEcOxQs,370,493,0,0,UCcROxwq_GajcurqLI7zGFfw,Hà Nội ơi (102) Hà Đông,
Hanoi,,21.0283334,105.854041,KALgcEcOxQs,https://www.youtube.com/watch?v=KALgcEcOxQs,494,549,0,0,UCcROxwq_GajcurqLI7zGFfw,Hà Nội ơi (102) Hà Đông,
Hanoi,,21.0283334,105.854041,KALgcEcOxQs,https://www.youtube.com/watch?v=KALgcEcOxQs,550,774,0,0,UCcROxwq_GajcurqLI7zGFfw,Hà Nội ơi (102) Hà Đông,
Hanoi,,21.0283334,105.854041,KALgcEcOxQs,https://www.youtube.com/watch?v=KALgcEcOxQs,775,835,0,0,UCcROxwq_GajcurqLI7zGFfw,Hà Nội ơi (102) Hà Đông,
Hanoi,,21.0283334,105.854041,KALgcEcOxQs,https://www.youtube.com/watch?v=KALgcEcOxQs,836,872,0,0,UCcROxwq_GajcurqLI7zGFfw,Hà Nội ơi (102) Hà Đông,
Hanoi,,21.0283334,105.854041,KALgcEcOxQs,https://www.youtube.com/watch?v=KALgcEcOxQs,873,911,0,0,UCcROxwq_GajcurqLI7zGFfw,Hà Nội ơi (102) Hà Đông,
Hanoi,,21.0283334,105.854041,KALgcEcOxQs,https://www.youtube.com/watch?v=KALgcEcOxQs,912,1128,0,0,UCcROxwq_GajcurqLI7zGFfw,Hà Nội ơi (102) Hà Đông,
Hanoi,,21.0283334,105.854041,ZefWsXT7Yok,https://www.youtube.com/watch?v=ZefWsXT7Yok,0,277,0,0,UCcROxwq_GajcurqLI7zGFfw,"ĐƯỜNG PHỐ HÀ NỘI NGÀY ĐẦU NĂM TÂN SỬU, 2021 THỜI COVID",
Hanoi,,21.0283334,105.854041,ZefWsXT7Yok,https://www.youtube.com/watch?v=ZefWsXT7Yok,278,457,0,0,UCcROxwq_GajcurqLI7zGFfw,"ĐƯỜNG PHỐ HÀ NỘI NGÀY ĐẦU NĂM TÂN SỬU, 2021 THỜI COVID",
Hanoi,,21.0283334,105.854041,_chI5HM65q0,https://www.youtube.com/watch?v=_chI5HM65q0,0,531,1,0,UCcROxwq_GajcurqLI7zGFfw,30 TẾT HÀ NỘI NĂM TÂN SỬU (2021) THỜI COVID,tet/holiday;night(label)
Hanoi,,21.0283334,105.854041,EOiimBMSpwI,https://www.youtube.com/watch?v=EOiimBMSpwI,0,530,1,0,UCcROxwq_GajcurqLI7zGFfw,"HÀ NỘI ƠI, MƯA BAY BAY NỒM ẨM ƯỚT, CÂY LÁ ĐÂM CHỒI NẢY LỘC (MÙA XUÂN)",rain;night(label)
Hanoi,,21.0283334,105.854041,s9wtmpmk6-g,https://www.youtube.com/watch?v=s9wtmpmk6-g,0,503,0,0,UCcROxwq_GajcurqLI7zGFfw,"MƯA GIÓ TRƯỚC TẾT TÂN SỬU, NĂM 2021 THỜI COVID",rain;tet/holiday
Hanoi,,21.0283334,105.854041,yHZkkWPOOfY,https://www.youtube.com/watch?v=yHZkkWPOOfY,0,531,0,0,UCcROxwq_GajcurqLI7zGFfw,GIA LÂM LONG BIÊN HÀ NỘI,
Hanoi,,21.0283334,105.854041,6oysSLmv4sE,https://www.youtube.com/watch?v=6oysSLmv4sE,0,531,0,0,UCcROxwq_GajcurqLI7zGFfw,Hà Nội ơi (226),
Hanoi,,21.0283334,105.854041,x5TAyo2-MbU,https://www.youtube.com/watch?v=x5TAyo2-MbU,0,384,0,0,UCcROxwq_GajcurqLI7zGFfw,MỘT HÀ NỘI ƯỚT ÁT LÚC SANG XUÂN .....,
Hanoi,,21.0283334,105.854041,kNIVrobnPnw,https://www.youtube.com/watch?v=kNIVrobnPnw,0,426,0,0,UCcROxwq_GajcurqLI7zGFfw,Hà Nội ơi (188),
Hanoi,,21.0283334,105.854041,MDmlfmQWLYM,https://www.youtube.com/watch?v=MDmlfmQWLYM,0,1003,0,0,UCcROxwq_GajcurqLI7zGFfw,Hà Nội ơi (073),
Hanoi,,21.0283334,105.854041,f_nUrZp5KVA,https://www.youtube.com/watch?v=f_nUrZp5KVA,0,933,0,0,UCcROxwq_GajcurqLI7zGFfw,"Hà Đông Hà Nội, tháng 7 năm 2021",
Hanoi,,21.0283334,105.854041,aZHvxS2ewuo,https://www.youtube.com/watch?v=aZHvxS2ewuo,0,531,1,0,UCcROxwq_GajcurqLI7zGFfw,"TUẦN ĐẦU THÁNG 2 NĂM 2021, THỜI COVID",night(label)
Hanoi,,21.0283334,105.854041,cSk3eBasio4,https://www.youtube.com/watch?v=cSk3eBasio4,0,303,0,0,UCcROxwq_GajcurqLI7zGFfw,"PHÁP VÂN CỬA NGÕ PHÍA NAM VÀO HÀ THÀNH, THÁNG 7 NĂM 2020, THỜI COVID",
Hanoi,,21.0283334,105.854041,v48parQnf9I,https://www.youtube.com/watch?v=v48parQnf9I,0,530,0,0,UCcROxwq_GajcurqLI7zGFfw,Hà Nội một Sáng Thứ 7 Thanh Bình,
Hanoi,,21.0283334,105.854041,caf_byjILqY,https://www.youtube.com/watch?v=caf_byjILqY,0,381,0,0,UCcROxwq_GajcurqLI7zGFfw,ĐƯỜNG ĐẾN PHÚ THỌ NĂM 2021 THỜI COVID,
Hanoi,,21.0283334,105.854041,S2X-ckrDFQI,https://www.youtube.com/watch?v=S2X-ckrDFQI,0,531,0,0,UCcROxwq_GajcurqLI7zGFfw,"QUẤT ĐÀO HOA RA ĐỨNG ĐƯỜNG NGÀY TRƯỚC TẾT TÂN SỬU NĂM 2021, THỜI COVID",tet/holiday
Hanoi,,21.0283334,105.854041,r0Lxl4SjNLY,https://www.youtube.com/watch?v=r0Lxl4SjNLY,0,531,1,0,UCcROxwq_GajcurqLI7zGFfw,"Hà Nội 9h tối, một ngày tháng 4 năm 2021, thời covid",night
Hanoi,,21.0283334,105.854041,hQesVm_AhpY,https://www.youtube.com/watch?v=hQesVm_AhpY,0,1060,0,0,UCcROxwq_GajcurqLI7zGFfw,Hà Nội ơi (079) 36 Phố Phường,
Hanoi,,21.0283334,105.854041,RKMx9BIZuCk,https://www.youtube.com/watch?v=RKMx9BIZuCk,0,531,1,0,UCcROxwq_GajcurqLI7zGFfw,Hà Nội ơi (113) Về Đêm,night(label)
Hanoi,,21.0283334,105.854041,RGPLSnLriUE,https://www.youtube.com/watch?v=RGPLSnLriUE,0,531,0,0,UCcROxwq_GajcurqLI7zGFfw,CUỘC SỐNG BÌNH THƯỜNG MỚI Ở HÀ THÀNH NHỮNG NGÀY ĐẦU NĂM 2021 THỜI COVID,
Hanoi,,21.0283334,105.854041,dMWZTTPvc3w,https://www.youtube.com/watch?v=dMWZTTPvc3w,0,561,1,0,UCcROxwq_GajcurqLI7zGFfw,Hà Nội mùa Giáng Sinh (Noel 2019),tet/holiday;night(label)
Hanoi,,21.0283334,105.854041,ZnbXceP0REY,https://www.youtube.com/watch?v=ZnbXceP0REY,0,333,0,0,UCcROxwq_GajcurqLI7zGFfw,"LANG THANG QUA KHU BA ĐÌNH HÀ NỘI, CUỐI HÈ NĂM 2020 THỜI COVID",
Hanoi,,21.0283334,105.854041,dQntYPVT34U,https://www.youtube.com/watch?v=dQntYPVT34U,0,531,0,0,UCcROxwq_GajcurqLI7zGFfw,"ĐƯỜNG PHỐ HÀ NỘI ĐẦU XUÂN TÂN SỬU, THỜI COVID 2021",
Hanoi,,21.0283334,105.854041,oR27VNJHOtI,https://www.youtube.com/watch?v=oR27VNJHOtI,0,531,0,0,UCcROxwq_GajcurqLI7zGFfw,"COVID KHÔNG THỂ LÀM THAY ĐỔI VẺ ĐẸP VÀ DÒNG CHUYỂN ĐỘNG TẤP NẬP CỦA HÀ NỘI, NGÀY GẦN TẾT TÂN SỬU!",tet/holiday
Hanoi,,21.0283334,105.854041,PwUVxN2GxV0,https://www.youtube.com/watch?v=PwUVxN2GxV0,0,321,0,0,UCcROxwq_GajcurqLI7zGFfw,"Nguyễn Hữu Huân - Lý Thái Tổ, Hà Nội năm 2019",
Hanoi,,21.0283334,105.854041,eU7YdjG4So4,https://www.youtube.com/watch?v=eU7YdjG4So4,0,385,0,0,UCcROxwq_GajcurqLI7zGFfw,"8 am. Hà Nội, đường Đội Cấn 2021",
Hanoi,,21.0283334,105.854041,GX9rGrZ7d1s,https://www.youtube.com/watch?v=GX9rGrZ7d1s,0,531,0,0,UCcROxwq_GajcurqLI7zGFfw,"CHUYỂN ĐỘNG CUỘC SỐNG NƠI HÀ THÀNH THỜI COVID, NĂM 2020!",
Hanoi,,21.0283334,105.854041,4cEjP5zK1IM,https://www.youtube.com/watch?v=4cEjP5zK1IM,0,458,0,0,UCcROxwq_GajcurqLI7zGFfw,"HÀ NỘI TẠM THỜI HẠN CHẾ BÁN HÀNG TỪ 0h NGÀY 16 THÁNG 2 NĂM 2021, THỜI COVID",
Hanoi,,21.0283334,105.854041,8-f5WVpvkrY,https://www.youtube.com/watch?v=8-f5WVpvkrY,0,263,0,0,UCcROxwq_GajcurqLI7zGFfw,"GIẢI PHÓNG HÀ NỘI, THÁNG 8 NĂM 2020 THỜI ĐẠI COVID",
Hanoi,,21.0283334,105.854041,8-f5WVpvkrY,https://www.youtube.com/watch?v=8-f5WVpvkrY,264,347,1,0,UCcROxwq_GajcurqLI7zGFfw,"GIẢI PHÓNG HÀ NỘI, THÁNG 8 NĂM 2020 THỜI ĐẠI COVID",night(label)
Hanoi,,21.0283334,105.854041,TKgKIbwdOjo,https://www.youtube.com/watch?v=TKgKIbwdOjo,0,530,1,0,UCcROxwq_GajcurqLI7zGFfw,"9h tối, bên kia sông Hồng, Gia Lâm Hà Nội, tháng 4 năm 2021",night
Hanoi,,21.0283334,105.854041,i8dAQrUytEo,https://www.youtube.com/watch?v=i8dAQrUytEo,0,373,0,0,UCcROxwq_GajcurqLI7zGFfw,HÀ NỘI NGÀY MỒNG 2 TẾT TÂN SỬU NĂM 2021 THỜI COVID,tet/holiday
Hanoi,,21.0283334,105.854041,t2cPRFKBgrQ,https://www.youtube.com/watch?v=t2cPRFKBgrQ,0,530,0,0,UCcROxwq_GajcurqLI7zGFfw,Hà Nội ơi (880) đi Phù Ninh - Phú Thọ,
Hanoi,,21.0283334,105.854041,-sgUyN-CGnk,https://www.youtube.com/watch?v=-sgUyN-CGnk,0,530,1,0,UCcROxwq_GajcurqLI7zGFfw,MỘT SÁNG SỚM HÀ NỘI NGÀY MÙA ĐÔNG ĐẦU NĂM 2021 THỜI COVID,night(label)
Hanoi,,21.0283334,105.854041,j5ZDn-MR2JM,https://www.youtube.com/watch?v=j5ZDn-MR2JM,0,531,1,0,UCcROxwq_GajcurqLI7zGFfw,Hà Nội chiều mùa Hè năm 2021,night(label)
Hanoi,,21.0283334,105.854041,fcBCgV6uQDs,https://www.youtube.com/watch?v=fcBCgV6uQDs,0,531,0,0,UCcROxwq_GajcurqLI7zGFfw,Vinhomes Times City - Vĩnh Tuy - Minh Khai Hà Nội 2019,
Hanoi,,21.0283334,105.854041,ogO0HETIJFE,https://www.youtube.com/watch?v=ogO0HETIJFE,0,488,1,0,UCcROxwq_GajcurqLI7zGFfw,"ĐƯỜNG HOÀNG HOA THÁM HÀ NỘI KẸT CỨNG  (2020, THỜI COVID)",night(label)
Hanoi,,21.0283334,105.854041,pqeo7r4Y6TA,https://www.youtube.com/watch?v=pqeo7r4Y6TA,0,511,0,0,UCcROxwq_GajcurqLI7zGFfw,Hà Nội ơi (356),
Hanoi,,21.0283334,105.854041,dDzaiFoLHl0,https://www.youtube.com/watch?v=dDzaiFoLHl0,0,531,0,0,UCcROxwq_GajcurqLI7zGFfw,Hà Nội ơi (942),
Hanoi,,21.0283334,105.854041,0fDdhSKtugs,https://www.youtube.com/watch?v=0fDdhSKtugs,0,303,1,0,UCcROxwq_GajcurqLI7zGFfw,6h tối đường phố Hà Nội,night
Hanoi,,21.0283334,105.854041,Nf2wUC5ejQE,https://www.youtube.com/watch?v=Nf2wUC5ejQE,0,305,0,0,UCcROxwq_GajcurqLI7zGFfw,"ven sông Hồng đoạn chảy qua huyện Thường Tín, Hà Nội",
Hanoi,,21.0283334,105.854041,Y5wtNh-ogAk,https://www.youtube.com/watch?v=Y5wtNh-ogAk,0,381,0,0,UCcROxwq_GajcurqLI7zGFfw,Hà Nội mùa Hè năm 2021,
Hanoi,,21.0283334,105.854041,IwRI25kdX0Q,https://www.youtube.com/watch?v=IwRI25kdX0Q,0,531,1,0,UCcROxwq_GajcurqLI7zGFfw,"9h TỐI, CUỘC SỐNG VỀ ĐÊM HÀ NỘI THỜI COVID 2021",night
Hanoi,,21.0283334,105.854041,U1a1Iw4L9Ms,https://www.youtube.com/watch?v=U1a1Iw4L9Ms,0,531,0,0,UCcROxwq_GajcurqLI7zGFfw,Mùa Hè Hà Nội năm 2021,
Hanoi,,21.0283334,105.854041,EHXISgOlQ6Y,https://www.youtube.com/watch?v=EHXISgOlQ6Y,0,452,1,0,UCcROxwq_GajcurqLI7zGFfw,"NÁO NHIỆT ĐƯỜNG KIM MÃ LÚC NHÁ NHEM TỐI HÀ NỘI, TUẦN CUỐI THÁNG GIÊNG NĂM 2021 THỜI COVID",night
Hanoi,,21.0283334,105.854041,OGrEq3_x_Po,https://www.youtube.com/watch?v=OGrEq3_x_Po,0,530,0,0,UCcROxwq_GajcurqLI7zGFfw,Hà Nội ơi (355),
Hanoi,,21.0283334,105.854041,XbbNewCJDyc,https://www.youtube.com/watch?v=XbbNewCJDyc,0,531,0,0,UCcROxwq_GajcurqLI7zGFfw,HÀ NỘI NGÀY MỒNG 2 TẾT TÂN SỬU NĂM 2021 THỜI COVID,tet/holiday
Hanoi,,21.0283334,105.854041,bUvPWKpqFLA,https://www.youtube.com/watch?v=bUvPWKpqFLA,0,707,0,0,UCcROxwq_GajcurqLI7zGFfw,NHỊP SỐNG HÀ THÀNH QUA NÉT ĐẸP SINH HOẠT TRÊN ĐƯỜNG PHỐ,
Hanoi,,21.0283334,105.854041,bUvPWKpqFLA,https://www.youtube.com/watch?v=bUvPWKpqFLA,708,810,1,0,UCcROxwq_GajcurqLI7zGFfw,NHỊP SỐNG HÀ THÀNH QUA NÉT ĐẸP SINH HOẠT TRÊN ĐƯỜNG PHỐ,night(label)
Hanoi,,21.0283334,105.854041,UU8ujUb2MBs,https://www.youtube.com/watch?v=UU8ujUb2MBs,0,530,0,0,UCcROxwq_GajcurqLI7zGFfw,"HÀ NỘI ĐẦU NĂM 2021, THỜI COVID",
Hanoi,,21.0283334,105.854041,huRjulKLucI,https://www.youtube.com/watch?v=huRjulKLucI,0,328,0,0,UCcROxwq_GajcurqLI7zGFfw,"HÀ THÀNH MÙA HÈ NĂM 2020, THỜI COVID",
Hanoi,,21.0283334,105.854041,_y7NSwWDLMg,https://www.youtube.com/watch?v=_y7NSwWDLMg,0,325,1,0,UCcROxwq_GajcurqLI7zGFfw,"LUNG LINH ĐÈN ĐƯỜNG KHU BA ĐÌNH HÀ NỘI,  TUẦN CUỐI THÁNG GIÊNG NĂM 2021 THỜI COVID",night(label)
Hanoi,,21.0283334,105.854041,AHMexKPcG3s,https://www.youtube.com/watch?v=AHMexKPcG3s,0,531,1,0,UCcROxwq_GajcurqLI7zGFfw,9h TỐI ĐÊ LA THÀNH HÀ NỘI THỜI COVID 2021,night
Hanoi,,21.0283334,105.854041,tJDgKTeT280,https://www.youtube.com/watch?v=tJDgKTeT280,0,326,0,0,UCcROxwq_GajcurqLI7zGFfw,"xe Lam chở khách đi thanh minh ở Hà Nội, năm 2021",
Hanoi,,21.0283334,105.854041,kvW9YN8TS_o,https://www.youtube.com/watch?v=kvW9YN8TS_o,0,531,0,0,UCcROxwq_GajcurqLI7zGFfw,GIA LÂM LONG BIÊN HÀ NỘI,
Hanoi,,21.0283334,105.854041,ZKxhX70oBVY,https://www.youtube.com/watch?v=ZKxhX70oBVY,0,530,1,0,UCcROxwq_GajcurqLI7zGFfw,"10h TỐI HÀ NỘI, ẨM THỰC VỈ HÈ THỜI COVID 2021",night
Hanoi,,21.0283334,105.854041,dHUGNJiBaBU,https://www.youtube.com/watch?v=dHUGNJiBaBU,0,531,0,0,UCcROxwq_GajcurqLI7zGFfw,"DỌC CON ĐƯỜNG GỐM SỨ ĐẾN NHỮNG CON PHỐ NHỎ BÃI SÔNG HỒNG, HÀ NỘI THỜI COVID, NĂM 2020!",
Hanoi,,21.0283334,105.854041,TbowlCT3Eyk,https://www.youtube.com/watch?v=TbowlCT3Eyk,0,480,1,0,UCcROxwq_GajcurqLI7zGFfw,"HUỲNH THÚC KHÁNG - NGUYỄN CHÍ THANH HÀ NỘI, THỜI COVID",night(label)
Hanoi,,21.0283334,105.854041,28zZzQ9KeLg,https://www.youtube.com/watch?v=28zZzQ9KeLg,0,39,0,0,UCcROxwq_GajcurqLI7zGFfw,Hà Nội ơi (110) Ngày & Đêm,
Hanoi,,21.0283334,105.854041,28zZzQ9KeLg,https://www.youtube.com/watch?v=28zZzQ9KeLg,40,195,0,0,UCcROxwq_GajcurqLI7zGFfw,Hà Nội ơi (110) Ngày & Đêm,
Hanoi,,21.0283334,105.854041,28zZzQ9KeLg,https://www.youtube.com/watch?v=28zZzQ9KeLg,196,461,0,0,UCcROxwq_GajcurqLI7zGFfw,Hà Nội ơi (110) Ngày & Đêm,
Hanoi,,21.0283334,105.854041,28zZzQ9KeLg,https://www.youtube.com/watch?v=28zZzQ9KeLg,462,562,0,0,UCcROxwq_GajcurqLI7zGFfw,Hà Nội ơi (110) Ngày & Đêm,
Hanoi,,21.0283334,105.854041,28zZzQ9KeLg,https://www.youtube.com/watch?v=28zZzQ9KeLg,563,605,0,0,UCcROxwq_GajcurqLI7zGFfw,Hà Nội ơi (110) Ngày & Đêm,
Hanoi,,21.0283334,105.854041,28zZzQ9KeLg,https://www.youtube.com/watch?v=28zZzQ9KeLg,606,791,0,0,UCcROxwq_GajcurqLI7zGFfw,Hà Nội ơi (110) Ngày & Đêm,
Hanoi,,21.0283334,105.854041,28zZzQ9KeLg,https://www.youtube.com/watch?v=28zZzQ9KeLg,792,1102,0,0,UCcROxwq_GajcurqLI7zGFfw,Hà Nội ơi (110) Ngày & Đêm,
Hanoi,,21.0283334,105.854041,28zZzQ9KeLg,https://www.youtube.com/watch?v=28zZzQ9KeLg,1103,1148,0,0,UCcROxwq_GajcurqLI7zGFfw,Hà Nội ơi (110) Ngày & Đêm,
Hanoi,,21.0283334,105.854041,28zZzQ9KeLg,https://www.youtube.com/watch?v=28zZzQ9KeLg,1149,1171,0,0,UCcROxwq_GajcurqLI7zGFfw,Hà Nội ơi (110) Ngày & Đêm,
Hanoi,,21.0283334,105.854041,28zZzQ9KeLg,https://www.youtube.com/watch?v=28zZzQ9KeLg,1172,1231,0,0,UCcROxwq_GajcurqLI7zGFfw,Hà Nội ơi (110) Ngày & Đêm,
Hanoi,,21.0283334,105.854041,-izPkz433t0,https://www.youtube.com/watch?v=-izPkz433t0,0,328,0,0,UCcROxwq_GajcurqLI7zGFfw,Hà Nội ơi (130) Thường Tín,
Hanoi,,21.0283334,105.854041,0aYZ0G9wvBQ,https://www.youtube.com/watch?v=0aYZ0G9wvBQ,0,454,0,0,UCcROxwq_GajcurqLI7zGFfw,LONG BIÊN HÀ NỘI MỘT NGÀY MÙA ĐÔNG CUỐI NĂM 2020 THỜI COVID,
Hanoi,,21.0283334,105.854041,U7jW-TvUbAk,https://www.youtube.com/watch?v=U7jW-TvUbAk,0,530,1,0,UCcROxwq_GajcurqLI7zGFfw,Chuyển động Hà Nội năm 2020,night(label)
Hanoi,,21.0283334,105.854041,qBN7lgG7gYQ,https://www.youtube.com/watch?v=qBN7lgG7gYQ,0,441,1,0,UCcROxwq_GajcurqLI7zGFfw,"CHUYỂN ĐỘNG LẤP ĐẦY NHỮNG CHỖ TRỐNG, NGÃ TƯ SỞ THÀNH PHỐ HÀ NỘI, THỜI COVID NĂM 2020!",night(label)
Hanoi,,21.0283334,105.854041,yVaFtRsu57Y,https://www.youtube.com/watch?v=yVaFtRsu57Y,0,531,0,0,UCcROxwq_GajcurqLI7zGFfw,"PHỐ TRẤN VŨ - CHÂU LONG - CỬA BẮC - PHÓ ĐỨC CHÍNH HÀ NỘI, NGÀY CUỐI THÁNG 1 NĂM 2021, THỜI COVID",
Hanoi,,21.0283334,105.854041,sjgF07EVWC4,https://www.youtube.com/watch?v=sjgF07EVWC4,0,952,0,0,UCcROxwq_GajcurqLI7zGFfw,Hà Nội ơi (165),
Hanoi,,21.0283334,105.854041,fm1pyGLyIw8,https://www.youtube.com/watch?v=fm1pyGLyIw8,0,530,0,0,UCcROxwq_GajcurqLI7zGFfw,Hà Nội mùa hoa Tím Bằng Lăng & những chiếc Khẩu Trang phòng chống Covid...,
Hanoi,,21.0283334,105.854041,eOPRhf0T8nk,https://www.youtube.com/watch?v=eOPRhf0T8nk,0,403,0,0,UCcROxwq_GajcurqLI7zGFfw,Địa Danh Hành Chính Hà Nội rất rộng (từ một địa điểm cách hồ Hoàn Kiếm hơn 40km),
Hanoi,,21.0283334,105.854041,oNtTCPQ4JhY,https://www.youtube.com/watch?v=oNtTCPQ4JhY,0,306,0,0,UCcROxwq_GajcurqLI7zGFfw,"phố Trung Kính - Trần Duy Hưng, Hà Nội năm 2020",
Hanoi,,21.0283334,105.854041,qvcmr6n18cY,https://www.youtube.com/watch?v=qvcmr6n18cY,0,530,1,0,UCcROxwq_GajcurqLI7zGFfw,"HÀ NỘI BY NIGHT, QUẬN HOÀN KIẾM, THỜI COVID NĂM 2020",night
Hanoi,,21.0283334,105.854041,C9mXXmOzP7s,https://www.youtube.com/watch?v=C9mXXmOzP7s,0,271,0,0,UCcROxwq_GajcurqLI7zGFfw,Hà Nội ơi (177),
Hanoi,,21.0283334,105.854041,C9mXXmOzP7s,https://www.youtube.com/watch?v=C9mXXmOzP7s,289,310,0,0,UCcROxwq_GajcurqLI7zGFfw,Hà Nội ơi (177),
Hanoi,,21.0283334,105.854041,C9mXXmOzP7s,https://www.youtube.com/watch?v=C9mXXmOzP7s,311,486,0,0,UCcROxwq_GajcurqLI7zGFfw,Hà Nội ơi (177),
Hanoi,,21.0283334,105.854041,C9mXXmOzP7s,https://www.youtube.com/watch?v=C9mXXmOzP7s,487,788,0,0,UCcROxwq_GajcurqLI7zGFfw,Hà Nội ơi (177),
Hanoi,,21.0283334,105.854041,C9mXXmOzP7s,https://www.youtube.com/watch?v=C9mXXmOzP7s,816,834,0,0,UCcROxwq_GajcurqLI7zGFfw,Hà Nội ơi (177),
Hanoi,,21.0283334,105.854041,XPmlDRAgwA4,https://www.youtube.com/watch?v=XPmlDRAgwA4,0,332,0,0,UCcROxwq_GajcurqLI7zGFfw,Mùa Hè Hà Nội năm 2021,
Hanoi,,21.0283334,105.854041,I8c4ICnGkS0,https://www.youtube.com/watch?v=I8c4ICnGkS0,0,876,0,0,UCcROxwq_GajcurqLI7zGFfw,VINHOME Hà Nội 2019,
Hanoi,,21.0283334,105.854041,ALWAgWUPlWI,https://www.youtube.com/watch?v=ALWAgWUPlWI,0,531,0,0,UCcROxwq_GajcurqLI7zGFfw,Hà Nội Mùa Hè năm 2021,
Hanoi,,21.0283334,105.854041,qNAu4piSxd0,https://www.youtube.com/watch?v=qNAu4piSxd0,0,499,0,0,UCcROxwq_GajcurqLI7zGFfw,Hà Nội ơi (076) 36 Phố Phường,
Hanoi,,21.0283334,105.854041,an6jmjO7xnY,https://www.youtube.com/watch?v=an6jmjO7xnY,0,453,1,0,UCcROxwq_GajcurqLI7zGFfw,"NHÁ NHEM TỐI Ở ĐƯỜNG YÊN PHỤ - THANH NIÊN HÀ NỘI, 22 THÁNG GIÊNG NĂM 2021 THỜI COVID",night
Hanoi,,21.0283334,105.854041,tPfeB4lp7ro,https://www.youtube.com/watch?v=tPfeB4lp7ro,0,1573,0,0,UCcROxwq_GajcurqLI7zGFfw,Hà Nội ơi (152),
Hanoi,,21.0283334,105.854041,tPfeB4lp7ro,https://www.youtube.com/watch?v=tPfeB4lp7ro,1574,1952,1,0,UCcROxwq_GajcurqLI7zGFfw,Hà Nội ơi (152),night(label)
Hanoi,,21.0283334,105.854041,MWj89xtl048,https://www.youtube.com/watch?v=MWj89xtl048,0,342,0,0,UCcROxwq_GajcurqLI7zGFfw,Hà Nội ơi (074) 36 Phố Phường,
Hanoi,,21.0283334,105.854041,MWj89xtl048,https://www.youtube.com/watch?v=MWj89xtl048,343,497,0,0,UCcROxwq_GajcurqLI7zGFfw,Hà Nội ơi (074) 36 Phố Phường,
Hanoi,,21.0283334,105.854041,MWj89xtl048,https://www.youtube.com/watch?v=MWj89xtl048,498,944,0,0,UCcROxwq_GajcurqLI7zGFfw,Hà Nội ơi (074) 36 Phố Phường,
Hanoi,,21.0283334,105.854041,V40JV4xgI0s,https://www.youtube.com/watch?v=V40JV4xgI0s,0,29,0,0,UCcROxwq_GajcurqLI7zGFfw,Hà Nội ơi (009),
Hanoi,,21.0283334,105.854041,V40JV4xgI0s,https://www.youtube.com/watch?v=V40JV4xgI0s,30,45,0,0,UCcROxwq_GajcurqLI7zGFfw,Hà Nội ơi (009),
Hanoi,,21.0283334,105.854041,V40JV4xgI0s,https://www.youtube.com/watch?v=V40JV4xgI0s,46,77,0,0,UCcROxwq_GajcurqLI7zGFfw,Hà Nội ơi (009),
Hanoi,,21.0283334,105.854041,V40JV4xgI0s,https://www.youtube.com/watch?v=V40JV4xgI0s,91,121,0,0,UCcROxwq_GajcurqLI7zGFfw,Hà Nội ơi (009),
Hanoi,,21.0283334,105.854041,V40JV4xgI0s,https://www.youtube.com/watch?v=V40JV4xgI0s,122,153,0,0,UCcROxwq_GajcurqLI7zGFfw,Hà Nội ơi (009),
Hanoi,,21.0283334,105.854041,V40JV4xgI0s,https://www.youtube.com/watch?v=V40JV4xgI0s,154,183,0,0,UCcROxwq_GajcurqLI7zGFfw,Hà Nội ơi (009),
Hanoi,,21.0283334,105.854041,V40JV4xgI0s,https://www.youtube.com/watch?v=V40JV4xgI0s,184,211,0,0,UCcROxwq_GajcurqLI7zGFfw,Hà Nội ơi (009),
Hanoi,,21.0283334,105.854041,V40JV4xgI0s,https://www.youtube.com/watch?v=V40JV4xgI0s,212,253,0,0,UCcROxwq_GajcurqLI7zGFfw,Hà Nội ơi (009),
Hanoi,,21.0283334,105.854041,V40JV4xgI0s,https://www.youtube.com/watch?v=V40JV4xgI0s,254,375,0,0,UCcROxwq_GajcurqLI7zGFfw,Hà Nội ơi (009),
Hanoi,,21.0283334,105.854041,V40JV4xgI0s,https://www.youtube.com/watch?v=V40JV4xgI0s,376,427,0,0,UCcROxwq_GajcurqLI7zGFfw,Hà Nội ơi (009),
Hanoi,,21.0283334,105.854041,-mvp8sGHQCY,https://www.youtube.com/watch?v=-mvp8sGHQCY,21,339,0,0,UCcROxwq_GajcurqLI7zGFfw,"SIÊU THỊ NGUYỄN KIM, ĐƯỜNG TRÀNG THI HÀ NỘI, THỜI COVID NĂM 2020!",
Hanoi,,21.0283334,105.854041,c4cmx80M2Ug,https://www.youtube.com/watch?v=c4cmx80M2Ug,0,405,0,0,UCcROxwq_GajcurqLI7zGFfw,MAI XUÂN THƯỞNG - HOÀNG HOA THÁM - HÙNG VƯƠNG - HOÀNG VĂN THỤ - ĐỘC LẬP - ĐIỆN BIÊN PHỦ - CHU VĂN AN,
Hanoi,,21.0283334,105.854041,rzJUKLBEtNw,https://www.youtube.com/watch?v=rzJUKLBEtNw,0,327,0,0,UCcROxwq_GajcurqLI7zGFfw,HÀ NỘI NGÀY MỒNG 3 TẾT TÂN SỬU NĂM 2021 THỜI COVID,tet/holiday
Hanoi,,21.0283334,105.854041,cLhepIGy6C4,https://www.youtube.com/watch?v=cLhepIGy6C4,0,1483,1,0,UCcROxwq_GajcurqLI7zGFfw,Hà Nội ơi (096) về đêm,night
Hanoi,,21.0283334,105.854041,DzsW_VA2cEU,https://www.youtube.com/watch?v=DzsW_VA2cEU,0,531,0,0,UCcROxwq_GajcurqLI7zGFfw,đường phố Hà Nội 2020,
Hanoi,,21.0283334,105.854041,irGzpy8jgPY,https://www.youtube.com/watch?v=irGzpy8jgPY,0,429,1,0,UCcROxwq_GajcurqLI7zGFfw,LUNG LINH SẮC MÀU HÀ NỘI THỜI COVID 2021,night(label)
Hanoi,,21.0283334,105.854041,1L9JOBGoMGQ,https://www.youtube.com/watch?v=1L9JOBGoMGQ,0,531,1,0,UCcROxwq_GajcurqLI7zGFfw,"ĐƯỜNG HOÀNG HOA THÁM HÀ NỘI, TRƯỚC GIỜ BÓNG ĐÁ NĂM 2019",night(label)
Hanoi,,21.0283334,105.854041,5ctESs3UwRc,https://www.youtube.com/watch?v=5ctESs3UwRc,0,531,0,0,UCcROxwq_GajcurqLI7zGFfw,THƯỜNG TÍN NGOẠI THÀNH HÀ NỘI,
Hanoi,,21.0283334,105.854041,FMYN11aN388,https://www.youtube.com/watch?v=FMYN11aN388,0,531,0,0,UCcROxwq_GajcurqLI7zGFfw,Chiều Hà Nội...,
Hanoi,,21.0283334,105.854041,Z_XMYPXIKgs,https://www.youtube.com/watch?v=Z_XMYPXIKgs,0,471,1,0,UCcROxwq_GajcurqLI7zGFfw,Hà Nội ơi (013),night(label)
Hanoi,,21.0283334,105.854041,Pl8FblZ14l8,https://www.youtube.com/watch?v=Pl8FblZ14l8,0,71,0,0,UCcROxwq_GajcurqLI7zGFfw,Hà Nội ơi (057),
Hanoi,,21.0283334,105.854041,Pl8FblZ14l8,https://www.youtube.com/watch?v=Pl8FblZ14l8,72,128,0,0,UCcROxwq_GajcurqLI7zGFfw,Hà Nội ơi (057),
Hanoi,,21.0283334,105.854041,Pl8FblZ14l8,https://www.youtube.com/watch?v=Pl8FblZ14l8,129,239,0,0,UCcROxwq_GajcurqLI7zGFfw,Hà Nội ơi (057),
Hanoi,,21.0283334,105.854041,Pl8FblZ14l8,https://www.youtube.com/watch?v=Pl8FblZ14l8,240,293,0,0,UCcROxwq_GajcurqLI7zGFfw,Hà Nội ơi (057),
Hanoi,,21.0283334,105.854041,Pl8FblZ14l8,https://www.youtube.com/watch?v=Pl8FblZ14l8,294,332,0,0,UCcROxwq_GajcurqLI7zGFfw,Hà Nội ơi (057),
Hanoi,,21.0283334,105.854041,bY35c0coKws,https://www.youtube.com/watch?v=bY35c0coKws,0,186,0,0,UCcROxwq_GajcurqLI7zGFfw,"ĐƯỜNG NGUYỄN VĂN LINH QUẬN LONG BIÊN HÀ NỘI NĂM 202O, THỜI COVID",
Hanoi,,21.0283334,105.854041,ge__PSJpfZ0,https://www.youtube.com/watch?v=ge__PSJpfZ0,0,531,1,0,UCcROxwq_GajcurqLI7zGFfw,"ĐIỆN BIÊN PHỦ - HOÀNG DIỆU - NGUYỄN THÁI HỌC - LÊ DUẨN HÀ THÀNH, NGÀY CUỐI THÁNG 1 NĂM 2021",night(label)
Hanoi,,21.0283334,105.854041,ksMG5d1zIdE,https://www.youtube.com/watch?v=ksMG5d1zIdE,0,517,0,0,UCcROxwq_GajcurqLI7zGFfw,"8h sáng đường Đội Cấn Hà Nội, năm 2021",
Hanoi,,21.0283334,105.854041,YvASXnJOG4w,https://www.youtube.com/watch?v=YvASXnJOG4w,0,386,1,0,UCcROxwq_GajcurqLI7zGFfw,ĐƯỜNG PHỐ HÀ THÀNH NGÀY ĐẦU NĂM 2021 THỜI COVID,night(label)
Hanoi,,21.0283334,105.854041,_aYwBbxCvg0,https://www.youtube.com/watch?v=_aYwBbxCvg0,0,531,1,0,UCcROxwq_GajcurqLI7zGFfw,Hà Nội lên Đèn,night(label)
Hanoi,,21.0283334,105.854041,ReBXqEtxg2s,https://www.youtube.com/watch?v=ReBXqEtxg2s,0,781,1,0,UCcROxwq_GajcurqLI7zGFfw,9h TỐI NGÕ PHỐ NHỎ ĐỊNH CÔNG HÀ NỘI THỜI COVID 2021,night
Hanoi,,21.0283334,105.854041,AlDQlw4HrTw,https://www.youtube.com/watch?v=AlDQlw4HrTw,0,518,1,0,UCcROxwq_GajcurqLI7zGFfw,"Thành phố Hà Nội lên đèn, năm 2019",night(label)
Hanoi,,21.0283334,105.854041,iQTjnreTMkI,https://www.youtube.com/watch?v=iQTjnreTMkI,0,531,0,0,UCcROxwq_GajcurqLI7zGFfw,"ĐƯỜNG PHỐ QUẬN BA ĐÌNH HÀ NỘI, 23 THÁNG 1 NĂM 2021 (MỘT NĂM SAU ĐẠI DỊCH COVID)",
Hanoi,,21.0283334,105.854041,0QNzahKrNz4,https://www.youtube.com/watch?v=0QNzahKrNz4,0,490,0,0,UCcROxwq_GajcurqLI7zGFfw,"ĐƯỜNG TRẦN THỦ ĐỘ - NỘI KHU PHÁP VÂN - ĐƯỜNG NGỌC HỒI - GIẢI PHÓNG HÀ NỘI ĐẦU NĂM 2021, THỜI COVID",
Hanoi,,21.0283334,105.854041,F3GuuvnfYY4,https://www.youtube.com/watch?v=F3GuuvnfYY4,0,530,0,0,UCcROxwq_GajcurqLI7zGFfw,"Giao Thông Hà Nội, 30 tháng 4 năm 2021",
Hanoi,,21.0283334,105.854041,WRtyQUGHDi0,https://www.youtube.com/watch?v=WRtyQUGHDi0,0,531,0,0,UCcROxwq_GajcurqLI7zGFfw,Hà Nội chiều Chủ Nhật 23 tháng 5 năm 2021,
Hanoi,,21.0283334,105.854041,GGbHr26Zd4I,https://www.youtube.com/watch?v=GGbHr26Zd4I,0,531,0,0,UCcROxwq_GajcurqLI7zGFfw,Hà Nội ơi (261),
Hanoi,,21.0283334,105.854041,N5oJ2d_Tdys,https://www.youtube.com/watch?v=N5oJ2d_Tdys,0,531,1,0,UCcROxwq_GajcurqLI7zGFfw,CHUYỂN ĐỘNG HÀ NỘI LÚC VỀ ĐÊM,night
Hanoi,,21.0283334,105.854041,4g7gx4hKaeM,https://www.youtube.com/watch?v=4g7gx4hKaeM,0,531,0,0,UCcROxwq_GajcurqLI7zGFfw,Hà Nội mùa Hè năm 2021,
Hanoi,,21.0283334,105.854041,l7hsAgxh9hI,https://www.youtube.com/watch?v=l7hsAgxh9hI,5,823,1,0,UCcROxwq_GajcurqLI7zGFfw,Hà Nội ơi (62648993),night(label)
Hanoi,,21.0283334,105.854041,l7hsAgxh9hI,https://www.youtube.com/watch?v=l7hsAgxh9hI,825,1673,1,0,UCcROxwq_GajcurqLI7zGFfw,Hà Nội ơi (62648993),night(label)
Hanoi,,21.0283334,105.854041,AuV0SiwQqSw,https://www.youtube.com/watch?v=AuV0SiwQqSw,0,375,1,0,UCcROxwq_GajcurqLI7zGFfw,"CHUYỂN ĐỘNG TRÊN CAO VÀNH ĐAI 3 THÀNH PHỐ HÀ NỘI THỜI COVID, NĂM 2020!",night(label)
Hanoi,,21.0283334,105.854041,-OAC88iRHvg,https://www.youtube.com/watch?v=-OAC88iRHvg,0,191,0,0,UCcROxwq_GajcurqLI7zGFfw,Hà Nội ơi (144) đi Xuyên Việt (từ Pháp Vân),
Hanoi,,21.0283334,105.854041,-OAC88iRHvg,https://www.youtube.com/watch?v=-OAC88iRHvg,200,246,0,0,UCcROxwq_GajcurqLI7zGFfw,Hà Nội ơi (144) đi Xuyên Việt (từ Pháp Vân),
Hanoi,,21.0283334,105.854041,-OAC88iRHvg,https://www.youtube.com/watch?v=-OAC88iRHvg,247,369,0,0,UCcROxwq_GajcurqLI7zGFfw,Hà Nội ơi (144) đi Xuyên Việt (từ Pháp Vân),
Hanoi,,21.0283334,105.854041,-OAC88iRHvg,https://www.youtube.com/watch?v=-OAC88iRHvg,370,431,0,0,UCcROxwq_GajcurqLI7zGFfw,Hà Nội ơi (144) đi Xuyên Việt (từ Pháp Vân),
Hanoi,,21.0283334,105.854041,-OAC88iRHvg,https://www.youtube.com/watch?v=-OAC88iRHvg,432,506,0,0,UCcROxwq_GajcurqLI7zGFfw,Hà Nội ơi (144) đi Xuyên Việt (từ Pháp Vân),
Hanoi,,21.0283334,105.854041,-OAC88iRHvg,https://www.youtube.com/watch?v=-OAC88iRHvg,507,584,0,0,UCcROxwq_GajcurqLI7zGFfw,Hà Nội ơi (144) đi Xuyên Việt (từ Pháp Vân),
Hanoi,,21.0283334,105.854041,-OAC88iRHvg,https://www.youtube.com/watch?v=-OAC88iRHvg,585,603,0,0,UCcROxwq_GajcurqLI7zGFfw,Hà Nội ơi (144) đi Xuyên Việt (từ Pháp Vân),
Hanoi,,21.0283334,105.854041,-OAC88iRHvg,https://www.youtube.com/watch?v=-OAC88iRHvg,604,704,0,0,UCcROxwq_GajcurqLI7zGFfw,Hà Nội ơi (144) đi Xuyên Việt (từ Pháp Vân),
Hanoi,,21.0283334,105.854041,-OAC88iRHvg,https://www.youtube.com/watch?v=-OAC88iRHvg,710,724,1,0,UCcROxwq_GajcurqLI7zGFfw,Hà Nội ơi (144) đi Xuyên Việt (từ Pháp Vân),night(label)
Hanoi,,21.0283334,105.854041,-OAC88iRHvg,https://www.youtube.com/watch?v=-OAC88iRHvg,725,920,1,0,UCcROxwq_GajcurqLI7zGFfw,Hà Nội ơi (144) đi Xuyên Việt (từ Pháp Vân),night(label)
Hanoi,,21.0283334,105.854041,-OAC88iRHvg,https://www.youtube.com/watch?v=-OAC88iRHvg,921,1075,1,0,UCcROxwq_GajcurqLI7zGFfw,Hà Nội ơi (144) đi Xuyên Việt (từ Pháp Vân),night(label)
Hanoi,,21.0283334,105.854041,18N739wtW1I,https://www.youtube.com/watch?v=18N739wtW1I,0,531,0,0,UCcROxwq_GajcurqLI7zGFfw,"LẤT PHẤT MƯA RƠI, HÀ NỘI ƠI",rain
Hanoi,,21.0283334,105.854041,WvsTT-I41s8,https://www.youtube.com/watch?v=WvsTT-I41s8,0,531,0,0,UCcROxwq_GajcurqLI7zGFfw,RADIO VÀ MỘT NGÀY MƯA GIÓ BÃO ở HÀ NỘI,rain
Hanoi,,21.0283334,105.854041,ca2Vx0-knJE,https://www.youtube.com/watch?v=ca2Vx0-knJE,0,530,0,0,UCcROxwq_GajcurqLI7zGFfw,ĐƯỜNG QUA SÂN BAY NỘI BÀI HÀ NỘI NĂM 202O THỜI COVID,
Hanoi,,21.0283334,105.854041,90m3KBtg8D8,https://www.youtube.com/watch?v=90m3KBtg8D8,0,72,0,0,UCcROxwq_GajcurqLI7zGFfw,Hà Nội ơi (069),
Hanoi,,21.0283334,105.854041,90m3KBtg8D8,https://www.youtube.com/watch?v=90m3KBtg8D8,73,123,0,0,UCcROxwq_GajcurqLI7zGFfw,Hà Nội ơi (069),
Hanoi,,21.0283334,105.854041,90m3KBtg8D8,https://www.youtube.com/watch?v=90m3KBtg8D8,124,309,0,0,UCcROxwq_GajcurqLI7zGFfw,Hà Nội ơi (069),
Hanoi,,21.0283334,105.854041,90m3KBtg8D8,https://www.youtube.com/watch?v=90m3KBtg8D8,310,354,0,0,UCcROxwq_GajcurqLI7zGFfw,Hà Nội ơi (069),
Hanoi,,21.0283334,105.854041,90m3KBtg8D8,https://www.youtube.com/watch?v=90m3KBtg8D8,355,449,0,0,UCcROxwq_GajcurqLI7zGFfw,Hà Nội ơi (069),
Hanoi,,21.0283334,105.854041,90m3KBtg8D8,https://www.youtube.com/watch?v=90m3KBtg8D8,450,502,0,0,UCcROxwq_GajcurqLI7zGFfw,Hà Nội ơi (069),
Hanoi,,21.0283334,105.854041,YBwpXP0717I,https://www.youtube.com/watch?v=YBwpXP0717I,0,531,0,0,UCcROxwq_GajcurqLI7zGFfw,"BÊN KIA CẦU VĨNH TUY, HÀ NỘI..",
Hanoi,,21.0283334,105.854041,p9O-Qojeg-U,https://www.youtube.com/watch?v=p9O-Qojeg-U,0,531,0,0,UCcROxwq_GajcurqLI7zGFfw,"CON ĐƯỜNG GỐM SỨ HÀ NỘI (ĐOẠN ĐƯỜNG NGUYỄN KHOÁI - HỒNG HÀ) THỜI COVID, NĂM 2020!",
Hanoi,,21.0283334,105.854041,z4wEHw4HPCM,https://www.youtube.com/watch?v=z4wEHw4HPCM,0,531,0,0,UCcROxwq_GajcurqLI7zGFfw,ĐƯỜNG PHỐ HÀ NỘI MỘT NGÀY MƯA CUỐI MÙA ĐÔNG,rain
Hanoi,,21.0283334,105.854041,bKEXPbqQh-o,https://www.youtube.com/watch?v=bKEXPbqQh-o,0,530,0,0,UCcROxwq_GajcurqLI7zGFfw,QUA CẦU VĨNH TUY VÀO HÀ THÀNH,
Hanoi,,21.0283334,105.854041,B8ymxTU6300,https://www.youtube.com/watch?v=B8ymxTU6300,0,823,0,0,UCcROxwq_GajcurqLI7zGFfw,Hà Nội ơi (002),
Hanoi,,21.0283334,105.854041,B8ymxTU6300,https://www.youtube.com/watch?v=B8ymxTU6300,824,1044,1,0,UCcROxwq_GajcurqLI7zGFfw,Hà Nội ơi (002),night(label)
Hanoi,,21.0283334,105.854041,B8ymxTU6300,https://www.youtube.com/watch?v=B8ymxTU6300,1045,1374,0,0,UCcROxwq_GajcurqLI7zGFfw,Hà Nội ơi (002),
Hanoi,,21.0283334,105.854041,B8ymxTU6300,https://www.youtube.com/watch?v=B8ymxTU6300,1375,1474,1,0,UCcROxwq_GajcurqLI7zGFfw,Hà Nội ơi (002),night(label)
Hanoi,,21.0283334,105.854041,xICJRqw_kjw,https://www.youtube.com/watch?v=xICJRqw_kjw,0,530,0,0,UCcROxwq_GajcurqLI7zGFfw,"THÔNG LỆ GIA ĐÌNH, MỒNG MỘT TẾT LÊN CHÙA PHÚC KHÁNH & CHÙA NGŨ XÃ, HÀ NỘI MƯA!!!",rain;tet/holiday
Hanoi,,21.0283334,105.854041,Wrj1KasB9So,https://www.youtube.com/watch?v=Wrj1KasB9So,0,530,1,0,UCcROxwq_GajcurqLI7zGFfw,8h tối Hà Nội,night
Hanoi,,21.0283334,105.854041,D7jVKRk_zUA,https://www.youtube.com/watch?v=D7jVKRk_zUA,0,511,0,0,UCcROxwq_GajcurqLI7zGFfw,CHUYỂN ĐỘNG HÀ THÀNH NĂM 2019,
Hanoi,,21.0283334,105.854041,-XLO2r1h6B8,https://www.youtube.com/watch?v=-XLO2r1h6B8,0,2902,1,0,UCcROxwq_GajcurqLI7zGFfw,HÀ NỘI ĐẦU ĐÔNG NĂM 2023 (23 783),night(label)
Hanoi,,21.0283334,105.854041,-XLO2r1h6B8,https://www.youtube.com/watch?v=-XLO2r1h6B8,2903,3431,1,0,UCcROxwq_GajcurqLI7zGFfw,HÀ NỘI ĐẦU ĐÔNG NĂM 2023 (23 783),night(label)
Hanoi,,21.0283334,105.854041,_VscXzXwD1o,https://www.youtube.com/watch?v=_VscXzXwD1o,0,454,0,0,UCcROxwq_GajcurqLI7zGFfw,Hà Nội ơi (047),
Hanoi,,21.0283334,105.854041,e6YthRNch6w,https://www.youtube.com/watch?v=e6YthRNch6w,0,882,1,0,UCcROxwq_GajcurqLI7zGFfw,đường phố Hà Nội vừa Quen vừa Lạ... [25 656],night(label)
Hanoi,,21.0283334,105.854041,dFmTkuW7zcA,https://www.youtube.com/watch?v=dFmTkuW7zcA,0,356,0,0,UCcROxwq_GajcurqLI7zGFfw,Hà Nội ơi (194),
Hanoi,,21.0283334,105.854041,x51-Idmel-4,https://www.youtube.com/watch?v=x51-Idmel-4,0,621,0,0,UCcROxwq_GajcurqLI7zGFfw,Chợ Hoa đầu mối Hà Nội năm 2023,
Hanoi,,21.0283334,105.854041,1KdvNZShb54,https://www.youtube.com/watch?v=1KdvNZShb54,0,531,1,0,UCcROxwq_GajcurqLI7zGFfw,"Chập choạng Tối thứ 7, đường phố Hà Nội, mùa Hè năm 2021",night
Hanoi,,21.0283334,105.854041,bd9YW84zLmE,https://www.youtube.com/watch?v=bd9YW84zLmE,0,531,0,0,UCcROxwq_GajcurqLI7zGFfw,Hà Nội ơi (083) Định Công,
Hanoi,,21.0283334,105.854041,k_DsqfK2GDc,https://www.youtube.com/watch?v=k_DsqfK2GDc,0,531,0,0,UCcROxwq_GajcurqLI7zGFfw,"Mồng Một Tết Canh Tý, Mưa Rơi Hà Thành (Trường Chinh - Ngã Tư Sở - Tây Sơn - Chùa Phúc Khánh)",rain;tet/holiday
Hanoi,,21.0283334,105.854041,wekzmxTa1TA,https://www.youtube.com/watch?v=wekzmxTa1TA,0,439,0,0,UCcROxwq_GajcurqLI7zGFfw,Hà Nội ơi (044),
Hanoi,,21.0283334,105.854041,Uwa2NF1lMS0,https://www.youtube.com/watch?v=Uwa2NF1lMS0,0,379,0,0,UCcROxwq_GajcurqLI7zGFfw,Hà Nội năm 2020,
Hanoi,,21.0283334,105.854041,IraoGyEsQ90,https://www.youtube.com/watch?v=IraoGyEsQ90,0,300,0,0,UCcROxwq_GajcurqLI7zGFfw,"PHỐ XÃ ĐÀN HÀ NỘI, THÁNG 7 NĂM 2020 THỜI COVID",
Hanoi,,21.0283334,105.854041,811_MMW6iTg,https://www.youtube.com/watch?v=811_MMW6iTg,0,1301,0,0,UCcROxwq_GajcurqLI7zGFfw,Hà Nội ơi (105),
Hanoi,,21.0283334,105.854041,F2HnPmy8YYk,https://www.youtube.com/watch?v=F2HnPmy8YYk,0,525,1,0,UCcROxwq_GajcurqLI7zGFfw,"7h tối Hà Nội, giao thông giờ cao điểm",night;rush/jam
Hanoi,,21.0283334,105.854041,yGPA-hFzcpc,https://www.youtube.com/watch?v=yGPA-hFzcpc,0,411,0,0,UCcROxwq_GajcurqLI7zGFfw,Vẻ đẹp khi Mưa rơi trên thành phố,rain
Hanoi,,21.0283334,105.854041,sETRF__oTTc,https://www.youtube.com/watch?v=sETRF__oTTc,0,531,1,0,UCcROxwq_GajcurqLI7zGFfw,"9h TỐI HÀ NỘI, ẨM THỰC VỈ HÈ THỜI COVID 2021",night
Hanoi,,21.0283334,105.854041,8_e2c0YnJQM,https://www.youtube.com/watch?v=8_e2c0YnJQM,0,427,1,0,UCcROxwq_GajcurqLI7zGFfw,"Loanh quanh, quận Hoàn Kiếm, Hà Nội năm 2019",night(label)
Hanoi,,21.0283334,105.854041,EdERNUl_5z8,https://www.youtube.com/watch?v=EdERNUl_5z8,0,2947,0,0,UCcROxwq_GajcurqLI7zGFfw,Hà Nội năm 2025 [25 391],
Hanoi,,21.0283334,105.854041,mFcxgkrQkqc,https://www.youtube.com/watch?v=mFcxgkrQkqc,0,530,1,0,UCcROxwq_GajcurqLI7zGFfw,Pháp Vân Hà Nội ngày cuối tuần,night(label)
Hanoi,,21.0283334,105.854041,OTVlEjXkkh0,https://www.youtube.com/watch?v=OTVlEjXkkh0,0,531,1,0,UCcROxwq_GajcurqLI7zGFfw,"9h tối, quận Hoàn Kiếm Hà Nội năm 2019",night
Hanoi,,21.0283334,105.854041,SsLrFALOsAU,https://www.youtube.com/watch?v=SsLrFALOsAU,0,401,0,0,UCcROxwq_GajcurqLI7zGFfw,Hà Nội ơi (286),
Hanoi,,21.0283334,105.854041,2vAq35uMBo4,https://www.youtube.com/watch?v=2vAq35uMBo4,0,531,0,0,UCcROxwq_GajcurqLI7zGFfw,Hà Nội ơi (219),
Hanoi,,21.0283334,105.854041,owjh_gVGmLA,https://www.youtube.com/watch?v=owjh_gVGmLA,0,530,0,0,UCcROxwq_GajcurqLI7zGFfw,ĐƯỜNG QUA SÂN BAY NỘI BÀI HÀ NỘI THÁNG 11 NĂM 202O THỜI COVID,
Hanoi,,21.0283334,105.854041,mS-30A-IuU4,https://www.youtube.com/watch?v=mS-30A-IuU4,0,531,1,0,UCcROxwq_GajcurqLI7zGFfw,9h TỐI QUẬN HOÀN KIẾM HÀ NỘI THỜI COVID 2021,night
Hanoi,,21.0283334,105.854041,eiu40FTPjcc,https://www.youtube.com/watch?v=eiu40FTPjcc,0,237,0,0,UCcROxwq_GajcurqLI7zGFfw,MỘT NGÀY MƯA BAY BAY RẤT HÀ NỘI!,rain
Hanoi,,21.0283334,105.854041,L9d_qCJGxO4,https://www.youtube.com/watch?v=L9d_qCJGxO4,0,707,0,0,UCcROxwq_GajcurqLI7zGFfw,Hà Nội ngày tháng 5 năm 2021,
Hanoi,,21.0283334,105.854041,UnPqQ7jHkWc,https://www.youtube.com/watch?v=UnPqQ7jHkWc,0,518,0,0,UCcROxwq_GajcurqLI7zGFfw,"ĐƯỜNG ĐỘI CẤN HÀ NỘI, THÁNG GIÊNG NĂM 2021 THỜI COVID",
Hanoi,,21.0283334,105.854041,D70m2GdBPBQ,https://www.youtube.com/watch?v=D70m2GdBPBQ,0,438,0,0,UCcROxwq_GajcurqLI7zGFfw,SÁNG HÀ NỘI NGÀY TẾT TÂN SỬU NĂM 2021 THỜI COVID,tet/holiday
Hanoi,,21.0283334,105.854041,AdX-CA-VhcI,https://www.youtube.com/watch?v=AdX-CA-VhcI,0,1717,0,0,UCcROxwq_GajcurqLI7zGFfw,Hà Nội đầu năm 2025 (25 0154),
Hanoi,,21.0283334,105.854041,ItdT3PeWYXs,https://www.youtube.com/watch?v=ItdT3PeWYXs,0,672,1,0,UCcROxwq_GajcurqLI7zGFfw,Hà Nội ơi (183),night(label)
Hanoi,,21.0283334,105.854041,0wIDv6iWT20,https://www.youtube.com/watch?v=0wIDv6iWT20,0,531,1,0,UCcROxwq_GajcurqLI7zGFfw,"HÀ NỘI 30 TẾT, GIAO THỪA NĂM CANH TÝ SANG NĂM TÂN SỬU (2021) THỜI COVID",tet/holiday;night(label)
Hanoi,,21.0283334,105.854041,aylS3WitFgM,https://www.youtube.com/watch?v=aylS3WitFgM,0,531,1,0,UCcROxwq_GajcurqLI7zGFfw,"9h tối ven hồ Tây - Thuỵ Khuê, Hà Nội",night
Hanoi,,21.0283334,105.854041,xQQsEKfhJds,https://www.youtube.com/watch?v=xQQsEKfhJds,0,970,0,0,UCcROxwq_GajcurqLI7zGFfw,Hà Nội ơi (001),
Hanoi,,21.0283334,105.854041,-ajdTtZitdA,https://www.youtube.com/watch?v=-ajdTtZitdA,106,1076,0,0,UCcROxwq_GajcurqLI7zGFfw,Hà Nội 2025 đầu Hè mát mẻ như mùa Thu [25 5811],
Hanoi,,21.0283334,105.854041,t6TSfNlCLBY,https://www.youtube.com/watch?v=t6TSfNlCLBY,0,326,0,0,UCcROxwq_GajcurqLI7zGFfw,CHIỀU VÀO HÀ NỘI,
Hanoi,,21.0283334,105.854041,9T0XtWfocA8,https://www.youtube.com/watch?v=9T0XtWfocA8,0,531,0,0,UCcROxwq_GajcurqLI7zGFfw,Hà Nội mùa Hè năm 2021,
Hanoi,,21.0283334,105.854041,JrXjTnNaQA0,https://www.youtube.com/watch?v=JrXjTnNaQA0,0,442,0,0,UCcROxwq_GajcurqLI7zGFfw,Hà Nội  mùa Hè năm 2020,
Hanoi,,21.0283334,105.854041,1Z-bncfHTrs,https://www.youtube.com/watch?v=1Z-bncfHTrs,0,1114,0,0,UCcROxwq_GajcurqLI7zGFfw,Hà Nội năm 2025 [25 448],
Hanoi,,21.0283334,105.854041,wAkKDdm8cbE,https://www.youtube.com/watch?v=wAkKDdm8cbE,0,531,0,0,UCcROxwq_GajcurqLI7zGFfw,HÀ NỘI NGÀY MỒNG 2 TẾT TÂN SỬU NĂM 2021 THỜI COVID,tet/holiday
Hanoi,,21.0283334,105.854041,osLRBNBHpYk,https://www.youtube.com/watch?v=osLRBNBHpYk,0,451,0,0,UCcROxwq_GajcurqLI7zGFfw,"HÀ NỘI NGÀY MÙ SƯƠNG ĐẦU XUÂN NĂM TÂN SỬU, THỜI COVID",fog
Hanoi,,21.0283334,105.854041,hJVAHsXJflw,https://www.youtube.com/watch?v=hJVAHsXJflw,0,413,1,0,UCcROxwq_GajcurqLI7zGFfw,9h TỐI CẦU NHẬT TÂN HÀ NỘI THÁNG 7 NĂM 2020,night
Hanoi,,21.0283334,105.854041,BCHaW4hrLcg,https://www.youtube.com/watch?v=BCHaW4hrLcg,0,383,0,0,UCcROxwq_GajcurqLI7zGFfw,Bích Động Bắc Giang năm 2021,
Hanoi,,21.0283334,105.854041,tFrQKjhk9oE,https://www.youtube.com/watch?v=tFrQKjhk9oE,0,478,0,0,UCcROxwq_GajcurqLI7zGFfw,Mùa Hè Hà Nội năm 2021,
Hanoi,,21.0283334,105.854041,Jm3HxdMVUXY,https://www.youtube.com/watch?v=Jm3HxdMVUXY,0,530,0,0,UCcROxwq_GajcurqLI7zGFfw,ĐƯỜNG Ở HUYỆN THƯỜNG TÍN HÀ NỘI NGÀY MƯA BAY BAY,rain
Hanoi,,21.0283334,105.854041,nhPYkw_SEiY,https://www.youtube.com/watch?v=nhPYkw_SEiY,0,531,0,0,UCcROxwq_GajcurqLI7zGFfw,"HOÀNG HOA THÁM - NGỌC HÀ - LÊ HỒNG PHONG - ĐIỆN BIÊN PHỦ - HOÀNG DIỆU, HÀ NỘI THỜI COVID, NĂM 2020!",
Hanoi,,21.0283334,105.854041,LNMDU7Iknok,https://www.youtube.com/watch?v=LNMDU7Iknok,0,531,0,0,UCcROxwq_GajcurqLI7zGFfw,"Phương Mai - Đống Đa, Hà Nội năm 2020 thời Covid...",
Hanoi,,21.0283334,105.854041,J6BePIoogfM,https://www.youtube.com/watch?v=J6BePIoogfM,0,531,1,0,UCcROxwq_GajcurqLI7zGFfw,CHẬP CHOẠNG HÀ NỘI (LÊ DUẨN - NGÕ VĂN CHƯƠNG KHÂM THIÊN) THỜI COVID 2021,night(label)
Hanoi,,21.0283334,105.854041,mSyRONMT5aY,https://www.youtube.com/watch?v=mSyRONMT5aY,0,531,0,0,UCcROxwq_GajcurqLI7zGFfw,"ĐƯỜNG MÊ LINH NGOẠI THÀNH HÀ NỘI, NĂM 202O THỜI COVID",
Hanoi,,21.0283334,105.854041,vLAIkajdTV8,https://www.youtube.com/watch?v=vLAIkajdTV8,0,531,0,0,UCcROxwq_GajcurqLI7zGFfw,"HÀ NỘI ĐẦU NĂM TÂN SỬU, THỜI COVID 2021",
Hanoi,,21.0283334,105.854041,6oC2YN679yM,https://www.youtube.com/watch?v=6oC2YN679yM,0,2533,0,0,UCcROxwq_GajcurqLI7zGFfw,Hà Nội phố vắng im lìm năm 2021 thời phòng Covid19!,
Hanoi,,21.0283334,105.854041,rkLxP5B4ohk,https://www.youtube.com/watch?v=rkLxP5B4ohk,0,397,0,0,UCcROxwq_GajcurqLI7zGFfw,"Những con đường ở Thanh Trì Hà Nội, 30 tháng 4 năm 2021",
Hanoi,,21.0283334,105.854041,a4CWfQGH1Sw,https://www.youtube.com/watch?v=a4CWfQGH1Sw,0,531,0,0,UCcROxwq_GajcurqLI7zGFfw,Mùa Hè Hà Nội năm 2021,
Hanoi,,21.0283334,105.854041,5txTqQIDF-A,https://www.youtube.com/watch?v=5txTqQIDF-A,0,531,0,0,UCcROxwq_GajcurqLI7zGFfw,Mùa Hè Hà Nội năm 2021,
Hanoi,,21.0283334,105.854041,f_d6ixTA_Nc,https://www.youtube.com/watch?v=f_d6ixTA_Nc,0,337,0,0,UCcROxwq_GajcurqLI7zGFfw,HÀ NỘI NGÀY MỒNG 2 TẾT TÂN SỬU NĂM 2021 THỜI COVID,tet/holiday
Hanoi,,21.0283334,105.854041,B08MvU99ZXU,https://www.youtube.com/watch?v=B08MvU99ZXU,9,24,0,0,UCcROxwq_GajcurqLI7zGFfw,Hà Nội ơi (140),
Hanoi,,21.0283334,105.854041,B08MvU99ZXU,https://www.youtube.com/watch?v=B08MvU99ZXU,25,47,0,0,UCcROxwq_GajcurqLI7zGFfw,Hà Nội ơi (140),
Hanoi,,21.0283334,105.854041,B08MvU99ZXU,https://www.youtube.com/watch?v=B08MvU99ZXU,48,93,0,0,UCcROxwq_GajcurqLI7zGFfw,Hà Nội ơi (140),
Hanoi,,21.0283334,105.854041,B08MvU99ZXU,https://www.youtube.com/watch?v=B08MvU99ZXU,94,125,0,0,UCcROxwq_GajcurqLI7zGFfw,Hà Nội ơi (140),
Hanoi,,21.0283334,105.854041,B08MvU99ZXU,https://www.youtube.com/watch?v=B08MvU99ZXU,126,180,0,0,UCcROxwq_GajcurqLI7zGFfw,Hà Nội ơi (140),
Hanoi,,21.0283334,105.854041,B08MvU99ZXU,https://www.youtube.com/watch?v=B08MvU99ZXU,181,290,0,0,UCcROxwq_GajcurqLI7zGFfw,Hà Nội ơi (140),
Hanoi,,21.0283334,105.854041,B08MvU99ZXU,https://www.youtube.com/watch?v=B08MvU99ZXU,291,374,0,0,UCcROxwq_GajcurqLI7zGFfw,Hà Nội ơi (140),
Hanoi,,21.0283334,105.854041,B08MvU99ZXU,https://www.youtube.com/watch?v=B08MvU99ZXU,375,400,0,0,UCcROxwq_GajcurqLI7zGFfw,Hà Nội ơi (140),
Hanoi,,21.0283334,105.854041,B08MvU99ZXU,https://www.youtube.com/watch?v=B08MvU99ZXU,401,445,0,0,UCcROxwq_GajcurqLI7zGFfw,Hà Nội ơi (140),
Hanoi,,21.0283334,105.854041,B08MvU99ZXU,https://www.youtube.com/watch?v=B08MvU99ZXU,446,490,0,0,UCcROxwq_GajcurqLI7zGFfw,Hà Nội ơi (140),
Hanoi,,21.0283334,105.854041,B08MvU99ZXU,https://www.youtube.com/watch?v=B08MvU99ZXU,491,541,0,0,UCcROxwq_GajcurqLI7zGFfw,Hà Nội ơi (140),
Hanoi,,21.0283334,105.854041,B08MvU99ZXU,https://www.youtube.com/watch?v=B08MvU99ZXU,542,559,0,0,UCcROxwq_GajcurqLI7zGFfw,Hà Nội ơi (140),
Hanoi,,21.0283334,105.854041,B08MvU99ZXU,https://www.youtube.com/watch?v=B08MvU99ZXU,560,597,0,0,UCcROxwq_GajcurqLI7zGFfw,Hà Nội ơi (140),
Hanoi,,21.0283334,105.854041,B08MvU99ZXU,https://www.youtube.com/watch?v=B08MvU99ZXU,597,691,0,0,UCcROxwq_GajcurqLI7zGFfw,Hà Nội ơi (140),
Hanoi,,21.0283334,105.854041,B08MvU99ZXU,https://www.youtube.com/watch?v=B08MvU99ZXU,692,713,0,0,UCcROxwq_GajcurqLI7zGFfw,Hà Nội ơi (140),
Hanoi,,21.0283334,105.854041,B08MvU99ZXU,https://www.youtube.com/watch?v=B08MvU99ZXU,714,775,0,0,UCcROxwq_GajcurqLI7zGFfw,Hà Nội ơi (140),
Hanoi,,21.0283334,105.854041,B08MvU99ZXU,https://www.youtube.com/watch?v=B08MvU99ZXU,776,825,0,0,UCcROxwq_GajcurqLI7zGFfw,Hà Nội ơi (140),
Hanoi,,21.0283334,105.854041,B08MvU99ZXU,https://www.youtube.com/watch?v=B08MvU99ZXU,826,845,0,0,UCcROxwq_GajcurqLI7zGFfw,Hà Nội ơi (140),
Hanoi,,21.0283334,105.854041,lIBmQxW-gSA,https://www.youtube.com/watch?v=lIBmQxW-gSA,0,531,1,0,UCcROxwq_GajcurqLI7zGFfw,"CHẬP CHOẠNG TỐI Ở LONG BIÊN GIA LÂM, HÀ NỘI 2020 THỜI COVID",night
Hanoi,,21.0283334,105.854041,T8BOh3UI2-U,https://www.youtube.com/watch?v=T8BOh3UI2-U,0,531,1,0,UCcROxwq_GajcurqLI7zGFfw,"9h tối Hà Nội tháng 4 năm 2021, thời covid",night
Hanoi,,21.0283334,105.854041,8ZVGYf89RD4,https://www.youtube.com/watch?v=8ZVGYf89RD4,0,531,0,0,UCcROxwq_GajcurqLI7zGFfw,"Mồng Một Tết Canh Tý, Mưa Rơi Hà Thành (Nguyễn Lương Bắng - Tôn Đức Thắng)",rain;tet/holiday
Hanoi,,21.0283334,105.854041,FCcIoC8iSuM,https://www.youtube.com/watch?v=FCcIoC8iSuM,0,2662,1,0,UCcROxwq_GajcurqLI7zGFfw,"chập choạng tối Hà Nội tháng 12 năm 2021, thời Covid",night
Hanoi,,21.0283334,105.854041,aQfLz8uHPOw,https://www.youtube.com/watch?v=aQfLz8uHPOw,0,425,0,0,UCcROxwq_GajcurqLI7zGFfw,BUỐI SÁNG ĐƯỜNG THUỴ KHUÊ HÀ NỘI THỜI COVID 2021,
Hanoi,,21.0283334,105.854041,TkQiCOjI4FE,https://www.youtube.com/watch?v=TkQiCOjI4FE,0,531,0,0,UCcROxwq_GajcurqLI7zGFfw,An Dương Hà Nội 2020,
Hanoi,,21.0283334,105.854041,4Jf-ETtlak0,https://www.youtube.com/watch?v=4Jf-ETtlak0,0,531,0,0,UCcROxwq_GajcurqLI7zGFfw,Hà Nội mùa hoa Tím Bằng Lăng,
Hanoi,,21.0283334,105.854041,WiO-oU4piAs,https://www.youtube.com/watch?v=WiO-oU4piAs,0,484,0,0,UCcROxwq_GajcurqLI7zGFfw,"MƯA XUÂN ĐƯỜNG THUỴ KHUÊ - VĂN CAO, HÀ NỘI",rain
Hanoi,,21.0283334,105.854041,Kyzb7hEoO48,https://www.youtube.com/watch?v=Kyzb7hEoO48,0,501,0,0,UCcROxwq_GajcurqLI7zGFfw,Hà Nội ơi (042),
Hanoi,,21.0283334,105.854041,WeEiHoK7wxk,https://www.youtube.com/watch?v=WeEiHoK7wxk,0,463,1,0,UCcROxwq_GajcurqLI7zGFfw,9h TỐI HÀ NỘI THỜI COVID 2021,night
Hanoi,,21.0283334,105.854041,PqtJrEaPNZQ,https://www.youtube.com/watch?v=PqtJrEaPNZQ,0,385,0,0,UCcROxwq_GajcurqLI7zGFfw,Hà Nội ơi (017),
Hanoi,,21.0283334,105.854041,6fwrBXPX1xI,https://www.youtube.com/watch?v=6fwrBXPX1xI,0,479,0,0,UCcROxwq_GajcurqLI7zGFfw,Hà Nội tháng 5 năm 2021,
Hanoi,,21.0283334,105.854041,yurrYmob-nI,https://www.youtube.com/watch?v=yurrYmob-nI,0,530,0,0,UCcROxwq_GajcurqLI7zGFfw,Hà Nội mùa Hè năm 2021,
Hanoi,,21.0283334,105.854041,L09NSfxDnYg,https://www.youtube.com/watch?v=L09NSfxDnYg,0,531,1,0,UCcROxwq_GajcurqLI7zGFfw,ĐƯỜNG NGUYỄN AN NINH HÀ NỘI,night(label)
Hanoi,,21.0283334,105.854041,lpiPC0cGozE,https://www.youtube.com/watch?v=lpiPC0cGozE,0,412,0,0,UCcROxwq_GajcurqLI7zGFfw,đường phố Hà Nội ngày mùa Hè năm 2021,
Hanoi,,21.0283334,105.854041,8j8fzpE9-0w,https://www.youtube.com/watch?v=8j8fzpE9-0w,0,531,1,0,UCcROxwq_GajcurqLI7zGFfw,9h tối phố cổ Hà Nội tháng 4 năm 2021,night
Hanoi,,21.0283334,105.854041,ujYMWwGIVtI,https://www.youtube.com/watch?v=ujYMWwGIVtI,0,531,1,0,UCcROxwq_GajcurqLI7zGFfw,"6h chiều Hà Nội, Chủ Nhật 13 tháng 6 năm 2021",night(label)
Hanoi,,21.0283334,105.854041,oh5W_JoR4vI,https://www.youtube.com/watch?v=oh5W_JoR4vI,0,531,0,0,UCcROxwq_GajcurqLI7zGFfw,"MƯA GIÓ ĐƯỜNG CẦU GIẤY - LÁNG, HÀ NỘI",rain
Hanoi,,21.0283334,105.854041,Wo91B-l6wgc,https://www.youtube.com/watch?v=Wo91B-l6wgc,0,328,0,0,UCcROxwq_GajcurqLI7zGFfw,"ĐƯỜNG XUÂN THUỶ HÀ NỘI NGÀY TRƯỚC TẾT TÂN SỬU NĂM 2021, THỜI COVID",tet/holiday
Hanoi,,21.0283334,105.854041,B8wzwH-px7I,https://www.youtube.com/watch?v=B8wzwH-px7I,0,531,0,0,UCcROxwq_GajcurqLI7zGFfw,"Kẹt xe giữa ngã tư giờ cao điểm (Kim Mã - Nguyễn Thái Học, Hà Nội)",rush/jam
Hanoi,,21.0283334,105.854041,XjWmWvQ-IUs,https://www.youtube.com/watch?v=XjWmWvQ-IUs,0,524,0,0,UCcROxwq_GajcurqLI7zGFfw,Hà Nội ơi (010),
Hanoi,,21.0283334,105.854041,kM-TjIDx0Lo,https://www.youtube.com/watch?v=kM-TjIDx0Lo,0,980,1,0,UCcROxwq_GajcurqLI7zGFfw,Ăn đêm đường Phố Hà Nội phố (24 988),night
Hanoi,,21.0283334,105.854041,LhkeCALnHno,https://www.youtube.com/watch?v=LhkeCALnHno,0,530,0,0,UCcROxwq_GajcurqLI7zGFfw,Một Sáng Thứ 7 Hà Nội (29 tháng 5 năm 2021),
Hanoi,,21.0283334,105.854041,WZQeUM4NA00,https://www.youtube.com/watch?v=WZQeUM4NA00,0,360,1,0,UCcROxwq_GajcurqLI7zGFfw,ÓNG ÁNH LẤP LÁNH TỪ ÁNH ĐÈN ĐƯỜNG HÀ NỘI,night(label)
Hanoi,,21.0283334,105.854041,9OvOIOQnm4Y,https://www.youtube.com/watch?v=9OvOIOQnm4Y,123,970,1,0,UCcROxwq_GajcurqLI7zGFfw,7pm Hà Nội  (24 1082),night(label)
Hanoi,,21.0283334,105.854041,OsQ8z-ECBFY,https://www.youtube.com/watch?v=OsQ8z-ECBFY,0,345,1,0,UCcROxwq_GajcurqLI7zGFfw,Chập choạng tối Hà Nội,night
Hanoi,,21.0283334,105.854041,fefIuVRLxnY,https://www.youtube.com/watch?v=fefIuVRLxnY,114,531,0,0,UCcROxwq_GajcurqLI7zGFfw,"ĐƯỜNG PHỐ HÀ NỘI, MÙA THU NĂM 2020...",
Hanoi,,21.0283334,105.854041,4W-JkD10sXo,https://www.youtube.com/watch?v=4W-JkD10sXo,0,530,1,0,UCcROxwq_GajcurqLI7zGFfw,"9h tối, quận Hoàn Kiếm Hà Nội năm 2021",night
Hanoi,,21.0283334,105.854041,HFklCYrHBUE,https://www.youtube.com/watch?v=HFklCYrHBUE,0,531,0,0,UCcROxwq_GajcurqLI7zGFfw,LANG THANG QUA TỪNG CON PHỐ HÀ NỘI NĂM 2020 THỜI COVID,
Hanoi,,21.0283334,105.854041,x8F-LsYCr_I,https://www.youtube.com/watch?v=x8F-LsYCr_I,0,517,1,0,UCcROxwq_GajcurqLI7zGFfw,Hà Nội ơi (041),night(label)
Hanoi,,21.0283334,105.854041,-peTmJaEqo8,https://www.youtube.com/watch?v=-peTmJaEqo8,0,421,1,0,UCcROxwq_GajcurqLI7zGFfw,"Mưa lớn Đêm Giao Thừa, Hà Nội tạm biệt năm Kỷ Hơi & chờ đón năm Canh Tý",rain;night
Hanoi,,21.0283334,105.854041,sp5_vroAu68,https://www.youtube.com/watch?v=sp5_vroAu68,0,531,1,0,UCcROxwq_GajcurqLI7zGFfw,Hà Nội ơi (114) Về Đêm,night(label)
Hanoi,,21.0283334,105.854041,9w0yES0rZTM,https://www.youtube.com/watch?v=9w0yES0rZTM,0,673,0,0,UCcROxwq_GajcurqLI7zGFfw,Đường Phố Hà Nội  ngày mồng một Tết năm Ất Tỵ (25 0206),tet/holiday
Hanoi,,21.0283334,105.854041,Gr2DDoaBsy4,https://www.youtube.com/watch?v=Gr2DDoaBsy4,0,531,0,0,UCcROxwq_GajcurqLI7zGFfw,"HÀ NỘI NGÀY MỒNG 2 TẾT NĂM TÂN SỬU, THỜI COVID 2021",tet/holiday
Hanoi,,21.0283334,105.854041,apTmsPue7SQ,https://www.youtube.com/watch?v=apTmsPue7SQ,0,531,1,0,UCcROxwq_GajcurqLI7zGFfw,chập choạng tối mùa Hè đường Hà Nội năm 2020,night
Hanoi,,21.0283334,105.854041,A8QT4goCR-4,https://www.youtube.com/watch?v=A8QT4goCR-4,0,531,1,0,UCcROxwq_GajcurqLI7zGFfw,"HÀ NỘI ĐẦU NĂM 2021, THỜI COVID",night(label)
Hanoi,,21.0283334,105.854041,zi5zjILPG8Y,https://www.youtube.com/watch?v=zi5zjILPG8Y,0,287,0,0,UCcROxwq_GajcurqLI7zGFfw,Hà Nội cuối Đông năm 2019,
Hanoi,,21.0283334,105.854041,w6O8BO9HNgI,https://www.youtube.com/watch?v=w6O8BO9HNgI,0,1315,0,0,UCcROxwq_GajcurqLI7zGFfw,Hà Nội ơi (070),
Hanoi,,21.0283334,105.854041,axTa3UGW2wA,https://www.youtube.com/watch?v=axTa3UGW2wA,0,531,1,0,UCcROxwq_GajcurqLI7zGFfw,HÀ NỘI TẾT NĂM TÂN SỬU (2021) THỜI COVID,tet/holiday;night(label)
Hanoi,,21.0283334,105.854041,6h-qWKbGEqE,https://www.youtube.com/watch?v=6h-qWKbGEqE,0,3049,0,0,UCcROxwq_GajcurqLI7zGFfw,Hà Nội năm 2025 [25 397],
Hanoi,,21.0283334,105.854041,HQT-oVF51ME,https://www.youtube.com/watch?v=HQT-oVF51ME,0,531,1,0,UCcROxwq_GajcurqLI7zGFfw,LƯỢN LỜ ĐƯỜNG PHỐ HÀ NỘI LÚC TỐI TRỜI,night
Hanoi,,21.0283334,105.854041,m4WAJOfWamU,https://www.youtube.com/watch?v=m4WAJOfWamU,0,677,0,0,UCcROxwq_GajcurqLI7zGFfw,Hà Nội ơi (004),
Hanoi,,21.0283334,105.854041,HPICxBAQT3o,https://www.youtube.com/watch?v=HPICxBAQT3o,0,382,1,0,UCcROxwq_GajcurqLI7zGFfw,"ĐƯỜNG TRƯỜNG CHINH - TÂY SƠN, HÀ NỘI ĐẦU NĂM 2021 THỜI COVID",night(label)
Hanoi,,21.0283334,105.854041,ro3es0ZPgrA,https://www.youtube.com/watch?v=ro3es0ZPgrA,121,792,0,0,UCcROxwq_GajcurqLI7zGFfw,Hà Nội ơi (195),
Hanoi,,21.0283334,105.854041,yvXx80ddf-w,https://www.youtube.com/watch?v=yvXx80ddf-w,0,531,0,0,UCcROxwq_GajcurqLI7zGFfw,"Giao Thông Hà Nội, tháng 4 năm 2021",
Hanoi,,21.0283334,105.854041,CKEFajao1ic,https://www.youtube.com/watch?v=CKEFajao1ic,0,446,0,0,UCcROxwq_GajcurqLI7zGFfw,Hà Nội vào Hè,
Hanoi,,21.0283334,105.854041,3xYI6xi94Dc,https://www.youtube.com/watch?v=3xYI6xi94Dc,0,481,0,0,UCcROxwq_GajcurqLI7zGFfw,"ngã Tư Sở Hà Nội giờ cao điểm ngày sương mù, năm 2021 thời covid",fog;rush/jam
Hanoi,,21.0283334,105.854041,GGHOVzYmkas,https://www.youtube.com/watch?v=GGHOVzYmkas,0,927,0,0,UCcROxwq_GajcurqLI7zGFfw,Hà Nội đầu mùa Hè mát mẻ như mùa Thu [25 5821],
Hanoi,,21.0283334,105.854041,GGHOVzYmkas,https://www.youtube.com/watch?v=GGHOVzYmkas,1534,2125,0,0,UCcROxwq_GajcurqLI7zGFfw,Hà Nội đầu mùa Hè mát mẻ như mùa Thu [25 5821],
Hanoi,,21.0283334,105.854041,mFJV3dA3v6U,https://www.youtube.com/watch?v=mFJV3dA3v6U,0,504,0,0,UCcROxwq_GajcurqLI7zGFfw,Hà Nội 2020,
Hanoi,,21.0283334,105.854041,Il1PcJ4OOxY,https://www.youtube.com/watch?v=Il1PcJ4OOxY,0,530,1,0,UCcROxwq_GajcurqLI7zGFfw,9h TỐI HÀ NỘI THỜI COVID 2021,night
Hanoi,,21.0283334,105.854041,fS_RC7xPeWE,https://www.youtube.com/watch?v=fS_RC7xPeWE,0,436,0,0,UCcROxwq_GajcurqLI7zGFfw,Hà Nội 2025 đầu Hè mát mẻ như mùa Thu [25 570],
Hanoi,,21.0283334,105.854041,rae7roBnpIU,https://www.youtube.com/watch?v=rae7roBnpIU,0,480,1,0,UCcROxwq_GajcurqLI7zGFfw,"NHẬP NHOẠNG TỐI Ở MA TRẬN NGÕ NGÁCH PHỐ KHÂM THIÊN, NGÕ VĂN CHƯƠNG HÀ NỘI (2020, THỜI COVID)",night
Hanoi,,21.0283334,105.854041,Jmfl29ufCJA,https://www.youtube.com/watch?v=Jmfl29ufCJA,0,343,1,0,UCcROxwq_GajcurqLI7zGFfw,"DÒNG NGƯỜI VÀ XE RA KHỎI HÀ NỘI NGÀY CUỐI TUẦN (NĂM 2020, THỜI COVID)",night(label)
Hanoi,,21.0283334,105.854041,KyQhcfKFRtE,https://www.youtube.com/watch?v=KyQhcfKFRtE,0,27,0,0,UCcROxwq_GajcurqLI7zGFfw,Hà Nội ơi (092) những cơn mưa nhỏ,rain
Hanoi,,21.0283334,105.854041,KyQhcfKFRtE,https://www.youtube.com/watch?v=KyQhcfKFRtE,28,185,0,0,UCcROxwq_GajcurqLI7zGFfw,Hà Nội ơi (092) những cơn mưa nhỏ,rain
Hanoi,,21.0283334,105.854041,KyQhcfKFRtE,https://www.youtube.com/watch?v=KyQhcfKFRtE,186,246,0,0,UCcROxwq_GajcurqLI7zGFfw,Hà Nội ơi (092) những cơn mưa nhỏ,rain
Hanoi,,21.0283334,105.854041,KyQhcfKFRtE,https://www.youtube.com/watch?v=KyQhcfKFRtE,247,268,0,0,UCcROxwq_GajcurqLI7zGFfw,Hà Nội ơi (092) những cơn mưa nhỏ,rain
Hanoi,,21.0283334,105.854041,KyQhcfKFRtE,https://www.youtube.com/watch?v=KyQhcfKFRtE,269,330,0,0,UCcROxwq_GajcurqLI7zGFfw,Hà Nội ơi (092) những cơn mưa nhỏ,rain
Hanoi,,21.0283334,105.854041,mlBUbuyFZtY,https://www.youtube.com/watch?v=mlBUbuyFZtY,0,1345,0,0,UCcROxwq_GajcurqLI7zGFfw,"HÀ NỘI MÙA THU, ÊM ĐỀM VÀ ĐÁNG NHỚ (21 024)",
Hanoi,,21.0283334,105.854041,orHej_umI2c,https://www.youtube.com/watch?v=orHej_umI2c,0,531,0,0,UCcROxwq_GajcurqLI7zGFfw,6h tối đường Nguyễn Thái Học Hà Nội,night
Hanoi,,21.0283334,105.854041,IO_MI6nLsQY,https://www.youtube.com/watch?v=IO_MI6nLsQY,0,531,0,0,UCcROxwq_GajcurqLI7zGFfw,NHỮNG CON ĐƯỜNG TẤP NẬP .... 2020,
Hanoi,,21.0283334,105.854041,eHTi4Y87r2U,https://www.youtube.com/watch?v=eHTi4Y87r2U,0,3118,0,0,UCcROxwq_GajcurqLI7zGFfw,"[T2] Hà Nội 36 phố cổ ngày mưa phùn giá rét, mùa xuân Ất Tỵ",rain
Hanoi,,21.0283334,105.854041,UXWbtT1IIn0,https://www.youtube.com/watch?v=UXWbtT1IIn0,0,481,0,0,UCcROxwq_GajcurqLI7zGFfw,NGÃ TƯ SỞ HÀ NỘI THỜI COVID 2021,
Hanoi,,21.0283334,105.854041,pQsQB3u3Q08,https://www.youtube.com/watch?v=pQsQB3u3Q08,0,1994,0,0,UCcROxwq_GajcurqLI7zGFfw,HANOI SEPTEMBER 2021 (T2),
Hanoi,,21.0283334,105.854041,fxn5c1VetAQ,https://www.youtube.com/watch?v=fxn5c1VetAQ,0,312,0,0,UCcROxwq_GajcurqLI7zGFfw,dòng xe ô tô quay trở lại Hà Nội (Pháp Vân) ngày cuối tuần,
Hanoi,,21.0283334,105.854041,wsvrwW77Ts0,https://www.youtube.com/watch?v=wsvrwW77Ts0,0,531,1,0,UCcROxwq_GajcurqLI7zGFfw,9h TỐI ĐƯỜNG PHỐ HÀ NỘI THỜI COVID 2021,night
Hanoi,,21.0283334,105.854041,uuU8kGAteGg,https://www.youtube.com/watch?v=uuU8kGAteGg,0,868,0,0,UCcROxwq_GajcurqLI7zGFfw,Ha Noi 2024 (24 1168),
Hanoi,,21.0283334,105.854041,ok41igfv484,https://www.youtube.com/watch?v=ok41igfv484,0,465,0,0,UCcROxwq_GajcurqLI7zGFfw,"Cát Linh - Đoàn Thị Điểm - Bích Câu, Hà Nội",
Hanoi,,21.0283334,105.854041,IprzmZzh7lk,https://www.youtube.com/watch?v=IprzmZzh7lk,0,531,0,0,UCcROxwq_GajcurqLI7zGFfw,"gần 100% người Hà Nội đeo Khẩu Trang, ngay cả khi tham gia Giao Thông",
Hanoi,,21.0283334,105.854041,FvCrrkXTNqA,https://www.youtube.com/watch?v=FvCrrkXTNqA,0,377,0,0,UCcROxwq_GajcurqLI7zGFfw,Hà Nội mùa Hè năm 2021,
Hanoi,,21.0283334,105.854041,jluCSYDhWjk,https://www.youtube.com/watch?v=jluCSYDhWjk,0,531,1,0,UCcROxwq_GajcurqLI7zGFfw,9h tối những con phố cổ Hà Nội thời Covid,night
Hanoi,,21.0283334,105.854041,hm0e8pxQeT8,https://www.youtube.com/watch?v=hm0e8pxQeT8,0,531,1,0,UCcROxwq_GajcurqLI7zGFfw,"mưa đêm Giao Thừa năm Kỷ Tỵ (2020), một năm đặc biệt",rain;night
Hanoi,,21.0283334,105.854041,618kRMCJwhE,https://www.youtube.com/watch?v=618kRMCJwhE,0,531,0,0,UCcROxwq_GajcurqLI7zGFfw,Hà Nội ngày mồng 2 Tết Tân Sửu,tet/holiday
Hanoi,,21.0283334,105.854041,b4Bp4JcME8U,https://www.youtube.com/watch?v=b4Bp4JcME8U,0,530,1,0,UCcROxwq_GajcurqLI7zGFfw,Hà Nội 23 tháng 5 năm 2021,night(label)
Hanoi,,21.0283334,105.854041,-rHVOrUzye0,https://www.youtube.com/watch?v=-rHVOrUzye0,102,257,0,0,UCcROxwq_GajcurqLI7zGFfw,Hà Nội năm 2025 [25 20709],
Hanoi,,21.0283334,105.854041,-rHVOrUzye0,https://www.youtube.com/watch?v=-rHVOrUzye0,451,1340,0,0,UCcROxwq_GajcurqLI7zGFfw,Hà Nội năm 2025 [25 20709],
Hanoi,,21.0283334,105.854041,2I0e5poSTsg,https://www.youtube.com/watch?v=2I0e5poSTsg,0,224,0,0,UCcROxwq_GajcurqLI7zGFfw,Hà Nội ơi (093) những khu phố mới,
Hanoi,,21.0283334,105.854041,2I0e5poSTsg,https://www.youtube.com/watch?v=2I0e5poSTsg,225,276,0,0,UCcROxwq_GajcurqLI7zGFfw,Hà Nội ơi (093) những khu phố mới,
Hanoi,,21.0283334,105.854041,2I0e5poSTsg,https://www.youtube.com/watch?v=2I0e5poSTsg,277,323,0,0,UCcROxwq_GajcurqLI7zGFfw,Hà Nội ơi (093) những khu phố mới,
Hanoi,,21.0283334,105.854041,2I0e5poSTsg,https://www.youtube.com/watch?v=2I0e5poSTsg,324,344,0,0,UCcROxwq_GajcurqLI7zGFfw,Hà Nội ơi (093) những khu phố mới,
Hanoi,,21.0283334,105.854041,2I0e5poSTsg,https://www.youtube.com/watch?v=2I0e5poSTsg,345,470,0,0,UCcROxwq_GajcurqLI7zGFfw,Hà Nội ơi (093) những khu phố mới,
Hanoi,,21.0283334,105.854041,2I0e5poSTsg,https://www.youtube.com/watch?v=2I0e5poSTsg,471,549,0,0,UCcROxwq_GajcurqLI7zGFfw,Hà Nội ơi (093) những khu phố mới,
Hanoi,,21.0283334,105.854041,2I0e5poSTsg,https://www.youtube.com/watch?v=2I0e5poSTsg,550,715,0,0,UCcROxwq_GajcurqLI7zGFfw,Hà Nội ơi (093) những khu phố mới,
Hanoi,,21.0283334,105.854041,joA9QpVSZFw,https://www.youtube.com/watch?v=joA9QpVSZFw,0,405,0,0,UCcROxwq_GajcurqLI7zGFfw,Hà Nội một sáng Chủ Nhật (6 tháng 6 năm 2021) mùa Covid,
Hanoi,,21.0283334,105.854041,rPvtQBth4-A,https://www.youtube.com/watch?v=rPvtQBth4-A,136,1061,0,0,UCcROxwq_GajcurqLI7zGFfw,Hà Nội năm 2025 [25 482],
Hanoi,,21.0283334,105.854041,QPSc4ci1vf4,https://www.youtube.com/watch?v=QPSc4ci1vf4,0,818,0,0,UCcROxwq_GajcurqLI7zGFfw,Đến Làng Gốm Bát Tràng năm 2023,
Hanoi,,21.0283334,105.854041,xOQM0oOwsXY,https://www.youtube.com/watch?v=xOQM0oOwsXY,0,530,1,0,UCcROxwq_GajcurqLI7zGFfw,"CHUYỂN ĐỘNG Ở ĐƯỜNG GIẢI PHÓNG NGÃ TƯ VỌNG THÀNH PHỐ HÀ NỘI THỜI COVID, NĂM 2020!",night(label)
Hanoi,,21.0283334,105.854041,8muVXq4aHAY,https://www.youtube.com/watch?v=8muVXq4aHAY,0,42,0,0,UCcROxwq_GajcurqLI7zGFfw,PHỐ THUỴ KHUÊ HÀ NỘI NGÀY GIÁP TẾT TÂN SỬU (NĂM 2021) THỜI COVID,tet/holiday
Hanoi,,21.0283334,105.854041,8muVXq4aHAY,https://www.youtube.com/watch?v=8muVXq4aHAY,43,418,0,0,UCcROxwq_GajcurqLI7zGFfw,PHỐ THUỴ KHUÊ HÀ NỘI NGÀY GIÁP TẾT TÂN SỬU (NĂM 2021) THỜI COVID,tet/holiday
Hanoi,,21.0283334,105.854041,WJINNqq479g,https://www.youtube.com/watch?v=WJINNqq479g,0,530,0,0,UCcROxwq_GajcurqLI7zGFfw,"CẦU CHƯƠNG DƯƠNG - GIA LÂM HÀ NỘI, TUẦN CUỐI THÁNG GIÊNG NĂM 2021 THỜI COVID",
Hanoi,,21.0283334,105.854041,q3xlE1mmrf0,https://www.youtube.com/watch?v=q3xlE1mmrf0,0,1097,0,0,UCcROxwq_GajcurqLI7zGFfw,CHUYỂN ĐỘNG HÀ NỘI (21 023),
Hanoi,,21.0283334,105.854041,WAfLuUPYKR8,https://www.youtube.com/watch?v=WAfLuUPYKR8,0,401,0,0,UCcROxwq_GajcurqLI7zGFfw,"Đường Thanh Niên (hồ Tây, hồ Trúc Bạch) Hà Nội năm 2019",
Hanoi,,21.0283334,105.854041,j2fZspxA2M0,https://www.youtube.com/watch?v=j2fZspxA2M0,142,756,0,0,UCcROxwq_GajcurqLI7zGFfw,Hà Nội vào Hè năm 2023,
Hanoi,,21.0283334,105.854041,y2KVtE3xoHY,https://www.youtube.com/watch?v=y2KVtE3xoHY,0,828,1,0,UCcROxwq_GajcurqLI7zGFfw,"9h tối, quận Hoàn Kiếm Hà Nội, năm 2019..",night
Hanoi,,21.0283334,105.854041,Hta55t4sgaM,https://www.youtube.com/watch?v=Hta55t4sgaM,0,941,0,0,UCcROxwq_GajcurqLI7zGFfw,đường phố Hà Nội mùa Hè có gì mới lạ? [25 642],
Hanoi,,21.0283334,105.854041,FHi50zoHeY0,https://www.youtube.com/watch?v=FHi50zoHeY0,0,531,1,0,UCcROxwq_GajcurqLI7zGFfw,HÀ NỘI CHỀU 30 TẾT NĂM TÂN SỬU (2021) THỜI COVID,tet/holiday;night(label)
Hanoi,,21.0283334,105.854041,qqCPWdmOFuQ,https://www.youtube.com/watch?v=qqCPWdmOFuQ,0,302,0,0,UCcROxwq_GajcurqLI7zGFfw,"ĐƯỜNG YÊN PHỤ - THANH NIÊN - PHÓ ĐỨC CHÍNH HÀ NỘI NGÀY CUỐI THÁNG 1 NĂM 2021, THỜI COVID",
Hanoi,,21.0283334,105.854041,pl-Wqvm0gfU,https://www.youtube.com/watch?v=pl-Wqvm0gfU,0,531,0,0,UCcROxwq_GajcurqLI7zGFfw,"ĐƯỜNG PHỐ HÀ NỘI NĂM 2021, THỜI COVID",
Hanoi,,21.0283334,105.854041,pOACCI3Eq6I,https://www.youtube.com/watch?v=pOACCI3Eq6I,0,1729,0,0,UCcROxwq_GajcurqLI7zGFfw,vành đai 3 Hà Nội ngày mưa Xuân [25 2908],rain
Hanoi,,21.0283334,105.854041,GRCdZZaxbK8,https://www.youtube.com/watch?v=GRCdZZaxbK8,0,531,1,0,UCcROxwq_GajcurqLI7zGFfw,5h SÁNG HÀ NỘI NGÀY MÙA ĐÔNG,night(label)
Hanoi,,21.0283334,105.854041,LwK3V3lTtXw,https://www.youtube.com/watch?v=LwK3V3lTtXw,0,307,0,0,UCcROxwq_GajcurqLI7zGFfw,"6h CHIỀU (KHUNG GIỜ CAO ĐIỂM ĐÔNG XE) HOÀNG HOA THÁM, HÀ NỘI THỜI COVID 2021",rush/jam
Hanoi,,21.0283334,105.854041,aWu-swXnn5o,https://www.youtube.com/watch?v=aWu-swXnn5o,0,531,0,0,UCcROxwq_GajcurqLI7zGFfw,Hà Nội mùa Hè năm 2021,
Hanoi,,21.0283334,105.854041,PuFlrjZ15O8,https://www.youtube.com/watch?v=PuFlrjZ15O8,0,14,1,0,UCcROxwq_GajcurqLI7zGFfw,Hà Nội ơi (068),night(label)
Hanoi,,21.0283334,105.854041,PuFlrjZ15O8,https://www.youtube.com/watch?v=PuFlrjZ15O8,15,47,1,0,UCcROxwq_GajcurqLI7zGFfw,Hà Nội ơi (068),night(label)
Hanoi,,21.0283334,105.854041,PuFlrjZ15O8,https://www.youtube.com/watch?v=PuFlrjZ15O8,48,71,1,0,UCcROxwq_GajcurqLI7zGFfw,Hà Nội ơi (068),night(label)
Hanoi,,21.0283334,105.854041,PuFlrjZ15O8,https://www.youtube.com/watch?v=PuFlrjZ15O8,72,117,1,0,UCcROxwq_GajcurqLI7zGFfw,Hà Nội ơi (068),night(label)
Hanoi,,21.0283334,105.854041,PuFlrjZ15O8,https://www.youtube.com/watch?v=PuFlrjZ15O8,118,260,1,0,UCcROxwq_GajcurqLI7zGFfw,Hà Nội ơi (068),night(label)
Hanoi,,21.0283334,105.854041,PuFlrjZ15O8,https://www.youtube.com/watch?v=PuFlrjZ15O8,261,397,1,0,UCcROxwq_GajcurqLI7zGFfw,Hà Nội ơi (068),night(label)
Hanoi,,21.0283334,105.854041,PuFlrjZ15O8,https://www.youtube.com/watch?v=PuFlrjZ15O8,398,687,1,0,UCcROxwq_GajcurqLI7zGFfw,Hà Nội ơi (068),night(label)
Hanoi,,21.0283334,105.854041,PuFlrjZ15O8,https://www.youtube.com/watch?v=PuFlrjZ15O8,688,820,1,0,UCcROxwq_GajcurqLI7zGFfw,Hà Nội ơi (068),night(label)
Hanoi,,21.0283334,105.854041,PuFlrjZ15O8,https://www.youtube.com/watch?v=PuFlrjZ15O8,821,1113,1,0,UCcROxwq_GajcurqLI7zGFfw,Hà Nội ơi (068),night(label)
Hanoi,,21.0283334,105.854041,PuFlrjZ15O8,https://www.youtube.com/watch?v=PuFlrjZ15O8,1114,1146,1,0,UCcROxwq_GajcurqLI7zGFfw,Hà Nội ơi (068),night(label)
Hanoi,,21.0283334,105.854041,PuFlrjZ15O8,https://www.youtube.com/watch?v=PuFlrjZ15O8,1147,1231,1,0,UCcROxwq_GajcurqLI7zGFfw,Hà Nội ơi (068),night(label)
Hanoi,,21.0283334,105.854041,PuFlrjZ15O8,https://www.youtube.com/watch?v=PuFlrjZ15O8,1232,1253,1,0,UCcROxwq_GajcurqLI7zGFfw,Hà Nội ơi (068),night(label)
Hanoi,,21.0283334,105.854041,PuFlrjZ15O8,https://www.youtube.com/watch?v=PuFlrjZ15O8,1254,1461,1,0,UCcROxwq_GajcurqLI7zGFfw,Hà Nội ơi (068),night(label)
Hanoi,,21.0283334,105.854041,aZB3fu9Df0w,https://www.youtube.com/watch?v=aZB3fu9Df0w,0,531,0,0,UCcROxwq_GajcurqLI7zGFfw,CẢNH LÁT VỈ HÈ ĐƯỜNG THUỴ KHUÊ HÀ NỘI NĂM 2020 (THỜI COVID),
Hanoi,,21.0283334,105.854041,SLpCvo9Rz_4,https://www.youtube.com/watch?v=SLpCvo9Rz_4,0,531,0,0,UCcROxwq_GajcurqLI7zGFfw,"Hà Nội 9h sáng, vẫn cần nhiều cây xanh hơn cho những khối bê tông (Cầu Giấy lên Vành Đai 3)",
Hanoi,,21.0283334,105.854041,4b5ZNJu-QmM,https://www.youtube.com/watch?v=4b5ZNJu-QmM,0,408,0,0,UCcROxwq_GajcurqLI7zGFfw,Mùa hè Hà Nội,
Hanoi,,21.0283334,105.854041,h90xtKfeEpc,https://www.youtube.com/watch?v=h90xtKfeEpc,0,531,1,0,UCcROxwq_GajcurqLI7zGFfw,Vành Đai 3 Hà Nội lên đèn,night(label)
Hanoi,,21.0283334,105.854041,cm2PCWtCPo0,https://www.youtube.com/watch?v=cm2PCWtCPo0,0,455,0,0,UCcROxwq_GajcurqLI7zGFfw,"ĐƯỜNG GIẢI PHÓNG HÀ NỘI NGÀY 20 THÁNG 11 NĂM 202O, THỜI COVID",
Hanoi,,21.0283334,105.854041,cm2PCWtCPo0,https://www.youtube.com/watch?v=cm2PCWtCPo0,456,531,1,0,UCcROxwq_GajcurqLI7zGFfw,"ĐƯỜNG GIẢI PHÓNG HÀ NỘI NGÀY 20 THÁNG 11 NĂM 202O, THỜI COVID",night(label)
Hanoi,,21.0283334,105.854041,KDXet5Yf9fo,https://www.youtube.com/watch?v=KDXet5Yf9fo,0,531,1,0,UCcROxwq_GajcurqLI7zGFfw,HÀ NỘI NGÀY MỒNG 2 TẾT TÂN SỬU NĂM 2021 THỜI COVID,tet/holiday;night(label)
Hanoi,,21.0283334,105.854041,PZKSWZdjKIU,https://www.youtube.com/watch?v=PZKSWZdjKIU,0,473,0,0,UCcROxwq_GajcurqLI7zGFfw,HÀ NỘI MỘT NGÀY MÙA ĐÔNG CUỐI NĂM 2020 THỜI COVID,
Hanoi,,21.0283334,105.854041,RjCmsfjFtss,https://www.youtube.com/watch?v=RjCmsfjFtss,114,870,0,0,UCcROxwq_GajcurqLI7zGFfw,"""Em ơi Hà Nội phố"" tháng 10  năm 2021",
Hanoi,,21.0283334,105.854041,dRQQne46Lqc,https://www.youtube.com/watch?v=dRQQne46Lqc,0,531,0,0,UCcROxwq_GajcurqLI7zGFfw,"dòng xe kéo vào Pháp Vân Hà Nội, ngày cuối tuần năm 2021",
Hanoi,,21.0283334,105.854041,-hl0N7HM8rE,https://www.youtube.com/watch?v=-hl0N7HM8rE,0,531,1,0,UCcROxwq_GajcurqLI7zGFfw,"9h tối, Trần Quang Khải - Trần Khánh Dư - Nguyễn Huy Tự - Trần Thánh Tông - Tăng Bạt Hổ, Hà Nội",night
Hanoi,,21.0283334,105.854041,0MUrr5LA2Gw,https://www.youtube.com/watch?v=0MUrr5LA2Gw,0,31,0,0,UCcROxwq_GajcurqLI7zGFfw,Con đường từ Hưng Yên về Hà Nội,
Hanoi,,21.0283334,105.854041,0MUrr5LA2Gw,https://www.youtube.com/watch?v=0MUrr5LA2Gw,32,62,0,0,UCcROxwq_GajcurqLI7zGFfw,Con đường từ Hưng Yên về Hà Nội,
Hanoi,,21.0283334,105.854041,0MUrr5LA2Gw,https://www.youtube.com/watch?v=0MUrr5LA2Gw,63,92,0,0,UCcROxwq_GajcurqLI7zGFfw,Con đường từ Hưng Yên về Hà Nội,
Hanoi,,21.0283334,105.854041,0MUrr5LA2Gw,https://www.youtube.com/watch?v=0MUrr5LA2Gw,93,127,0,0,UCcROxwq_GajcurqLI7zGFfw,Con đường từ Hưng Yên về Hà Nội,
Hanoi,,21.0283334,105.854041,0MUrr5LA2Gw,https://www.youtube.com/watch?v=0MUrr5LA2Gw,128,143,0,0,UCcROxwq_GajcurqLI7zGFfw,Con đường từ Hưng Yên về Hà Nội,
Hanoi,,21.0283334,105.854041,0MUrr5LA2Gw,https://www.youtube.com/watch?v=0MUrr5LA2Gw,144,277,0,0,UCcROxwq_GajcurqLI7zGFfw,Con đường từ Hưng Yên về Hà Nội,
Hanoi,,21.0283334,105.854041,0MUrr5LA2Gw,https://www.youtube.com/watch?v=0MUrr5LA2Gw,278,314,0,0,UCcROxwq_GajcurqLI7zGFfw,Con đường từ Hưng Yên về Hà Nội,
Hanoi,,21.0283334,105.854041,0MUrr5LA2Gw,https://www.youtube.com/watch?v=0MUrr5LA2Gw,329,348,0,0,UCcROxwq_GajcurqLI7zGFfw,Con đường từ Hưng Yên về Hà Nội,
Hanoi,,21.0283334,105.854041,0MUrr5LA2Gw,https://www.youtube.com/watch?v=0MUrr5LA2Gw,349,382,0,0,UCcROxwq_GajcurqLI7zGFfw,Con đường từ Hưng Yên về Hà Nội,
Hanoi,,21.0283334,105.854041,HVFYBeqQz2g,https://www.youtube.com/watch?v=HVFYBeqQz2g,0,531,0,0,UCcROxwq_GajcurqLI7zGFfw,Gia Lâm Long Biên Hà Nội,
Hanoi,,21.0283334,105.854041,qghNh8jiJG8,https://www.youtube.com/watch?v=qghNh8jiJG8,0,341,0,0,UCcROxwq_GajcurqLI7zGFfw,"NGÃ TƯ SỞ - NGÃ TƯ VỌNG, HÀ NỘI",
Hanoi,,21.0283334,105.854041,LakosyJRV8I,https://www.youtube.com/watch?v=LakosyJRV8I,0,837,0,0,UCcROxwq_GajcurqLI7zGFfw,HÀ NỘI THÁNG 4 (24 472),
Hanoi,,21.0283334,105.854041,LakosyJRV8I,https://www.youtube.com/watch?v=LakosyJRV8I,838,2837,1,0,UCcROxwq_GajcurqLI7zGFfw,HÀ NỘI THÁNG 4 (24 472),night(label)
Hanoi,,21.0283334,105.854041,eo0-6zB3ooo,https://www.youtube.com/watch?v=eo0-6zB3ooo,0,531,0,0,UCcROxwq_GajcurqLI7zGFfw,"Hà Nội 9h sáng, trên Vành Đai 3 năm 2021",
Hanoi,,21.0283334,105.854041,HtRcjhikiRw,https://www.youtube.com/watch?v=HtRcjhikiRw,0,467,1,0,UCcROxwq_GajcurqLI7zGFfw,"BUỔI TỐI ĐƯỜNG PHỐ HÀ NỘI, THÁNG 7 NĂM 2020, COVID ĐÃ ĐƯỢC KHỐNG CHẾ",night
Hanoi,,21.0283334,105.854041,2wPSKIusuT8,https://www.youtube.com/watch?v=2wPSKIusuT8,0,1729,0,0,UCcROxwq_GajcurqLI7zGFfw,Hà Nội năm 2025 [25 206],
Hanoi,,21.0283334,105.854041,RkrRp3nf78U,https://www.youtube.com/watch?v=RkrRp3nf78U,0,382,1,0,UCcROxwq_GajcurqLI7zGFfw,7h tối đường phố Hà Nội cuối năm 2019,night
Hanoi,,21.0283334,105.854041,cRDq4w9sWyw,https://www.youtube.com/watch?v=cRDq4w9sWyw,0,531,1,0,UCcROxwq_GajcurqLI7zGFfw,"9h TỐI ĐƯỜNG PHỐ HÀ NỘI, THỜI COVID 2021",night
Hanoi,,21.0283334,105.854041,xF3QS4eU5h4,https://www.youtube.com/watch?v=xF3QS4eU5h4,0,531,1,0,UCcROxwq_GajcurqLI7zGFfw,"DÒNG CHUYỂN ĐỘNG NGƯỜI XE DƯỚI SẮC MÀU ÁNH SÁNG PHỐ CHÙA BỘC - THÁI HÀ, HÀ NỘI  2020 THỜI COVID",night(label)
Hanoi,,21.0283334,105.854041,FqloZ4Sf-II,https://www.youtube.com/watch?v=FqloZ4Sf-II,0,513,1,0,UCcROxwq_GajcurqLI7zGFfw,đường phố Hà Nội 2020,night(label)
Hanoi,,21.0283334,105.854041,nINJ8HF-mxs,https://www.youtube.com/watch?v=nINJ8HF-mxs,0,373,0,0,UCcROxwq_GajcurqLI7zGFfw,CẦU VĨNH TUY HÀ NỘI,
Hanoi,,21.0283334,105.854041,TbefP_XarTM,https://www.youtube.com/watch?v=TbefP_XarTM,0,531,1,0,UCcROxwq_GajcurqLI7zGFfw,"PHỐ TÔN ĐỨC THẮNG HÀ NỘI NGÀY MỒNG MỘT TẾT CANH TÝ, NĂM 2020",tet/holiday;night(label)
Hanoi,,21.0283334,105.854041,XxA7a8bKnTM,https://www.youtube.com/watch?v=XxA7a8bKnTM,0,516,0,0,UCcROxwq_GajcurqLI7zGFfw,"ĐƯỜNG THANH NIÊN - YÊN PHỤ - PHÓ ĐỨC CHÍNH HÀ THÀNH NGÀY CUỐI THÁNG 1 NĂM 2021, THỜI COVID",
Hanoi,,21.0283334,105.854041,sEffSLrCHZo,https://www.youtube.com/watch?v=sEffSLrCHZo,0,386,0,0,UCcROxwq_GajcurqLI7zGFfw,LẠC LONG QUÂN VÀ ĐƯỜNG HOÀNG HOA THÁM HÀ NỘI THÁNG 11 NĂM 202O THỜI COVID,
Hanoi,,21.0283334,105.854041,sEffSLrCHZo,https://www.youtube.com/watch?v=sEffSLrCHZo,387,530,1,0,UCcROxwq_GajcurqLI7zGFfw,LẠC LONG QUÂN VÀ ĐƯỜNG HOÀNG HOA THÁM HÀ NỘI THÁNG 11 NĂM 202O THỜI COVID,night(label)
Hanoi,,21.0283334,105.854041,ylGaT4vWao8,https://www.youtube.com/watch?v=ylGaT4vWao8,0,531,0,0,UCcROxwq_GajcurqLI7zGFfw,Hà Nội vào Hè năm 2021,
Hanoi,,21.0283334,105.854041,gGCsIF8C9OE,https://www.youtube.com/watch?v=gGCsIF8C9OE,0,1014,1,0,UCcROxwq_GajcurqLI7zGFfw,"9h TỐI ĐƯỜNG PHỐ HÀ NỘI NGÀY GIÁP TẾT TÂN SỬU, NĂM 2021 THỜI COVID",night;tet/holiday
Hanoi,,21.0283334,105.854041,q9xarIiZd0k,https://www.youtube.com/watch?v=q9xarIiZd0k,0,531,0,0,UCcROxwq_GajcurqLI7zGFfw,"Vành Đai 2 Hà Nội, đoạn lên cầu Vĩnh Tuy đang hình thành",
Hanoi,,21.0283334,105.854041,t80Z5psOSoc,https://www.youtube.com/watch?v=t80Z5psOSoc,102,923,0,0,UCcROxwq_GajcurqLI7zGFfw,Hà Nội đầu Đông (24 1277),
Hanoi,,21.0283334,105.854041,Kpp6-4gzcuE,https://www.youtube.com/watch?v=Kpp6-4gzcuE,0,398,1,0,UCcROxwq_GajcurqLI7zGFfw,đường phố Hà Nội lên đèn,night(label)
Hanoi,,21.0283334,105.854041,m83ctkriNno,https://www.youtube.com/watch?v=m83ctkriNno,0,326,0,0,UCcROxwq_GajcurqLI7zGFfw,"ĐƯỜNG THUỴ KHUÊ - LIỄU GIAI, HÀ THÀNH THỜI COVID 2021",
Hanoi,,21.0283334,105.854041,fhPjnHd7wGE,https://www.youtube.com/watch?v=fhPjnHd7wGE,0,531,1,0,UCcROxwq_GajcurqLI7zGFfw,"ĐƯỜNG LÁNG HÀ NỘI GIỜ CAO ĐIỂM, CHIỀU THỨ 6 NGÀY 20 THÁNG 11 NĂM 202O THỜI COVID",rush/jam;night(label)
Hanoi,,21.0283334,105.854041,niJERtmb40s,https://www.youtube.com/watch?v=niJERtmb40s,0,475,0,0,UCcROxwq_GajcurqLI7zGFfw,"Loanh quanh quận Ba Đình, Hà Nội năm 2021",
Hanoi,,21.0283334,105.854041,niJERtmb40s,https://www.youtube.com/watch?v=niJERtmb40s,626,1052,1,0,UCcROxwq_GajcurqLI7zGFfw,"Loanh quanh quận Ba Đình, Hà Nội năm 2021",night(label)
Hanoi,,21.0283334,105.854041,niJERtmb40s,https://www.youtube.com/watch?v=niJERtmb40s,1053,1260,0,0,UCcROxwq_GajcurqLI7zGFfw,"Loanh quanh quận Ba Đình, Hà Nội năm 2021",
Hanoi,,21.0283334,105.854041,sSmfQcz27WA,https://www.youtube.com/watch?v=sSmfQcz27WA,0,531,0,0,UCcROxwq_GajcurqLI7zGFfw,đường phố Hà Nội tháng 2 năm 2021,
Hanoi,,21.0283334,105.854041,a9_GZlR_W5k,https://www.youtube.com/watch?v=a9_GZlR_W5k,0,398,0,0,UCcROxwq_GajcurqLI7zGFfw,Ra vùng ngoại ô Hà Nội,
Hanoi,,21.0283334,105.854041,nfBk-l5Z5qw,https://www.youtube.com/watch?v=nfBk-l5Z5qw,0,549,0,0,UCcROxwq_GajcurqLI7zGFfw,"""Em ơi Hà Nội phố"" tháng 10  năm 2021",
Hanoi,,21.0283334,105.854041,nfBk-l5Z5qw,https://www.youtube.com/watch?v=nfBk-l5Z5qw,559,1180,1,0,UCcROxwq_GajcurqLI7zGFfw,"""Em ơi Hà Nội phố"" tháng 10  năm 2021",night(label)
Hanoi,,21.0283334,105.854041,LHbZZRMk3Ds,https://www.youtube.com/watch?v=LHbZZRMk3Ds,0,331,0,0,UCcROxwq_GajcurqLI7zGFfw,Pháp Vân Hà Nội năm 2020,
Hanoi,,21.0283334,105.854041,PZqnxO718pc,https://www.youtube.com/watch?v=PZqnxO718pc,0,2692,0,0,UCcROxwq_GajcurqLI7zGFfw,"Thanh Trì, an bình một vùng ngoại ô Hà Nội những ngày mùa Thu năm 2021",
Hanoi,,21.0283334,105.854041,O_q16roKJYU,https://www.youtube.com/watch?v=O_q16roKJYU,0,530,1,0,UCcROxwq_GajcurqLI7zGFfw,HÀ NỘI GIAO THÔNG GIỜ CAO ĐIỂM,rush/jam;night(label)
Hanoi,,21.0283334,105.854041,61RI85LI5sE,https://www.youtube.com/watch?v=61RI85LI5sE,0,530,1,0,UCcROxwq_GajcurqLI7zGFfw,"HÀM LONG - NGÔ VĂN SỞ - QUANG TRUNG - TRÀNG THI - ĐIỆN BIÊN PHỦ, HÀ NỘI",night(label)
Hanoi,,21.0283334,105.854041,sF7E0p3MJa4,https://www.youtube.com/watch?v=sF7E0p3MJa4,0,531,1,0,UCcROxwq_GajcurqLI7zGFfw,đường phố Hà Nội lúc 21h,night(label)
Hanoi,,21.0283334,105.854041,Fo_85hg2n4g,https://www.youtube.com/watch?v=Fo_85hg2n4g,0,531,1,0,UCcROxwq_GajcurqLI7zGFfw,9h TỐI HÀ NỘI THỜI COVID 2021,night
Hanoi,,21.0283334,105.854041,6eQ6_mVGMG8,https://www.youtube.com/watch?v=6eQ6_mVGMG8,0,531,1,0,UCcROxwq_GajcurqLI7zGFfw,"CHẬP CHOẠNG TỐI từ đường VÀNH ĐAI 3 vào đường HOÀNG QUỐC VIỆT, HÀ NỘI",night
Hanoi,,21.0283334,105.854041,EU1ND1lD3i8,https://www.youtube.com/watch?v=EU1ND1lD3i8,0,1482,0,0,UCcROxwq_GajcurqLI7zGFfw,"những Tuyến Phố, những Con Đường, những Ngóc Ngách... Hà Nội năm 2021",
Hanoi,,21.0283334,105.854041,a9Z6OJQpHFo,https://www.youtube.com/watch?v=a9Z6OJQpHFo,0,397,1,0,UCcROxwq_GajcurqLI7zGFfw,Hà Nội ơi (985),night(label)
Hanoi,,21.0283334,105.854041,ZJOMDw8gyV0,https://www.youtube.com/watch?v=ZJOMDw8gyV0,0,531,0,0,UCcROxwq_GajcurqLI7zGFfw,ĐƯỜNG VÀNH ĐAI 3 HÀ NỘI THÁNG GIÊNG NĂM 2021 THỜI COVID,
Hanoi,,21.0283334,105.854041,iHs3jKLpqiw,https://www.youtube.com/watch?v=iHs3jKLpqiw,0,531,1,0,UCcROxwq_GajcurqLI7zGFfw,"9h TỐI HÀ NỘI, ẨM THỰC VỈ HÈ THỜI COVID 2021",night
Hanoi,,21.0283334,105.854041,rGplUkt8DsU,https://www.youtube.com/watch?v=rGplUkt8DsU,0,531,1,0,UCcROxwq_GajcurqLI7zGFfw,"Vào Hà Nội, chiều Chủ Nhật",night(label)
Hanoi,,21.0283334,105.854041,ffG2hnvSziE,https://www.youtube.com/watch?v=ffG2hnvSziE,0,1729,0,0,UCcROxwq_GajcurqLI7zGFfw,Hanoi Vienam 2024 (24 1181),
Hanoi,,21.0283334,105.854041,SyfD7g6uaIQ,https://www.youtube.com/watch?v=SyfD7g6uaIQ,0,558,0,0,UCcROxwq_GajcurqLI7zGFfw,"HÀ NỘI ngoại ô, ... Mưa Rả Rích nhiều ngày liên tiếp cuối tháng 10 năm 2021",rain
Hanoi,,21.0283334,105.854041,3IwTTYBcfig,https://www.youtube.com/watch?v=3IwTTYBcfig,0,2156,0,0,UCcROxwq_GajcurqLI7zGFfw,"Vẻ Đẹp Mùa Thu Hà Nội, tháng 8 năm 2024 trước khi Bão Yagi đến (24 881)",rain
Hanoi,,21.0283334,105.854041,gBjzEWCt_Js,https://www.youtube.com/watch?v=gBjzEWCt_Js,0,531,1,0,UCcROxwq_GajcurqLI7zGFfw,9h TỐI QUẬN BA ĐÌNH HÀ NỘI THỜI COVID 2021,night
Hanoi,,21.0283334,105.854041,cwre0RaSq6g,https://www.youtube.com/watch?v=cwre0RaSq6g,0,378,0,0,UCcROxwq_GajcurqLI7zGFfw,"8h SÁNG HÀ NỘI (HOÀNG HOA THÁM, NGỌC HÀ) THỜI COVID 2021",
Hanoi,,21.0283334,105.854041,pUf1TLZBxF8,https://www.youtube.com/watch?v=pUf1TLZBxF8,0,531,0,0,UCcROxwq_GajcurqLI7zGFfw,"THƯỜNG TÍN HÀ NỘI, NGÀY MƯA BAY BAY...",rain
Hanoi,,21.0283334,105.854041,QrHdIOVzjlo,https://www.youtube.com/watch?v=QrHdIOVzjlo,0,411,0,0,UCcROxwq_GajcurqLI7zGFfw,"Hà Nội Một Ngày Mùa Hè, Nắng Nóng 40 độ ...",
Hanoi,,21.0283334,105.854041,4teee0oRWxA,https://www.youtube.com/watch?v=4teee0oRWxA,132,2840,1,0,UCcROxwq_GajcurqLI7zGFfw,CHUYỂN ĐỘNG HÀ NỘI (23 063),night(label)
Hanoi,,21.0283334,105.854041,_cqxl99HGEc,https://www.youtube.com/watch?v=_cqxl99HGEc,0,1728,1,0,UCcROxwq_GajcurqLI7zGFfw,Đêm Giao Thừa Hà Nội Tết năm Ất Tỵ (25 0204),night;tet/holiday
Hanoi,,21.0283334,105.854041,aHpFWHMwibQ,https://www.youtube.com/watch?v=aHpFWHMwibQ,0,531,0,0,UCcROxwq_GajcurqLI7zGFfw,Hà Nội mùa Hè năm 2021,
Hanoi,,21.0283334,105.854041,DnminZY1aJA,https://www.youtube.com/watch?v=DnminZY1aJA,0,1494,0,0,UCcROxwq_GajcurqLI7zGFfw,Hà Nội ngày cận Tết Nhâm Dần,tet/holiday
Hanoi,,21.0283334,105.854041,DnminZY1aJA,https://www.youtube.com/watch?v=DnminZY1aJA,1638,3867,0,0,UCcROxwq_GajcurqLI7zGFfw,Hà Nội ngày cận Tết Nhâm Dần,tet/holiday
Hanoi,,21.0283334,105.854041,7XlbMjNdh_g,https://www.youtube.com/watch?v=7XlbMjNdh_g,0,2534,1,0,UCcROxwq_GajcurqLI7zGFfw,10h tối Hà Nội ngày mùa Hè mát mẻ [25 5823],night
Hanoi,,21.0283334,105.854041,hFkuTShVcVs,https://www.youtube.com/watch?v=hFkuTShVcVs,0,591,1,0,UCcROxwq_GajcurqLI7zGFfw,HÀ NỘI ... Mưa Rả Rích Suốt mấy Ngày cuối tháng 10 năm 2021,rain;night(label)
Hanoi,,21.0283334,105.854041,gzS4uHFdAk8,https://www.youtube.com/watch?v=gzS4uHFdAk8,0,3277,0,0,UCcROxwq_GajcurqLI7zGFfw,HÀ NỘI THÁNG 5 NĂM 2024 (24 509),
Hanoi,,21.0283334,105.854041,58AGvjz1loA,https://www.youtube.com/watch?v=58AGvjz1loA,0,560,0,0,UCcROxwq_GajcurqLI7zGFfw,CHUYỂN ĐỘNG HÀ NỘI THỜI PHÒNG COVID (21 023),
Hanoi,,21.0283334,105.854041,58AGvjz1loA,https://www.youtube.com/watch?v=58AGvjz1loA,561,1092,1,0,UCcROxwq_GajcurqLI7zGFfw,CHUYỂN ĐỘNG HÀ NỘI THỜI PHÒNG COVID (21 023),night(label)
Hanoi,,21.0283334,105.854041,58AGvjz1loA,https://www.youtube.com/watch?v=58AGvjz1loA,1093,2480,1,0,UCcROxwq_GajcurqLI7zGFfw,CHUYỂN ĐỘNG HÀ NỘI THỜI PHÒNG COVID (21 023),night(label)
Hanoi,,21.0283334,105.854041,58AGvjz1loA,https://www.youtube.com/watch?v=58AGvjz1loA,2481,3112,0,0,UCcROxwq_GajcurqLI7zGFfw,CHUYỂN ĐỘNG HÀ NỘI THỜI PHÒNG COVID (21 023),
Hanoi,,21.0283334,105.854041,58AGvjz1loA,https://www.youtube.com/watch?v=58AGvjz1loA,3114,3640,1,0,UCcROxwq_GajcurqLI7zGFfw,CHUYỂN ĐỘNG HÀ NỘI THỜI PHÒNG COVID (21 023),night(label)
Hanoi,,21.0283334,105.854041,58AGvjz1loA,https://www.youtube.com/watch?v=58AGvjz1loA,3641,4271,0,0,UCcROxwq_GajcurqLI7zGFfw,CHUYỂN ĐỘNG HÀ NỘI THỜI PHÒNG COVID (21 023),
Hanoi,,21.0283334,105.854041,FwtWkxEjkQ8,https://www.youtube.com/watch?v=FwtWkxEjkQ8,0,453,0,0,UCcROxwq_GajcurqLI7zGFfw,"HOÀNG HOA THÁM - NGỌC HÀ, ĐẦU NĂM 2021",
Hanoi,,21.0283334,105.854041,EM5jXuIS3Ss,https://www.youtube.com/watch?v=EM5jXuIS3Ss,0,531,1,0,UCcROxwq_GajcurqLI7zGFfw,"9h tối Hà Nội, Chủ Nhật năm 2021 mùa Covid",night
Hanoi,,21.0283334,105.854041,KWWh2GnEyQ8,https://www.youtube.com/watch?v=KWWh2GnEyQ8,0,1594,1,0,UCcROxwq_GajcurqLI7zGFfw,CHUYỂN ĐỘNG NGÀY MÙA THU HÀ NỘI (21 035),night(label)
Hanoi,,21.0283334,105.854041,kyoE2Ac0L4c,https://www.youtube.com/watch?v=kyoE2Ac0L4c,0,516,0,0,UCcROxwq_GajcurqLI7zGFfw,"CỬA NGÕ PHÍA NAM HÀ NỘI THỜI COVID, THÁNG 7 NĂM 2020",
Hanoi,,21.0283334,105.854041,6zeopXwQ9IA,https://www.youtube.com/watch?v=6zeopXwQ9IA,0,531,0,0,UCcROxwq_GajcurqLI7zGFfw,"Hà Nội, tháng 5 năm 2021",
Hanoi,,21.0283334,105.854041,9EvSSnv-4d8,https://www.youtube.com/watch?v=9EvSSnv-4d8,0,531,0,0,UCcROxwq_GajcurqLI7zGFfw,đường phố Hà Nội đầu mùa Thu năm 2020,
Hanoi,,21.0283334,105.854041,N5vI9k9Qch8,https://www.youtube.com/watch?v=N5vI9k9Qch8,0,531,1,0,UCcROxwq_GajcurqLI7zGFfw,"10h tối, cầu Đông Trù, vượt qua sông Đuống Hà Nội năm 2021",night
Hanoi,,21.0283334,105.854041,Dk9mRD26Z68,https://www.youtube.com/watch?v=Dk9mRD26Z68,0,1899,1,0,UCcROxwq_GajcurqLI7zGFfw,"150 phút trước thềm năm mới Ất Tỵ, vài con phố vẫn còn nhiều Đào Quất!! (25 0131)",night(label)
Hanoi,,21.0283334,105.854041,HTU5CgFdiWA,https://www.youtube.com/watch?v=HTU5CgFdiWA,0,531,0,0,UCcROxwq_GajcurqLI7zGFfw,CỔ ĐỘNG VIÊN HẢI PHÒNG TIẾN VÀO HÀ NỘI QUA CẦU VĨNH TUY...,
Hanoi,,21.0283334,105.854041,VLefAWHTrSY,https://www.youtube.com/watch?v=VLefAWHTrSY,0,1605,0,0,UCcROxwq_GajcurqLI7zGFfw,Hanoi Vienam 2024 (24 1182),
Hanoi,,21.0283334,105.854041,tFXnkrgBWug,https://www.youtube.com/watch?v=tFXnkrgBWug,0,490,0,0,UCcROxwq_GajcurqLI7zGFfw,Hà Nội tháng 5 năm 2021,
Hanoi,,21.0283334,105.854041,mJB1QJerujw,https://www.youtube.com/watch?v=mJB1QJerujw,0,411,0,0,UCcROxwq_GajcurqLI7zGFfw,"CAO TỐC HÀ NỘI - LÀO CAI, NĂM 2021 THỜI COVID",highway
Hanoi,,21.0283334,105.854041,HO_9w8u3tf8,https://www.youtube.com/watch?v=HO_9w8u3tf8,0,347,0,0,UCcROxwq_GajcurqLI7zGFfw,Hà Nội tháng 5 năm 2021,
Hanoi,,21.0283334,105.854041,Nkr4-A0scM4,https://www.youtube.com/watch?v=Nkr4-A0scM4,0,1359,1,0,UCcROxwq_GajcurqLI7zGFfw,Hà Nội năm 2025 (25 0169),night(label)
Hanoi,,21.0283334,105.854041,R3GKpGaq4Ds,https://www.youtube.com/watch?v=R3GKpGaq4Ds,0,531,0,0,UCcROxwq_GajcurqLI7zGFfw,"ĐƯỜNG NGUYỄN KHOÁI - TRẦN KHÁNH DƯ HÀ THÀNH NHỘN NHỊP NGÀY CUỐI THÁNG 1 NĂM 2021, THỜI COVID",
Hanoi,,21.0283334,105.854041,yWJ9d5VgZgo,https://www.youtube.com/watch?v=yWJ9d5VgZgo,0,531,1,0,UCcROxwq_GajcurqLI7zGFfw,Chập choạng tối Hà Nội ngày Hè năm 2021,night
Hanoi,,21.0283334,105.854041,pFiNoNxxHcE,https://www.youtube.com/watch?v=pFiNoNxxHcE,251,531,0,0,UCcROxwq_GajcurqLI7zGFfw,PHỐ PHÓ ĐỨC CHÍNH HÀ THÀNH NHỘN NHỊP NGÀY CUỐI THÁNG 1 NĂM 2021,
Hanoi,,21.0283334,105.854041,AzDx7l_StrU,https://www.youtube.com/watch?v=AzDx7l_StrU,0,531,0,0,UCcROxwq_GajcurqLI7zGFfw,"Hoàng Hoa Thám - Ngọc Hà - Đội Cấn - Giang Văn Minh - Kim Mã, Hà Hội 8h Sáng",
Hanoi,,21.0283334,105.854041,Hq-WsfTj0x0,https://www.youtube.com/watch?v=Hq-WsfTj0x0,0,475,0,0,UCcROxwq_GajcurqLI7zGFfw,Hà Nội ơi (019),
Hanoi,,21.0283334,105.854041,I5uG2V6jfvY,https://www.youtube.com/watch?v=I5uG2V6jfvY,0,306,0,0,UCcROxwq_GajcurqLI7zGFfw,Gia Lâm Hà Nội năm 2021,
Hanoi,,21.0283334,105.854041,4My6a2NoCss,https://www.youtube.com/watch?v=4My6a2NoCss,0,1541,1,0,UCcROxwq_GajcurqLI7zGFfw,"DÒNG NGƯỜI & XE, HÀ THÀNH CUỐI NĂM QUÝ MÃO CHUẨN BỊ SANG NĂM GIÁP THÌN (24 196)",night(label)
Hanoi,,21.0283334,105.854041,7RdKng39WPo,https://www.youtube.com/watch?v=7RdKng39WPo,0,531,1,0,UCcROxwq_GajcurqLI7zGFfw,Buổi tối Hà Nội năm 2020,night
Hanoi,,21.0283334,105.854041,XaG3Ohwzseo,https://www.youtube.com/watch?v=XaG3Ohwzseo,0,1774,0,0,UCcROxwq_GajcurqLI7zGFfw,TẤT BẬT GA GIÁP BÁT HÀ NỘI [21 412],
Hanoi,,21.0283334,105.854041,A51JyIwTA-g,https://www.youtube.com/watch?v=A51JyIwTA-g,0,1447,0,0,UCcROxwq_GajcurqLI7zGFfw,"Hà Nội lặng lẽ tháng 9 năm 2021, Phòng Covid-19",
Hanoi,,21.0283334,105.854041,_KHRZr3AO_4,https://www.youtube.com/watch?v=_KHRZr3AO_4,0,531,1,0,UCcROxwq_GajcurqLI7zGFfw,"9h TỐI, HÀ NỘI THỜI COVID 2021",night
Hanoi,,21.0283334,105.854041,RSlFAeH7Ml4,https://www.youtube.com/watch?v=RSlFAeH7Ml4,0,504,0,0,UCcROxwq_GajcurqLI7zGFfw,ĐƯỜNG NGUYỄN VĂN LINH QUẬN LONG BIÊN HÀ NỘI NĂM 202O THỜI COVID,
Hanoi,,21.0283334,105.854041,RxFLy53zNT8,https://www.youtube.com/watch?v=RxFLy53zNT8,0,531,1,0,UCcROxwq_GajcurqLI7zGFfw,"DÒNG CHUYỂN ĐỘNG Ở ĐƯỜNG VÀNH ĐAI 3 TRÊN CAO THÀNH PHỐ HÀ NỘI THỜI COVID, NĂM 2020!",night(label)
Hanoi,,21.0283334,105.854041,W8KSUJewGzQ,https://www.youtube.com/watch?v=W8KSUJewGzQ,0,1594,0,0,UCcROxwq_GajcurqLI7zGFfw,cuộc sống chậm ở Hà Nội...,
Hanoi,,21.0283334,105.854041,5Arui7WUSFQ,https://www.youtube.com/watch?v=5Arui7WUSFQ,0,366,0,0,UCcROxwq_GajcurqLI7zGFfw,ĐƯỜNG HÀ NỘI GIỜ CAO ĐIỂM,rush/jam
Hanoi,,21.0283334,105.854041,bEBRBh0qrvY,https://www.youtube.com/watch?v=bEBRBh0qrvY,0,531,0,0,UCcROxwq_GajcurqLI7zGFfw,"HUYỆN KHOÁI CHÂU TỈNH HƯNG YÊN, MỘT NGÀY MƯA BAY BAY",rain
Hanoi,,21.0283334,105.854041,8mmxzd810fI,https://www.youtube.com/watch?v=8mmxzd810fI,0,531,0,0,UCcROxwq_GajcurqLI7zGFfw,"ĐƯỜNG ĐẠI CỒ VIỆT - PHỐ HUẾ HÀ THÀNH THỜI COVID, NĂM 2020!",
Hanoi,,21.0283334,105.854041,BL7gzJUfEK0,https://www.youtube.com/watch?v=BL7gzJUfEK0,0,954,0,0,UCcROxwq_GajcurqLI7zGFfw,"HÀ NỘI ƠI, ĐÔNG VUI CHIỀU 30 TẾT",tet/holiday
Hanoi,,21.0283334,105.854041,7Tq2398Bonw,https://www.youtube.com/watch?v=7Tq2398Bonw,0,690,1,0,UCcROxwq_GajcurqLI7zGFfw,CHUYỂN ĐỘNG HÀ NỘI ĐẦU NĂM 2024 (24 133),night(label)
Hanoi,,21.0283334,105.854041,No-qAKQPwfU,https://www.youtube.com/watch?v=No-qAKQPwfU,0,531,0,0,UCcROxwq_GajcurqLI7zGFfw,đường phố Hà Nội ngày 30 Tết,tet/holiday
Hanoi,,21.0283334,105.854041,owYQns6j0uw,https://www.youtube.com/watch?v=owYQns6j0uw,0,641,0,0,UCcROxwq_GajcurqLI7zGFfw,Hà Nội mùa Noel (24 12109),tet/holiday
Hanoi,,21.0283334,105.854041,dCG-iZIIhGw,https://www.youtube.com/watch?v=dCG-iZIIhGw,0,889,0,0,UCcROxwq_GajcurqLI7zGFfw,CHUYỂN ĐỘNG HÀ NỘI SÁNG CHỦ NHẬT 10 THÁNG 9 (23 039),
Hanoi,,21.0283334,105.854041,SMNSqh2Na5o,https://www.youtube.com/watch?v=SMNSqh2Na5o,0,1594,0,0,UCcROxwq_GajcurqLI7zGFfw,"Hà Nội Ngày Mùa Hè, Nắng Nóng gần 40 độ C",
Hanoi,,21.0283334,105.854041,0eSjvpQWU1w,https://www.youtube.com/watch?v=0eSjvpQWU1w,0,530,0,0,UCcROxwq_GajcurqLI7zGFfw,một chiều Hè nắng nóng năm 2021,
Hanoi,,21.0283334,105.854041,lFh1YGlZv_8,https://www.youtube.com/watch?v=lFh1YGlZv_8,0,531,0,0,UCcROxwq_GajcurqLI7zGFfw,Hà Nội ơi (362),
Hanoi,,21.0283334,105.854041,f9EslHEbICk,https://www.youtube.com/watch?v=f9EslHEbICk,0,530,0,0,UCcROxwq_GajcurqLI7zGFfw,Hà Nội tháng 6 năm 2021 (trước đợt Dịch  4),
Hanoi,,21.0283334,105.854041,8h8RBKaYB1o,https://www.youtube.com/watch?v=8h8RBKaYB1o,0,1728,1,0,UCcROxwq_GajcurqLI7zGFfw,Đường phố Hà Nội lúc 6h chiều [25 02708],night(label)
Hanoi,,21.0283334,105.854041,kuF6CjsDtnE,https://www.youtube.com/watch?v=kuF6CjsDtnE,0,531,0,0,UCcROxwq_GajcurqLI7zGFfw,"8h sáng Hà Nội, giao thông khung giờ cao điểm, tháng 4 năm 2021",rush/jam
Hanoi,,21.0283334,105.854041,U614d1BuXhU,https://www.youtube.com/watch?v=U614d1BuXhU,0,897,0,0,UCcROxwq_GajcurqLI7zGFfw,Hà Nội ơi (031),
Hanoi,,21.0283334,105.854041,CtjS80HDNeA,https://www.youtube.com/watch?v=CtjS80HDNeA,0,857,0,0,UCcROxwq_GajcurqLI7zGFfw,HÀ NỘI ÊM ĐỀM (21 123),
Hanoi,,21.0283334,105.854041,rl7kN_vkBmE,https://www.youtube.com/watch?v=rl7kN_vkBmE,0,1596,1,0,UCcROxwq_GajcurqLI7zGFfw,Đường ra ngoại thành (24 979),night(label)
Hanoi,,21.0283334,105.854041,g56SU_7KPjQ,https://www.youtube.com/watch?v=g56SU_7KPjQ,0,530,0,0,UCcROxwq_GajcurqLI7zGFfw,đường Hà Nội năm 2020,
Hanoi,,21.0283334,105.854041,0SOUpLYXu0o,https://www.youtube.com/watch?v=0SOUpLYXu0o,0,531,0,0,UCcROxwq_GajcurqLI7zGFfw,"NGÕ VẠN BẢO - PHỐ ĐỘI CẤN - LIỄU GIAI - VĂN CAO - HOÀNG HOA THÁM, HÀ NỘI 2020 THỜI COVID",
Hanoi,,21.0283334,105.854041,F9Oso5sZ8og,https://www.youtube.com/watch?v=F9Oso5sZ8og,0,1203,1,0,UCcROxwq_GajcurqLI7zGFfw,Màn Đêm Buông Xuống  Hà Thành Năm 2021,night
Hanoi,,21.0283334,105.854041,X-wQB0SJeZ0,https://www.youtube.com/watch?v=X-wQB0SJeZ0,0,531,1,0,UCcROxwq_GajcurqLI7zGFfw,8h tối Chủ nhật đường phố Hà Nội năm 2021 mùa Covid,night
Hanoi,,21.0283334,105.854041,X-wQB0SJeZ0,https://www.youtube.com/watch?v=X-wQB0SJeZ0,532,2125,1,0,UCcROxwq_GajcurqLI7zGFfw,8h tối Chủ nhật đường phố Hà Nội năm 2021 mùa Covid,night
Hanoi,,21.0283334,105.854041,5SIZFQ_se_A,https://www.youtube.com/watch?v=5SIZFQ_se_A,0,531,1,0,UCcROxwq_GajcurqLI7zGFfw,"9h tối Hà Nội, Chủ Nhật (6 tháng 6 năm 2021)",night
Hanoi,,21.0283334,105.854041,8HdOisTrH_A,https://www.youtube.com/watch?v=8HdOisTrH_A,0,1698,0,0,UCcROxwq_GajcurqLI7zGFfw,HÀ NỘI NĂM 2024 (24 633),
Hanoi,,21.0283334,105.854041,xqfE8EuNP24,https://www.youtube.com/watch?v=xqfE8EuNP24,0,1435,1,0,UCcROxwq_GajcurqLI7zGFfw,"""Em ơi Hà Nội phố"" tháng 10  năm 2021",night(label)
Hanoi,,21.0283334,105.854041,qYoTij8UPdA,https://www.youtube.com/watch?v=qYoTij8UPdA,0,531,1,0,UCcROxwq_GajcurqLI7zGFfw,"10h tối mùa Hè, Sau một ngày Nắng & Nóng ở Hà Nội",night
Hanoi,,21.0283334,105.854041,Hp0KNQQ38pY,https://www.youtube.com/watch?v=Hp0KNQQ38pY,0,2061,0,0,UCcROxwq_GajcurqLI7zGFfw,"Hà Nội thứ Bảy mùa Thu đặc biệt, năm 2021",
Hanoi,,21.0283334,105.854041,cK17UboKG7Q,https://www.youtube.com/watch?v=cK17UboKG7Q,0,426,0,0,UCcROxwq_GajcurqLI7zGFfw,"8h sáng đường Đội Cấn - đường Kim Mã - Vạn Bảo, Hà Nội năm 2021",
Hanoi,,21.0283334,105.854041,6VAPJm5DxJM,https://www.youtube.com/watch?v=6VAPJm5DxJM,0,1593,1,0,UCcROxwq_GajcurqLI7zGFfw,"9h tối Chủ Nhật đường phố Hà Nội, thời Covid",night
Hanoi,,21.0283334,105.854041,G5U4qwsh1oY,https://www.youtube.com/watch?v=G5U4qwsh1oY,173,1300,0,0,UCcROxwq_GajcurqLI7zGFfw,Long Biên Gia Lâm Hà Nội năm 2025 [25 372],
Hanoi,,21.0283334,105.854041,G5U4qwsh1oY,https://www.youtube.com/watch?v=G5U4qwsh1oY,1301,2753,1,0,UCcROxwq_GajcurqLI7zGFfw,Long Biên Gia Lâm Hà Nội năm 2025 [25 372],night(label)
Hanoi,,21.0283334,105.854041,2WvnCZPhJ18,https://www.youtube.com/watch?v=2WvnCZPhJ18,0,531,1,0,UCcROxwq_GajcurqLI7zGFfw,"màn Đêm buông xuống đường Hoàng Quốc Việt, Hà Nội",night
Hanoi,,21.0283334,105.854041,o9X_DCbJSOk,https://www.youtube.com/watch?v=o9X_DCbJSOk,0,531,0,0,UCcROxwq_GajcurqLI7zGFfw,"Ông Ích Khiêm - Ngọc Hà - Hoàng Hoa Thám - Thuỵ Khuê, Hà Nội",
Hanoi,,21.0283334,105.854041,AaaRN3qr5e4,https://www.youtube.com/watch?v=AaaRN3qr5e4,0,531,1,0,UCcROxwq_GajcurqLI7zGFfw,"6h tối Hà Nội: Ngọc Khánh - Giảng Võ - Láng Hạ, năm 2021",night
Hanoi,,21.0283334,105.854041,Ilo1LYCDMUg,https://www.youtube.com/watch?v=Ilo1LYCDMUg,0,2342,0,0,UCcROxwq_GajcurqLI7zGFfw,"vùng ngoại Ô, vùng Xanh Hà Nội 2021",
Hanoi,,21.0283334,105.854041,Ilo1LYCDMUg,https://www.youtube.com/watch?v=Ilo1LYCDMUg,2343,2873,0,0,UCcROxwq_GajcurqLI7zGFfw,"vùng ngoại Ô, vùng Xanh Hà Nội 2021",
Hanoi,,21.0283334,105.854041,tzqo-k5j8UQ,https://www.youtube.com/watch?v=tzqo-k5j8UQ,0,1177,0,0,UCcROxwq_GajcurqLI7zGFfw,"LOANH QUANH HÀ NỘI NGÀY 30 TẾT, NĂM GIÁP THÌN (24 115)",tet/holiday
Hanoi,,21.0283334,105.854041,FIijMswxra4,https://www.youtube.com/watch?v=FIijMswxra4,0,219,0,0,UCcROxwq_GajcurqLI7zGFfw,phố Thuỵ Khuê Hà Nội,
Hanoi,,21.0283334,105.854041,FIijMswxra4,https://www.youtube.com/watch?v=FIijMswxra4,220,846,0,0,UCcROxwq_GajcurqLI7zGFfw,phố Thuỵ Khuê Hà Nội,
Hanoi,,21.0283334,105.854041,FIijMswxra4,https://www.youtube.com/watch?v=FIijMswxra4,847,1064,0,0,UCcROxwq_GajcurqLI7zGFfw,phố Thuỵ Khuê Hà Nội,
Hanoi,,21.0283334,105.854041,FIijMswxra4,https://www.youtube.com/watch?v=FIijMswxra4,1065,1298,0,0,UCcROxwq_GajcurqLI7zGFfw,phố Thuỵ Khuê Hà Nội,
Hanoi,,21.0283334,105.854041,8JkXUID_fDg,https://www.youtube.com/watch?v=8JkXUID_fDg,0,1632,1,0,UCcROxwq_GajcurqLI7zGFfw,Hà Nội lên Đèn dưới hạt Mưa rơi mùa Thu...,rain;night(label)
Hanoi,,21.0283334,105.854041,xJmZZUTFlRA,https://www.youtube.com/watch?v=xJmZZUTFlRA,0,925,1,0,UCcROxwq_GajcurqLI7zGFfw,Hà Nội ơi (032),night(label)
Hanoi,,21.0283334,105.854041,ohjs9IMPgpE,https://www.youtube.com/watch?v=ohjs9IMPgpE,0,531,1,0,UCcROxwq_GajcurqLI7zGFfw,9h tối Hà Nội năm 2021,night
Hanoi,,21.0283334,105.854041,22Er9XDPido,https://www.youtube.com/watch?v=22Er9XDPido,0,531,1,0,UCcROxwq_GajcurqLI7zGFfw,5 GIỜ SÁNG HÀ NỘI NGÀY MÙA ĐÔNG ĐẦU NĂM 2021 THỜI COVID,night(label)
Hanoi,,21.0283334,105.854041,Nw2HpkZHIcc,https://www.youtube.com/watch?v=Nw2HpkZHIcc,0,530,1,0,UCcROxwq_GajcurqLI7zGFfw,"ĐƯỜNG TRƯỜNG CHINH - TÔN THẤT TÙNG - CHÙA BỘC - THÁI HÀ - HUỲNH THÚC KHÁNG, HÀ NỘI  THỜI COVID",night(label)
Hanoi,,21.0283334,105.854041,-Xk0MOG_f9U,https://www.youtube.com/watch?v=-Xk0MOG_f9U,0,1277,0,0,UCcROxwq_GajcurqLI7zGFfw,Hà Nội ơi năm 2025 (25 01925),
Hanoi,,21.0283334,105.854041,YsA6vrZx4rg,https://www.youtube.com/watch?v=YsA6vrZx4rg,0,1729,1,0,UCcROxwq_GajcurqLI7zGFfw,Mưa Xuân Mưa Phùn đặc thù của Hà Nội [25 2911],rain;night(label)
Hanoi,,21.0283334,105.854041,9p6pKYkvfvI,https://www.youtube.com/watch?v=9p6pKYkvfvI,0,1811,1,0,UCcROxwq_GajcurqLI7zGFfw,Khu đô thị Mỹ Đình văn minh hiện đại có nhiều người ngoại quốc sống nhất ở Hà Nội [25 333],night(label)
Hanoi,,21.0283334,105.854041,QkkmJ7JL5jc,https://www.youtube.com/watch?v=QkkmJ7JL5jc,22,1972,0,0,UCcROxwq_GajcurqLI7zGFfw,CHUYỂN ĐỘNG HÀ NỘI (23 034),
Hanoi,,21.0283334,105.854041,QkkmJ7JL5jc,https://www.youtube.com/watch?v=QkkmJ7JL5jc,2038,2184,0,0,UCcROxwq_GajcurqLI7zGFfw,CHUYỂN ĐỘNG HÀ NỘI (23 034),
Hanoi,,21.0283334,105.854041,QkkmJ7JL5jc,https://www.youtube.com/watch?v=QkkmJ7JL5jc,2299,3540,0,0,UCcROxwq_GajcurqLI7zGFfw,CHUYỂN ĐỘNG HÀ NỘI (23 034),
Hanoi,,21.0283334,105.854041,y_zmrGWXwXo,https://www.youtube.com/watch?v=y_zmrGWXwXo,0,2049,0,0,UCcROxwq_GajcurqLI7zGFfw,HÀ THÀNH THÁNG 3 NĂM 2024 (24 301),
Hanoi,,21.0283334,105.854041,aTLKdgy84Bk,https://www.youtube.com/watch?v=aTLKdgy84Bk,101,2354,0,0,UCcROxwq_GajcurqLI7zGFfw,MƯA GIỮA MÙA THU (23 067),rain
Hanoi,,21.0283334,105.854041,tXFDhV9pNow,https://www.youtube.com/watch?v=tXFDhV9pNow,0,530,0,0,UCcROxwq_GajcurqLI7zGFfw,"Đường Giải Phóng Hà Nội, chiều cuối tuần năm 2021 thời Covid",
Hanoi,,21.0283334,105.854041,21CLsCNlLY4,https://www.youtube.com/watch?v=21CLsCNlLY4,0,1586,1,0,UCcROxwq_GajcurqLI7zGFfw,Hà Nội năm 2025 [25 304],night(label)
Hanoi,,21.0283334,105.854041,_UR56WOLJJ8,https://www.youtube.com/watch?v=_UR56WOLJJ8,0,1450,1,0,UCcROxwq_GajcurqLI7zGFfw,"Đường phố Hà Nội ngày gần Tết nguyên đán Ất Tỵ, đầu năm 2025 (25 01927)",tet/holiday;night(label)
Hanoi,,21.0283334,105.854041,XncPKVZYIGY,https://www.youtube.com/watch?v=XncPKVZYIGY,0,334,0,0,UCcROxwq_GajcurqLI7zGFfw,Hà Nội ngày 30 tháng 4 năm 2022,
Hanoi,,21.0283334,105.854041,XncPKVZYIGY,https://www.youtube.com/watch?v=XncPKVZYIGY,334,2473,0,0,UCcROxwq_GajcurqLI7zGFfw,Hà Nội ngày 30 tháng 4 năm 2022,
Hanoi,,21.0283334,105.854041,EwSL68_suAg,https://www.youtube.com/watch?v=EwSL68_suAg,0,3011,0,0,UCcROxwq_GajcurqLI7zGFfw,Hưng Yên Hà Nội năm 2025 [25 415],
Hanoi,,21.0283334,105.854041,Il--KrE5V1k,https://www.youtube.com/watch?v=Il--KrE5V1k,0,2233,0,0,UCcROxwq_GajcurqLI7zGFfw,"TOÀN CẢNH CUỘC SỐNG SINH HOẠT LÀNG GỐM BÁT TRÀNG, GIA LÂM HÀ NỘI 2020",
Hanoi,,21.0283334,105.854041,FPahvD4Tyjg,https://www.youtube.com/watch?v=FPahvD4Tyjg,0,530,1,0,UCcROxwq_GajcurqLI7zGFfw,9h tối vào Hà Nội,night
Hanoi,,21.0283334,105.854041,oDOFs_LljTc,https://www.youtube.com/watch?v=oDOFs_LljTc,0,531,0,0,UCcROxwq_GajcurqLI7zGFfw,"6h chiều đường Kim Mã - Nguyễn Thái Học, Hà Nội",
Hanoi,,21.0283334,105.854041,kDqqpPFUqTM,https://www.youtube.com/watch?v=kDqqpPFUqTM,0,530,1,0,UCcROxwq_GajcurqLI7zGFfw,"Mồng Một Tết Canh Tý, Mưa Rơi Hà Thành (phố Tây Sơn)",rain;tet/holiday;night(label)
Hanoi,,21.0283334,105.854041,TYA_NsmAeAI,https://www.youtube.com/watch?v=TYA_NsmAeAI,0,980,1,0,UCcROxwq_GajcurqLI7zGFfw,HÀ NỘI ĐẦU NĂM 2024 (24 170),night(label)
Hanoi,,21.0283334,105.854041,devt2RqzRME,https://www.youtube.com/watch?v=devt2RqzRME,0,531,0,0,UCcROxwq_GajcurqLI7zGFfw,"Ùn ứ nơi đường ra ngoài Hà Thành, mùa Hè năm 2020",
Hanoi,,21.0283334,105.854041,I-iGjEqxtMs,https://www.youtube.com/watch?v=I-iGjEqxtMs,0,1729,1,0,UCcROxwq_GajcurqLI7zGFfw,"Đường Phố Hà Nội đêm Giao Thừa, Tết năm Ất Tỵ (25 0203)",night;tet/holiday
Hanoi,,21.0283334,105.854041,OEDEGA5gMQc,https://www.youtube.com/watch?v=OEDEGA5gMQc,0,1728,1,0,UCcROxwq_GajcurqLI7zGFfw,Vào tp Hà Nội (24 825),night(label)
Hanoi,,21.0283334,105.854041,zsKmN_Of1u0,https://www.youtube.com/watch?v=zsKmN_Of1u0,0,531,0,0,UCcROxwq_GajcurqLI7zGFfw,"ĐƯỜNG VÀNH ĐAI 3 TRÊN CAO, HÀ NỘI THỜI COVID 2021",
Hanoi,,21.0283334,105.854041,lSb_XfjPz_M,https://www.youtube.com/watch?v=lSb_XfjPz_M,0,307,1,0,UCcROxwq_GajcurqLI7zGFfw,HÀ NỘI TỐI 30 TẾT NĂM TÂN SỬU (2021) THỜI COVID,night;tet/holiday
Hanoi,,21.0283334,105.854041,iIGJ9iDec3k,https://www.youtube.com/watch?v=iIGJ9iDec3k,67,452,0,0,UCcROxwq_GajcurqLI7zGFfw,"Hà Nội, mùa Hè năm 2021",
Hanoi,,21.0283334,105.854041,dpzbC0hS0a4,https://www.youtube.com/watch?v=dpzbC0hS0a4,0,531,0,0,UCcROxwq_GajcurqLI7zGFfw,"LOANH QUANH QUẬN HOÀN KIẾM (PHỐ LÝ NAM ĐẾ - HÀ TRUNG, CHỢ HÀNG DA) HÀ NỘI",
Hanoi,,21.0283334,105.854041,2dGZwHE8pBg,https://www.youtube.com/watch?v=2dGZwHE8pBg,38,2407,1,0,UCcROxwq_GajcurqLI7zGFfw,Hà Nội tháng 10 (24 1095),night(label)
Hanoi,,21.0283334,105.854041,YVoYlrKycZI,https://www.youtube.com/watch?v=YVoYlrKycZI,0,730,0,0,UCcROxwq_GajcurqLI7zGFfw,"ĐƯỜNG PHỐ HÀ NỘI NĂM 2021, THỜI COVID (21 701)",
Hanoi,,21.0283334,105.854041,KQFFzVNrwwk,https://www.youtube.com/watch?v=KQFFzVNrwwk,0,517,0,0,UCcROxwq_GajcurqLI7zGFfw,Hà Nội năm 2020,
Hanoi,,21.0283334,105.854041,CuaarJU3E4o,https://www.youtube.com/watch?v=CuaarJU3E4o,0,2174,0,0,UCcROxwq_GajcurqLI7zGFfw,"HÀ NỘI NGÀY CẬN TẾT GIÁP THÌN, ĐẦU NĂM 2024 (24 173)",tet/holiday
Hanoi,,21.0283334,105.854041,MEtbqlILQ9g,https://www.youtube.com/watch?v=MEtbqlILQ9g,0,531,1,0,UCcROxwq_GajcurqLI7zGFfw,"TỐI 30 TẾT, HỒ GƯƠM HÀ NỘI, NĂM TÂN SỬU (2021) THỜI COVID",night;tet/holiday
Hanoi,,21.0283334,105.854041,D7OnWz-L3n0,https://www.youtube.com/watch?v=D7OnWz-L3n0,0,1729,1,0,UCcROxwq_GajcurqLI7zGFfw,Đường phố Hà Nội mồng một Tết năm Ất Tỵ (25 0212),tet/holiday;night(label)
Hanoi,,21.0283334,105.854041,f9npMoRRCWo,https://www.youtube.com/watch?v=f9npMoRRCWo,0,1775,0,0,UCcROxwq_GajcurqLI7zGFfw,"Hà Nội ngày cuối năm Tân Sửu, đường phố nhộn nhịp chuẩn bị đón năm Nhâm Dần..",
Hanoi,,21.0283334,105.854041,O7nGWC7YJig,https://www.youtube.com/watch?v=O7nGWC7YJig,0,494,1,0,UCcROxwq_GajcurqLI7zGFfw,cảnh chắn Tầu Hoả ở ngã tư Vọng Hà Nội năm 2021,night(label)
Hanoi,,21.0283334,105.854041,pthJDFsvinQ,https://www.youtube.com/watch?v=pthJDFsvinQ,0,519,1,0,UCcROxwq_GajcurqLI7zGFfw,9h tối đường Nguyễn Văn Cừ Hà Nội,night
Hanoi,,21.0283334,105.854041,t6sZwby9dgE,https://www.youtube.com/watch?v=t6sZwby9dgE,0,1054,0,0,UCcROxwq_GajcurqLI7zGFfw,Hà Nội đầu Đông (24 1192),
Hanoi,,21.0283334,105.854041,9C-pSC8W4FM,https://www.youtube.com/watch?v=9C-pSC8W4FM,0,1582,0,0,UCcROxwq_GajcurqLI7zGFfw,những con đường con phố Hà Nội [25 322],
Hanoi,,21.0283334,105.854041,TJxtOiyJY70,https://www.youtube.com/watch?v=TJxtOiyJY70,0,1070,0,0,UCcROxwq_GajcurqLI7zGFfw,"Hà Nội mùa Thu, năm 2021 (T2)",
Hanoi,,21.0283334,105.854041,Ze7DyLBJvuM,https://www.youtube.com/watch?v=Ze7DyLBJvuM,0,530,0,0,UCcROxwq_GajcurqLI7zGFfw,"Hà Nội Ngày Mùa Hè, Nắng Nóng tháng 6 năm 2021",
Hanoi,,21.0283334,105.854041,8lq6vhZpm_c,https://www.youtube.com/watch?v=8lq6vhZpm_c,0,317,0,0,UCcROxwq_GajcurqLI7zGFfw,Thông Thoáng khi vào Pháp Vân Hà Nội,
Hanoi,,21.0283334,105.854041,P9xM6e9_4jY,https://www.youtube.com/watch?v=P9xM6e9_4jY,0,531,0,0,UCcROxwq_GajcurqLI7zGFfw,đường phố Hà Nội tháng Tư năm 2020,
Hanoi,,21.0283334,105.854041,K5G7Zc5zXXU,https://www.youtube.com/watch?v=K5G7Zc5zXXU,101,727,0,0,UCcROxwq_GajcurqLI7zGFfw,Hà Nội 2025 đầu Hè mát mẻ như mùa Thu [25 571],
Hanoi,,21.0283334,105.854041,N1QYbz-xv0k,https://www.youtube.com/watch?v=N1QYbz-xv0k,0,413,0,0,UCcROxwq_GajcurqLI7zGFfw,"ngang qua khu đô thị Linh Đàm, Hà Nội năm 2020",
Hanoi,,21.0283334,105.854041,P6tjOe2fJio,https://www.youtube.com/watch?v=P6tjOe2fJio,0,531,1,0,UCcROxwq_GajcurqLI7zGFfw,"Phan Đình Phùng - Hàng Đậu - Trần Nhật Duật - Trần Quang Khải, Hà Nội 9h Tối",night
Hanoi,,21.0283334,105.854041,bo_1BVBjz-Y,https://www.youtube.com/watch?v=bo_1BVBjz-Y,0,1300,0,0,UCcROxwq_GajcurqLI7zGFfw,"HÀ NỘI NGÀY MỒNG 2 TẾT, NĂM GIÁP THÌN (24 125)",tet/holiday
Hanoi,,21.0283334,105.854041,bJWnqP4II6U,https://www.youtube.com/watch?v=bJWnqP4II6U,0,1303,1,0,UCcROxwq_GajcurqLI7zGFfw,Hà Nội năm 2024 (24 9511),night(label)
Hanoi,,21.0283334,105.854041,3o95L_G__jE,https://www.youtube.com/watch?v=3o95L_G__jE,0,1063,1,0,UCcROxwq_GajcurqLI7zGFfw,7h tối Hà Nội Ngày Mùa Hè Nắng Nóng (18 tháng 6 năm 2021),night
Hanoi,,21.0283334,105.854041,f_Rt_cwfQ2I,https://www.youtube.com/watch?v=f_Rt_cwfQ2I,256,1728,0,0,UCcROxwq_GajcurqLI7zGFfw,Dòng Xe Dòng Người Hà Nội ngày mồng một Tết năm Ất Tỵ (25 0209),tet/holiday
Hanoi,,21.0283334,105.854041,4R_rmrZNbII,https://www.youtube.com/watch?v=4R_rmrZNbII,0,1399,0,0,UCcROxwq_GajcurqLI7zGFfw,"Thường Tín ngoại thành Hà Nội, ngày nới lỏng giãn cách năm 2021 (NXH2124)",
Hanoi,,21.0283334,105.854041,92-smxcAUcw,https://www.youtube.com/watch?v=92-smxcAUcw,0,89,0,0,UCcROxwq_GajcurqLI7zGFfw,Ecopark năm 2019,
Hanoi,,21.0283334,105.854041,92-smxcAUcw,https://www.youtube.com/watch?v=92-smxcAUcw,90,465,0,0,UCcROxwq_GajcurqLI7zGFfw,Ecopark năm 2019,
Hanoi,,21.0283334,105.854041,92-smxcAUcw,https://www.youtube.com/watch?v=92-smxcAUcw,466,520,0,0,UCcROxwq_GajcurqLI7zGFfw,Ecopark năm 2019,
Hanoi,,21.0283334,105.854041,92-smxcAUcw,https://www.youtube.com/watch?v=92-smxcAUcw,521,637,0,0,UCcROxwq_GajcurqLI7zGFfw,Ecopark năm 2019,
Hanoi,,21.0283334,105.854041,92-smxcAUcw,https://www.youtube.com/watch?v=92-smxcAUcw,638,669,0,0,UCcROxwq_GajcurqLI7zGFfw,Ecopark năm 2019,
Hanoi,,21.0283334,105.854041,q7TKw0PGe0U,https://www.youtube.com/watch?v=q7TKw0PGe0U,0,90,0,0,UCcROxwq_GajcurqLI7zGFfw,Mưa bay bay trên đường phố vắng! một Hà Nội tháng 7 năm 2021 thời Covid,rain
Hanoi,,21.0283334,105.854041,q7TKw0PGe0U,https://www.youtube.com/watch?v=q7TKw0PGe0U,225,2126,0,0,UCcROxwq_GajcurqLI7zGFfw,Mưa bay bay trên đường phố vắng! một Hà Nội tháng 7 năm 2021 thời Covid,rain
Hanoi,,21.0283334,105.854041,uc916v4HYJI,https://www.youtube.com/watch?v=uc916v4HYJI,0,668,0,0,UCcROxwq_GajcurqLI7zGFfw,Bình Yên trên các con phố Yêu ở Hà Nội (riêng phố Phủ Doãn và BV Việt Đức tạm thời ...),
Hanoi,,21.0283334,105.854041,uc916v4HYJI,https://www.youtube.com/watch?v=uc916v4HYJI,819,2421,0,0,UCcROxwq_GajcurqLI7zGFfw,Bình Yên trên các con phố Yêu ở Hà Nội (riêng phố Phủ Doãn và BV Việt Đức tạm thời ...),
Hanoi,,21.0283334,105.854041,VYjya4NZ98k,https://www.youtube.com/watch?v=VYjya4NZ98k,0,1594,0,0,UCcROxwq_GajcurqLI7zGFfw,"Hà Nội ơi, những con đường, những góc phố ngày giãn cách",
Hanoi,,21.0283334,105.854041,k5sV9VzFxmo,https://www.youtube.com/watch?v=k5sV9VzFxmo,0,1729,1,0,UCcROxwq_GajcurqLI7zGFfw,"Vào Hà Thành, Hà Nội năm 2025 (25 0190)",night(label)
Hanoi,,21.0283334,105.854041,ln21ClwP0og,https://www.youtube.com/watch?v=ln21ClwP0og,0,1008,0,0,UCcROxwq_GajcurqLI7zGFfw,CHUYỂN ĐỘNG HÀ NỘI (23 015),
Hanoi,,21.0283334,105.854041,fgPK3pZ7tAw,https://www.youtube.com/watch?v=fgPK3pZ7tAw,0,1155,1,0,UCcROxwq_GajcurqLI7zGFfw,Hà Nội tháng 10 (24 1081),night(label)
Hanoi,,21.0283334,105.854041,VOhKSFIK_xc,https://www.youtube.com/watch?v=VOhKSFIK_xc,0,1063,1,0,UCcROxwq_GajcurqLI7zGFfw,"7h tối Hà Nội Ngày Mùa Hè, Nắng Nóng (gần 40 độ C) 18 tháng 6 năm 2021",night
Hanoi,,21.0283334,105.854041,k26OXCWEZ4Y,https://www.youtube.com/watch?v=k26OXCWEZ4Y,0,531,0,0,UCcROxwq_GajcurqLI7zGFfw,"Ngọc Khánh - Láng Hạ - Thái Hà, Hà Nội",
Hanoi,,21.0283334,105.854041,3Xdc4RuLY_M,https://www.youtube.com/watch?v=3Xdc4RuLY_M,0,1507,0,0,UCcROxwq_GajcurqLI7zGFfw,Hà Nội trầm lắng ngày phòng Dịch Covid 2021 (NXH 2120),
Hanoi,,21.0283334,105.854041,wmRiQu5af4E,https://www.youtube.com/watch?v=wmRiQu5af4E,0,441,0,0,UCcROxwq_GajcurqLI7zGFfw,Pháp Vân Hà Nội,
Hanoi,,21.0283334,105.854041,YE6yUAyr3Iw,https://www.youtube.com/watch?v=YE6yUAyr3Iw,0,2182,0,0,UCcROxwq_GajcurqLI7zGFfw,"Hà Nội chủ nhật se se lạnh, mùa Đông đang đến ...",
Hanoi,,21.0283334,105.854041,8vKM5oWe0Po,https://www.youtube.com/watch?v=8vKM5oWe0Po,0,1665,0,0,UCcROxwq_GajcurqLI7zGFfw,đường phố Hà Nội mùa Hè có gì mới lạ? [25 640],
Hanoi,,21.0283334,105.854041,8vKM5oWe0Po,https://www.youtube.com/watch?v=8vKM5oWe0Po,1906,2065,0,0,UCcROxwq_GajcurqLI7zGFfw,đường phố Hà Nội mùa Hè có gì mới lạ? [25 640],
Hanoi,,21.0283334,105.854041,zY4nfnWFXM0,https://www.youtube.com/watch?v=zY4nfnWFXM0,0,2683,0,0,UCcROxwq_GajcurqLI7zGFfw,HÀ NỘI ĐẦU NĂM 2024 (24 169),
Hanoi,,21.0283334,105.854041,k1UUEsJfTw8,https://www.youtube.com/watch?v=k1UUEsJfTw8,0,700,1,0,UCcROxwq_GajcurqLI7zGFfw,Hà Nội ơi (014),night(label)
Hanoi,,21.0283334,105.854041,_oYBp0OUE4Y,https://www.youtube.com/watch?v=_oYBp0OUE4Y,0,915,0,0,UCcROxwq_GajcurqLI7zGFfw,"Hà Nội trải qua những ngày Nắng Nóng 39 độ, tháng 6 năm 2021",
Hanoi,,21.0283334,105.854041,_oYBp0OUE4Y,https://www.youtube.com/watch?v=_oYBp0OUE4Y,916,2126,1,0,UCcROxwq_GajcurqLI7zGFfw,"Hà Nội trải qua những ngày Nắng Nóng 39 độ, tháng 6 năm 2021",night(label)
Hanoi,,21.0283334,105.854041,idv4vdlAnTk,https://www.youtube.com/watch?v=idv4vdlAnTk,0,3189,0,0,UCcROxwq_GajcurqLI7zGFfw,Hà Nội ngày thứ 7 mưa rơi lất phất cả ngày cuối tháng 10 năm 2021,rain
Hanoi,,21.0283334,105.854041,sQCPDrPwZbo,https://www.youtube.com/watch?v=sQCPDrPwZbo,0,437,1,0,UCcROxwq_GajcurqLI7zGFfw,"9h tối qua cầu Chương Dương sang Gia Lâm, Hà Nội năm 2021",night
Hanoi,,21.0283334,105.854041,pqatotft2VQ,https://www.youtube.com/watch?v=pqatotft2VQ,0,2122,1,0,UCcROxwq_GajcurqLI7zGFfw,ĐƯỜNG PHỐ HÀ NỘI MÙA THU NĂM 2023 (23 064),night(label)
Hanoi,,21.0283334,105.854041,xcW5SWkdTaI,https://www.youtube.com/watch?v=xcW5SWkdTaI,0,1515,0,0,UCcROxwq_GajcurqLI7zGFfw,HÀ NỘI THÁNG TƯ NĂM 2022 (22 412),
Hanoi,,21.0283334,105.854041,Fb0bo_EK1fg,https://www.youtube.com/watch?v=Fb0bo_EK1fg,0,2357,0,0,UCcROxwq_GajcurqLI7zGFfw,CHUYỂN ĐỘNG HÀ NỘI (23 037),
Hanoi,,21.0283334,105.854041,fdjbh2kcBzY,https://www.youtube.com/watch?v=fdjbh2kcBzY,0,530,0,0,UCcROxwq_GajcurqLI7zGFfw,DÒNG XE TRÊN QUỐC LỘ 5 VÀ CSGT HN...,
Hanoi,,21.0283334,105.854041,8qHwQG78ToQ,https://www.youtube.com/watch?v=8qHwQG78ToQ,0,646,1,0,UCcROxwq_GajcurqLI7zGFfw,Hà Nội 2025 đầu Hè mát mẻ như mùa Thu [25 5815],night(label)
Hanoi,,21.0283334,105.854041,uM5aitGRH0U,https://www.youtube.com/watch?v=uM5aitGRH0U,0,1729,1,0,UCcROxwq_GajcurqLI7zGFfw,CHUYỂN ĐỘNG HÀ NỘI ĐẦU NĂM 2024 (24 122),night(label)
Hanoi,,21.0283334,105.854041,2qiCLqplotY,https://www.youtube.com/watch?v=2qiCLqplotY,0,531,1,0,UCcROxwq_GajcurqLI7zGFfw,"9h TỐI NHỮNG CON PHỐ TRUNG TÂM HÀ NỘI, THỜI COVID 2021",night
Hanoi,,21.0283334,105.854041,rXNUmfxBg7w,https://www.youtube.com/watch?v=rXNUmfxBg7w,0,1010,0,0,UCcROxwq_GajcurqLI7zGFfw,Hà Nội cuối Thu mùa đẹp nhất trong năm (24 1161),
Hanoi,,21.0283334,105.854041,soMcHjH-crY,https://www.youtube.com/watch?v=soMcHjH-crY,0,531,0,0,UCcROxwq_GajcurqLI7zGFfw,"ĐƯỜNG QUỐC LỘ 1 (CŨ) TỪ NINH BÌNH QUA HÀ NAM VỀ HÀ NỘI, THỜI COVID 2021",
Hanoi,,21.0283334,105.854041,8YWtFtyD90k,https://www.youtube.com/watch?v=8YWtFtyD90k,0,530,0,0,UCcROxwq_GajcurqLI7zGFfw,"Nguyễn Thái Học - Lê Duẩn, Hà Nội giờ cao điểm (18h)",rush/jam
Hanoi,,21.0283334,105.854041,1juYEBniYQk,https://www.youtube.com/watch?v=1juYEBniYQk,0,1149,1,0,UCcROxwq_GajcurqLI7zGFfw,Mưa trên phố Hà Nội,rain;night(label)
Hanoi,,21.0283334,105.854041,cH-wBY2V_eQ,https://www.youtube.com/watch?v=cH-wBY2V_eQ,0,2174,0,0,UCcROxwq_GajcurqLI7zGFfw,Hà Nội năm 2025 [25 434],
Hanoi,,21.0283334,105.854041,1Lr0Psbzbtk,https://www.youtube.com/watch?v=1Lr0Psbzbtk,0,1793,0,0,UCcROxwq_GajcurqLI7zGFfw,Qua cầu Thanh Trì (Hà Nội) đến Văn Giang Hưng Yên năm 2025 (25 01622),
Hanoi,,21.0283334,105.854041,sk94TpESdC8,https://www.youtube.com/watch?v=sk94TpESdC8,0,1598,0,0,UCcROxwq_GajcurqLI7zGFfw,CHUYỂN ĐỘNG HÀ NỘI (23 766),
Hanoi,,21.0283334,105.854041,DaUFb4LSUAE,https://www.youtube.com/watch?v=DaUFb4LSUAE,0,2130,1,0,UCcROxwq_GajcurqLI7zGFfw,CHUYỂN ĐỘNG HÀ NỘI THÁNG 8 NĂM 2023,night(label)
Hanoi,,21.0283334,105.854041,licNXHWc8t8,https://www.youtube.com/watch?v=licNXHWc8t8,0,1539,1,0,UCcROxwq_GajcurqLI7zGFfw,"HÀ NỘI NGÀY 1 TẾT, NĂM GIÁP THÌN (24 111)",tet/holiday;night(label)
Hanoi,,21.0283334,105.854041,FU94NZqjDc8,https://www.youtube.com/watch?v=FU94NZqjDc8,0,2190,0,0,UCcROxwq_GajcurqLI7zGFfw,36 phút Đường Phố thủ đô Hà Nội (25 0236),
Hanoi,,21.0283334,105.854041,sGGWgbE8eh8,https://www.youtube.com/watch?v=sGGWgbE8eh8,0,509,0,0,UCcROxwq_GajcurqLI7zGFfw,"ĐƯỜNG GIẢI PHÓNG HÀ NỘI, GIỜ CAO ĐIỂM, NĂM 202O THỜI COVID",rush/jam
Hanoi,,21.0283334,105.854041,VWc4c3IycSk,https://www.youtube.com/watch?v=VWc4c3IycSk,0,1163,1,0,UCcROxwq_GajcurqLI7zGFfw,Hà Nội đầu Đông (24 1126),night(label)
Hanoi,,21.0283334,105.854041,jD32v4H3Cz8,https://www.youtube.com/watch?v=jD32v4H3Cz8,0,1822,1,0,UCcROxwq_GajcurqLI7zGFfw,"đường phố Hà Nội khi bước vào nhịp sống bình thường mới, năm 2021 (NXP)",night(label)
Hanoi,,21.0283334,105.854041,pJjClfCDrf8,https://www.youtube.com/watch?v=pJjClfCDrf8,0,1729,0,0,UCcROxwq_GajcurqLI7zGFfw,Hà Nội đầu năm 2025 (25 256),
Hanoi,,21.0283334,105.854041,92zG3gLo2rs,https://www.youtube.com/watch?v=92zG3gLo2rs,0,3689,0,0,UCcROxwq_GajcurqLI7zGFfw,Hà Nội đầu mùa Hè mát mẻ như mùa Thu [25 5822],
Hanoi,,21.0283334,105.854041,5Tjr9IcFe1o,https://www.youtube.com/watch?v=5Tjr9IcFe1o,0,506,0,0,UCcROxwq_GajcurqLI7zGFfw,"Hà Nội Ngày Mùa Hè, Nắng & Nóng",
Hanoi,,21.0283334,105.854041,-l8FkkMeW8I,https://www.youtube.com/watch?v=-l8FkkMeW8I,0,531,1,0,UCcROxwq_GajcurqLI7zGFfw,"ĐƯỜNG HOÀNG DIỆU - QUÁN THÁNH - THANH NIÊN, HÀ NỘI",night(label)
Hanoi,,21.0283334,105.854041,F7YuirrToa8,https://www.youtube.com/watch?v=F7YuirrToa8,0,302,1,0,UCcROxwq_GajcurqLI7zGFfw,Hà Nội ơi (984),night(label)
Hanoi,,21.0283334,105.854041,SzlgvTKu9YI,https://www.youtube.com/watch?v=SzlgvTKu9YI,124,2470,0,0,UCcROxwq_GajcurqLI7zGFfw,CHUYỂN ĐỘNG HÀ NỘI (23 026),
Hanoi,,21.0283334,105.854041,Dn_oY6tGHCo,https://www.youtube.com/watch?v=Dn_oY6tGHCo,0,2640,1,0,UCcROxwq_GajcurqLI7zGFfw,"Hà Nội tháng 10... lên Đèn, Ồn ào, Náo nhiệt",night(label)
Hanoi,,21.0283334,105.854041,rB2YEhS3K1w,https://www.youtube.com/watch?v=rB2YEhS3K1w,0,376,0,0,UCcROxwq_GajcurqLI7zGFfw,"Hà Nội bình tĩnh thích ứng, khi phát hiện thêm một ngàn ca nhiễm mới trong 24h, tháng 12 năm 2021",
Hanoi,,21.0283334,105.854041,rB2YEhS3K1w,https://www.youtube.com/watch?v=rB2YEhS3K1w,671,1678,0,0,UCcROxwq_GajcurqLI7zGFfw,"Hà Nội bình tĩnh thích ứng, khi phát hiện thêm một ngàn ca nhiễm mới trong 24h, tháng 12 năm 2021",
Hanoi,,21.0283334,105.854041,ZnKFGXqHw5c,https://www.youtube.com/watch?v=ZnKFGXqHw5c,0,930,0,0,UCcROxwq_GajcurqLI7zGFfw,Hà Nôi Mùa Thu (24 981),
Hanoi,,21.0283334,105.854041,TmAytLr8cBE,https://www.youtube.com/watch?v=TmAytLr8cBE,0,531,1,0,UCcROxwq_GajcurqLI7zGFfw,7h Tối Hà Nội  năm 2019,night
Hanoi,,21.0283334,105.854041,79iLIdnMzjU,https://www.youtube.com/watch?v=79iLIdnMzjU,15,1600,0,0,UCcROxwq_GajcurqLI7zGFfw,mùa Mưa Hà Thành!,rain
Hanoi,,21.0283334,105.854041,-_eOgz33Ga8,https://www.youtube.com/watch?v=-_eOgz33Ga8,145,1921,1,0,UCcROxwq_GajcurqLI7zGFfw,CHUYỂN ĐỘNG HÀ NỘI ĐẦU NĂM 2024 (24 126),night(label)
Hanoi,,21.0283334,105.854041,Gn3lCSxbRjs,https://www.youtube.com/watch?v=Gn3lCSxbRjs,0,1253,1,0,UCcROxwq_GajcurqLI7zGFfw,Hà Nội năm 2025 (25 0168),night(label)
Hanoi,,21.0283334,105.854041,Kuj58sN73cs,https://www.youtube.com/watch?v=Kuj58sN73cs,0,2396,0,0,UCcROxwq_GajcurqLI7zGFfw,Hanoi Today June 2023,
Hanoi,,21.0283334,105.854041,HHODt5s18q4,https://www.youtube.com/watch?v=HHODt5s18q4,0,1097,0,0,UCcROxwq_GajcurqLI7zGFfw,Hà Thành cuối tháng 5 năm 2022,
Hanoi,,21.0283334,105.854041,4gkodot3g0g,https://www.youtube.com/watch?v=4gkodot3g0g,0,964,0,0,UCcROxwq_GajcurqLI7zGFfw,CHUYỂN ĐỘNG HÀ NỘI (23 482),
Hanoi,,21.0283334,105.854041,4gkodot3g0g,https://www.youtube.com/watch?v=4gkodot3g0g,1257,2599,0,0,UCcROxwq_GajcurqLI7zGFfw,CHUYỂN ĐỘNG HÀ NỘI (23 482),
Hanoi,,21.0283334,105.854041,57aHzFXyw2A,https://www.youtube.com/watch?v=57aHzFXyw2A,179,647,0,0,UCcROxwq_GajcurqLI7zGFfw,đường phố Hà Nội tháng 6 có gì mới lạ [25 634],
Hanoi,,21.0283334,105.854041,1U2s1VfjR3Q,https://www.youtube.com/watch?v=1U2s1VfjR3Q,0,1144,0,0,UCcROxwq_GajcurqLI7zGFfw,những con đường con phố Hà Nội [25 307],
Hanoi,,21.0283334,105.854041,1U2s1VfjR3Q,https://www.youtube.com/watch?v=1U2s1VfjR3Q,1253,1352,0,0,UCcROxwq_GajcurqLI7zGFfw,những con đường con phố Hà Nội [25 307],
Hanoi,,21.0283334,105.854041,1U2s1VfjR3Q,https://www.youtube.com/watch?v=1U2s1VfjR3Q,1391,1469,0,0,UCcROxwq_GajcurqLI7zGFfw,những con đường con phố Hà Nội [25 307],
Hanoi,,21.0283334,105.854041,1U2s1VfjR3Q,https://www.youtube.com/watch?v=1U2s1VfjR3Q,1580,1712,0,0,UCcROxwq_GajcurqLI7zGFfw,những con đường con phố Hà Nội [25 307],
Hanoi,,21.0283334,105.854041,1OKrly8bJsQ,https://www.youtube.com/watch?v=1OKrly8bJsQ,0,906,0,0,UCcROxwq_GajcurqLI7zGFfw,"Toà Nhà Hàm Cá Mập, bên hồ Hoàn Kiến chuẩn bị phá bỏ năm 2025 [25 399]",
Hanoi,,21.0283334,105.854041,actpvbabO0M,https://www.youtube.com/watch?v=actpvbabO0M,0,531,0,0,UCcROxwq_GajcurqLI7zGFfw,"9h sáng đường Thuỵ Khuê - Bưởi, Hà Nội năm 2021",
Hanoi,,21.0283334,105.854041,c0RmpvnP99E,https://www.youtube.com/watch?v=c0RmpvnP99E,0,531,0,0,UCcROxwq_GajcurqLI7zGFfw,đường từ Thường Tín vào thành phố Hà Nội,
Hanoi,,21.0283334,105.854041,Wh45lwcQOZY,https://www.youtube.com/watch?v=Wh45lwcQOZY,0,803,0,0,UCcROxwq_GajcurqLI7zGFfw,đường phố Hà Nội tháng 6 có gì mới lạ [25 629],
Hanoi,,21.0283334,105.854041,M74B-C7bWlU,https://www.youtube.com/watch?v=M74B-C7bWlU,0,1369,0,0,UCcROxwq_GajcurqLI7zGFfw,Dòng chuyển động Hà Nội nhộn nhịp tháng 10 năm 2021,
Hanoi,,21.0283334,105.854041,M74B-C7bWlU,https://www.youtube.com/watch?v=M74B-C7bWlU,1370,2880,1,0,UCcROxwq_GajcurqLI7zGFfw,Dòng chuyển động Hà Nội nhộn nhịp tháng 10 năm 2021,night(label)
Hanoi,,21.0283334,105.854041,bMM3QXOf_GE,https://www.youtube.com/watch?v=bMM3QXOf_GE,0,1293,0,0,UCcROxwq_GajcurqLI7zGFfw,Đường Phố Hà Nội chiều 30 Tết năm Ất Tỵ (25 0121),tet/holiday
Hanoi,,21.0283334,105.854041,idblol0nxVw,https://www.youtube.com/watch?v=idblol0nxVw,0,1729,0,0,UCcROxwq_GajcurqLI7zGFfw,Hà Nội đầu Đông (24 1162),
Hanoi,,21.0283334,105.854041,RrTs78A01pY,https://www.youtube.com/watch?v=RrTs78A01pY,0,749,0,0,UCcROxwq_GajcurqLI7zGFfw,nhớ lại Hà Nội ngày mồng 2 Tết năm Tân Sửu (13/2/2021),tet/holiday
Hanoi,,21.0283334,105.854041,sHMtoPigTNk,https://www.youtube.com/watch?v=sHMtoPigTNk,0,3459,0,0,UCcROxwq_GajcurqLI7zGFfw,"[Bản Full] đường phố Hà Nội ngày 9 tháng 9 sau Siêu Bão Yagi 2024, trước khi có Mưa lớn (24 948)",rain
Hanoi,,21.0283334,105.854041,6OLUWmnkYO0,https://www.youtube.com/watch?v=6OLUWmnkYO0,20,2164,1,0,UCcROxwq_GajcurqLI7zGFfw,"""Em ơi Hà Nội phố"" nhịp sống bình thường mới, tháng 10  năm 2021",night(label)
Hanoi,,21.0283334,105.854041,QtHKAnLC-3w,https://www.youtube.com/watch?v=QtHKAnLC-3w,0,3165,1,0,UCcROxwq_GajcurqLI7zGFfw,HANOI TODAY (23 014),night(label)
Hanoi,,21.0283334,105.854041,V3o9e_7tiwQ,https://www.youtube.com/watch?v=V3o9e_7tiwQ,104,2200,0,0,UCcROxwq_GajcurqLI7zGFfw,Hà Nội năm 2024 (24 799),
Hanoi,,21.0283334,105.854041,nHqtxirhlzM,https://www.youtube.com/watch?v=nHqtxirhlzM,135,906,0,0,UCcROxwq_GajcurqLI7zGFfw,Hà Nội một ngày Mưa năm 2022 (22 221),rain
Hanoi,,21.0283334,105.854041,nHqtxirhlzM,https://www.youtube.com/watch?v=nHqtxirhlzM,1060,2064,0,0,UCcROxwq_GajcurqLI7zGFfw,Hà Nội một ngày Mưa năm 2022 (22 221),rain
Hanoi,,21.0283334,105.854041,VfCdwxDRA8Y,https://www.youtube.com/watch?v=VfCdwxDRA8Y,109,836,0,0,UCcROxwq_GajcurqLI7zGFfw,Hà Nội Sáng và Chiều (24 1180),
Hanoi,,21.0283334,105.854041,VfCdwxDRA8Y,https://www.youtube.com/watch?v=VfCdwxDRA8Y,854,1645,1,0,UCcROxwq_GajcurqLI7zGFfw,Hà Nội Sáng và Chiều (24 1180),night(label)
Hanoi,,21.0283334,105.854041,JhxxRbr0dz4,https://www.youtube.com/watch?v=JhxxRbr0dz4,0,531,1,0,UCcROxwq_GajcurqLI7zGFfw,"9H TỐI ĐƯỜNG THANH NIÊN - VEN HỒ TÂY, HÀ NỘI",night
Hanoi,,21.0283334,105.854041,LqfVkEpZsCg,https://www.youtube.com/watch?v=LqfVkEpZsCg,0,507,0,0,UCcROxwq_GajcurqLI7zGFfw,Vành Đai 3 trên cao ngày đầu xuân Tân Sửu,
Hanoi,,21.0283334,105.854041,YjOdtYiwiKg,https://www.youtube.com/watch?v=YjOdtYiwiKg,0,28,0,0,UCcROxwq_GajcurqLI7zGFfw,Hà Nội ơi (003),
Hanoi,,21.0283334,105.854041,YjOdtYiwiKg,https://www.youtube.com/watch?v=YjOdtYiwiKg,29,79,0,0,UCcROxwq_GajcurqLI7zGFfw,Hà Nội ơi (003),
Hanoi,,21.0283334,105.854041,YjOdtYiwiKg,https://www.youtube.com/watch?v=YjOdtYiwiKg,80,111,0,0,UCcROxwq_GajcurqLI7zGFfw,Hà Nội ơi (003),
Hanoi,,21.0283334,105.854041,YjOdtYiwiKg,https://www.youtube.com/watch?v=YjOdtYiwiKg,112,165,0,0,UCcROxwq_GajcurqLI7zGFfw,Hà Nội ơi (003),
Hanoi,,21.0283334,105.854041,YjOdtYiwiKg,https://www.youtube.com/watch?v=YjOdtYiwiKg,166,195,0,0,UCcROxwq_GajcurqLI7zGFfw,Hà Nội ơi (003),
Hanoi,,21.0283334,105.854041,YjOdtYiwiKg,https://www.youtube.com/watch?v=YjOdtYiwiKg,196,275,0,0,UCcROxwq_GajcurqLI7zGFfw,Hà Nội ơi (003),
Hanoi,,21.0283334,105.854041,YjOdtYiwiKg,https://www.youtube.com/watch?v=YjOdtYiwiKg,276,305,0,0,UCcROxwq_GajcurqLI7zGFfw,Hà Nội ơi (003),
Hanoi,,21.0283334,105.854041,YjOdtYiwiKg,https://www.youtube.com/watch?v=YjOdtYiwiKg,306,332,0,0,UCcROxwq_GajcurqLI7zGFfw,Hà Nội ơi (003),
Hanoi,,21.0283334,105.854041,YjOdtYiwiKg,https://www.youtube.com/watch?v=YjOdtYiwiKg,333,553,0,0,UCcROxwq_GajcurqLI7zGFfw,Hà Nội ơi (003),
Hanoi,,21.0283334,105.854041,YjOdtYiwiKg,https://www.youtube.com/watch?v=YjOdtYiwiKg,554,611,0,0,UCcROxwq_GajcurqLI7zGFfw,Hà Nội ơi (003),
Hanoi,,21.0283334,105.854041,YjOdtYiwiKg,https://www.youtube.com/watch?v=YjOdtYiwiKg,612,843,0,0,UCcROxwq_GajcurqLI7zGFfw,Hà Nội ơi (003),
Hanoi,,21.0283334,105.854041,YjOdtYiwiKg,https://www.youtube.com/watch?v=YjOdtYiwiKg,844,1028,0,0,UCcROxwq_GajcurqLI7zGFfw,Hà Nội ơi (003),
Hanoi,,21.0283334,105.854041,YjOdtYiwiKg,https://www.youtube.com/watch?v=YjOdtYiwiKg,1029,1174,0,0,UCcROxwq_GajcurqLI7zGFfw,Hà Nội ơi (003),
Hanoi,,21.0283334,105.854041,YjOdtYiwiKg,https://www.youtube.com/watch?v=YjOdtYiwiKg,1175,1231,0,0,UCcROxwq_GajcurqLI7zGFfw,Hà Nội ơi (003),
Hanoi,,21.0283334,105.854041,YjOdtYiwiKg,https://www.youtube.com/watch?v=YjOdtYiwiKg,1232,1299,0,0,UCcROxwq_GajcurqLI7zGFfw,Hà Nội ơi (003),
Hanoi,,21.0283334,105.854041,5LufMFz_wQY,https://www.youtube.com/watch?v=5LufMFz_wQY,0,1627,0,0,UCcROxwq_GajcurqLI7zGFfw,quận Đống Đa Hà Nội năm 2025 [25 339],
Hanoi,,21.0283334,105.854041,mLLTTRC0H3k,https://www.youtube.com/watch?v=mLLTTRC0H3k,0,1861,0,0,UCcROxwq_GajcurqLI7zGFfw,"[Bản Full] đường phố Hà Nội ngày 9 tháng 9 sau Siêu Bão Yagi 2024, trước khi có Mưa lớn (24 949)",rain
Hanoi,,21.0283334,105.854041,rzaGzdlv2mk,https://www.youtube.com/watch?v=rzaGzdlv2mk,0,512,0,0,UCcROxwq_GajcurqLI7zGFfw,"CHUYỂN ĐỘNG CHẬM NGÕ PHỐ HÀ NỘI, PHÒNH COVID-19",
Hanoi,,21.0283334,105.854041,rzaGzdlv2mk,https://www.youtube.com/watch?v=rzaGzdlv2mk,781,1579,0,0,UCcROxwq_GajcurqLI7zGFfw,"CHUYỂN ĐỘNG CHẬM NGÕ PHỐ HÀ NỘI, PHÒNH COVID-19",
Hanoi,,21.0283334,105.854041,qy-MGOpuw5U,https://www.youtube.com/watch?v=qy-MGOpuw5U,0,3269,0,0,UCcROxwq_GajcurqLI7zGFfw,Hà Nội bình tâm thích ứng với tình hình Dịch mới (nghìn ca nhiễm mới mỗi ngày) th.12 năm 2021,
Hanoi,,21.0283334,105.854041,XfZz_GhoREI,https://www.youtube.com/watch?v=XfZz_GhoREI,0,531,0,0,UCcROxwq_GajcurqLI7zGFfw,"Lặng lẽ một mùa Thu Hà Nội, năm 2021 (NXH2131)",
Hanoi,,21.0283334,105.854041,XfZz_GhoREI,https://www.youtube.com/watch?v=XfZz_GhoREI,532,2125,0,0,UCcROxwq_GajcurqLI7zGFfw,"Lặng lẽ một mùa Thu Hà Nội, năm 2021 (NXH2131)",
Hanoi,,21.0283334,105.854041,4G58f0UOxT4,https://www.youtube.com/watch?v=4G58f0UOxT4,0,1422,0,0,UCcROxwq_GajcurqLI7zGFfw,Mưa Thu Hà Nội (24 997),rain
Hanoi,,21.0283334,105.854041,cM-4tfCYntc,https://www.youtube.com/watch?v=cM-4tfCYntc,0,1389,0,0,UCcROxwq_GajcurqLI7zGFfw,Hà Nội chiều cuối năm 2021 thời Covid,
Hanoi,,21.0283334,105.854041,A7AKyVBZ7g4,https://www.youtube.com/watch?v=A7AKyVBZ7g4,0,379,0,0,UCcROxwq_GajcurqLI7zGFfw,Hà Nội mùa Hè năm 2021,
Hanoi,,21.0283334,105.854041,znBiArRUQDk,https://www.youtube.com/watch?v=znBiArRUQDk,153,2380,0,0,UCcROxwq_GajcurqLI7zGFfw,"Hà Nội tháng 9 năm 2021, đeo khẩu trang phòng Covid! [21 902]",
Hanoi,,21.0283334,105.854041,znBiArRUQDk,https://www.youtube.com/watch?v=znBiArRUQDk,2567,2687,0,0,UCcROxwq_GajcurqLI7zGFfw,"Hà Nội tháng 9 năm 2021, đeo khẩu trang phòng Covid! [21 902]",
Hanoi,,21.0283334,105.854041,itJZNDeseNU,https://www.youtube.com/watch?v=itJZNDeseNU,0,345,0,0,UCcROxwq_GajcurqLI7zGFfw,đường Lê Duẩn (qua công viên Thống Nhất) Hà Nội năm 2021,
Hanoi,,21.0283334,105.854041,f2HFp8MnJcw,https://www.youtube.com/watch?v=f2HFp8MnJcw,0,1088,0,0,UCcROxwq_GajcurqLI7zGFfw,Hà Nôi Mùa Thu (24 975),
Hanoi,,21.0283334,105.854041,f2HFp8MnJcw,https://www.youtube.com/watch?v=f2HFp8MnJcw,1089,1755,1,0,UCcROxwq_GajcurqLI7zGFfw,Hà Nôi Mùa Thu (24 975),night(label)
Hanoi,,21.0283334,105.854041,RyChU_jWzqI,https://www.youtube.com/watch?v=RyChU_jWzqI,116,695,0,0,UCcROxwq_GajcurqLI7zGFfw,"đường phố Hà Nội, bình thường mới năm 2021",
Hanoi,,21.0283334,105.854041,RyChU_jWzqI,https://www.youtube.com/watch?v=RyChU_jWzqI,761,1429,1,0,UCcROxwq_GajcurqLI7zGFfw,"đường phố Hà Nội, bình thường mới năm 2021",night(label)
Hanoi,,21.0283334,105.854041,tx9aOt0jgRI,https://www.youtube.com/watch?v=tx9aOt0jgRI,0,531,0,0,UCcROxwq_GajcurqLI7zGFfw,Đường phố Hà Nội đầu tháng 5 năm 2021,
Hanoi,,21.0283334,105.854041,LEnKhztXlO8,https://www.youtube.com/watch?v=LEnKhztXlO8,0,1728,0,0,UCcROxwq_GajcurqLI7zGFfw,"Hà Nội Mùa Thu, sau cơn Mưa siêu bão Yagi (24 951)",rain
Hanoi,,21.0283334,105.854041,C8ewE6iLUPY,https://www.youtube.com/watch?v=C8ewE6iLUPY,0,2663,0,0,UCcROxwq_GajcurqLI7zGFfw,ĐƯỜNG PHỐ HÀ NỘI CUỐI THU 2023 (23 082),
Hanoi,,21.0283334,105.854041,9aW6TzPHvRs,https://www.youtube.com/watch?v=9aW6TzPHvRs,0,419,0,0,UCcROxwq_GajcurqLI7zGFfw,"Hà Nội Chiều Hè, Nắng Nóng (39 - 40 độ)",
Hanoi,,21.0283334,105.854041,9aW6TzPHvRs,https://www.youtube.com/watch?v=9aW6TzPHvRs,420,1063,1,0,UCcROxwq_GajcurqLI7zGFfw,"Hà Nội Chiều Hè, Nắng Nóng (39 - 40 độ)",night(label)
Hanoi,,21.0283334,105.854041,k19nsyneUH0,https://www.youtube.com/watch?v=k19nsyneUH0,0,1134,1,0,UCcROxwq_GajcurqLI7zGFfw,"Hà Nội bình an cuối tuần với hơn 30,000 F0!",night(label)
Hanoi,,21.0283334,105.854041,8zHiGj7_Apw,https://www.youtube.com/watch?v=8zHiGj7_Apw,0,675,0,0,UCcROxwq_GajcurqLI7zGFfw,Hà Nội đầu Đông (24 1151),
Hanoi,,21.0283334,105.854041,W6qoRlAdftU,https://www.youtube.com/watch?v=W6qoRlAdftU,0,531,1,0,UCcROxwq_GajcurqLI7zGFfw,"TĂNG BẠT HỔ - YEC XANH - LÒ ĐÚC - HÀM LONG, HÀ NỘI",night(label)
Hanoi,,21.0283334,105.854041,eq8fZZnrXbc,https://www.youtube.com/watch?v=eq8fZZnrXbc,0,1259,1,0,UCcROxwq_GajcurqLI7zGFfw,"Hà Nội Mùa Thu, Mùa Thu Hà Nội (24 8900)",night(label)
Hanoi,,21.0283334,105.854041,y4CjRPwRIGo,https://www.youtube.com/watch?v=y4CjRPwRIGo,0,530,0,0,UCcROxwq_GajcurqLI7zGFfw,"Chùa Bộc - Thái Hà, Hà Nội năm 2020",
Hanoi,,21.0283334,105.854041,q4ISasnBl6c,https://www.youtube.com/watch?v=q4ISasnBl6c,0,1728,1,0,UCcROxwq_GajcurqLI7zGFfw,[T3] Hà Nội đi Bão  [đoạn phố Trần Quang Khải đến phố Trần Hưng Đạo],rain;night(label)
Hanoi,,21.0283334,105.854041,vGRaAGbI5o4,https://www.youtube.com/watch?v=vGRaAGbI5o4,0,1722,0,0,UCcROxwq_GajcurqLI7zGFfw,"ĐƯỜNG PHỐ HÀ THÀNH 10 GIỜ ĐẦU THỰC HIỆN GIÃN CÁCH XÃ HỘI PHÒNG COVID-19, NĂM 2021",
Hanoi,,21.0283334,105.854041,U0557Y3173g,https://www.youtube.com/watch?v=U0557Y3173g,0,1729,0,0,UCcROxwq_GajcurqLI7zGFfw,Hà Nội năm 2025 [25 20707],
Hanoi,,21.0283334,105.854041,zWa2cp4SKBA,https://www.youtube.com/watch?v=zWa2cp4SKBA,0,531,0,0,UCcROxwq_GajcurqLI7zGFfw,Hà Nội mùa Hè năm 2021,
Hanoi,,21.0283334,105.854041,DYSFzwkoLOw,https://www.youtube.com/watch?v=DYSFzwkoLOw,0,442,1,0,UCcROxwq_GajcurqLI7zGFfw,HÀ NỘI CHIỀU 30 TẾT NĂM TÂN SỬU THỜI COVID 2021,tet/holiday;night(label)
Hanoi,,21.0283334,105.854041,TjLZeDos7q4,https://www.youtube.com/watch?v=TjLZeDos7q4,0,1558,0,0,UCcROxwq_GajcurqLI7zGFfw,CHUYỂN ĐỘNG HÀ NỘI (23 896),
Hanoi,,21.0283334,105.854041,xGeYPk6stog,https://www.youtube.com/watch?v=xGeYPk6stog,0,2401,1,0,UCcROxwq_GajcurqLI7zGFfw,Hanoi after 5pm. (24 1090),night(label)
Hanoi,,21.0283334,105.854041,IT724Zi0B6g,https://www.youtube.com/watch?v=IT724Zi0B6g,0,1773,1,0,UCcROxwq_GajcurqLI7zGFfw,"HÀ NỘI MÙA THU NĂM 2021, PHÒNG COVID",night(label)
Hanoi,,21.0283334,105.854041,ddTTGHk_UPc,https://www.youtube.com/watch?v=ddTTGHk_UPc,0,1462,0,0,UCcROxwq_GajcurqLI7zGFfw,Đường Xuân Mai Hà Nội năm 2023,
Hanoi,,21.0283334,105.854041,c4qH4WeHnMc,https://www.youtube.com/watch?v=c4qH4WeHnMc,0,531,1,0,UCcROxwq_GajcurqLI7zGFfw,HÀ NỘI GIAO THÔNG GIỜ CAO ĐIỂM,rush/jam;night(label)
Hanoi,,21.0283334,105.854041,FMwchdy-LBE,https://www.youtube.com/watch?v=FMwchdy-LBE,0,4428,0,0,UCcROxwq_GajcurqLI7zGFfw,"Sáng Chủ Nhật Hà Nội, cuộc sống gần như đã bình thường ...",
Hanoi,,21.0283334,105.854041,JNXign5S2FM,https://www.youtube.com/watch?v=JNXign5S2FM,0,1141,0,0,UCcROxwq_GajcurqLI7zGFfw,"6h tối Hà Nội, một ngày Mùa Hè Nắng Nóng, năm 2021",night
Hanoi,,21.0283334,105.854041,i9T08prLqYY,https://www.youtube.com/watch?v=i9T08prLqYY,0,404,0,0,UCcROxwq_GajcurqLI7zGFfw,Xe VinFast của người Việt Nam,
Hanoi,,21.0283334,105.854041,qRIgRmYJkhw,https://www.youtube.com/watch?v=qRIgRmYJkhw,85,1303,0,0,UCcROxwq_GajcurqLI7zGFfw,Chiều Hà Nội năm 2021,
Hanoi,,21.0283334,105.854041,uarnKk8KRQY,https://www.youtube.com/watch?v=uarnKk8KRQY,0,2755,1,0,UCcROxwq_GajcurqLI7zGFfw,Hà Nội khi mùa Đông đến,night(label)
Hanoi,,21.0283334,105.854041,Gvms3ELQtCY,https://www.youtube.com/watch?v=Gvms3ELQtCY,0,1569,0,0,UCcROxwq_GajcurqLI7zGFfw,HÀ NỘI NĂM 2022 (22 301),
Hanoi,,21.0283334,105.854041,W5XHkzYAqVY,https://www.youtube.com/watch?v=W5XHkzYAqVY,0,531,1,0,UCcROxwq_GajcurqLI7zGFfw,9:30 tối đường phố Hà Nội,night
Hanoi,,21.0283334,105.854041,vMs6HCZpNQ0,https://www.youtube.com/watch?v=vMs6HCZpNQ0,0,446,0,0,UCcROxwq_GajcurqLI7zGFfw,"ĐƯỜNG TRƯỜNG CHINH HÀ NỘI, THỜI COVID ĐẦU NĂM 2021",
Hanoi,,21.0283334,105.854041,tFdA-KQQK40,https://www.youtube.com/watch?v=tFdA-KQQK40,0,1809,0,0,UCcROxwq_GajcurqLI7zGFfw,"nhiều hàng quán bắt đầu mở cửa, thích ứng với cuộc sống an toàn mới",
Hanoi,,21.0283334,105.854041,tFdA-KQQK40,https://www.youtube.com/watch?v=tFdA-KQQK40,1810,2298,1,0,UCcROxwq_GajcurqLI7zGFfw,"nhiều hàng quán bắt đầu mở cửa, thích ứng với cuộc sống an toàn mới",night(label)
Hanoi,,21.0283334,105.854041,cUYpJpFcp68,https://www.youtube.com/watch?v=cUYpJpFcp68,0,650,0,0,UCcROxwq_GajcurqLI7zGFfw,đường phố Đội Cấn vắng vẻ ngày Giãn cách,
Hanoi,,21.0283334,105.854041,FLhkznhbTsc,https://www.youtube.com/watch?v=FLhkznhbTsc,0,530,1,0,UCcROxwq_GajcurqLI7zGFfw,"9h tối đường Láng - Nguyễn Chí Thanh, Hà Nội năm 2021",night
Hanoi,,21.0283334,105.854041,08NXXAT5ZPo,https://www.youtube.com/watch?v=08NXXAT5ZPo,0,2636,1,0,UCcROxwq_GajcurqLI7zGFfw,TỐI MÙA THU HÀ NỘI NĂM 2023,night
Hanoi,,21.0283334,105.854041,mgKZzJ0Pdcg,https://www.youtube.com/watch?v=mgKZzJ0Pdcg,0,432,0,0,UCcROxwq_GajcurqLI7zGFfw,Hà Nội ơi (056),
Hanoi,,21.0283334,105.854041,mgKZzJ0Pdcg,https://www.youtube.com/watch?v=mgKZzJ0Pdcg,434,1218,1,0,UCcROxwq_GajcurqLI7zGFfw,Hà Nội ơi (056),night(label)
Hanoi,,21.0283334,105.854041,Y7HVDLLjRz0,https://www.youtube.com/watch?v=Y7HVDLLjRz0,70,1594,0,0,UCcROxwq_GajcurqLI7zGFfw,cơn mưa bất chợt ngày mùa Thu trên đường phố Hà Nội,rain
Hanoi,,21.0283334,105.854041,TwayYavFGtw,https://www.youtube.com/watch?v=TwayYavFGtw,0,531,0,0,UCcROxwq_GajcurqLI7zGFfw,từ Gia Lâm qua cầu Vĩnh Tuy vào trung tâm Hà Nội,
Hanoi,,21.0283334,105.854041,UPemG5fB2cA,https://www.youtube.com/watch?v=UPemG5fB2cA,0,1223,1,0,UCcROxwq_GajcurqLI7zGFfw,Hà Nội năm 2024 (24 796),night(label)
Hanoi,,21.0283334,105.854041,1oeirwWXYgQ,https://www.youtube.com/watch?v=1oeirwWXYgQ,0,3074,1,0,UCcROxwq_GajcurqLI7zGFfw,CHUYỂN ĐỘNG HÀ NỘI ĐẦU NĂM 2024 (24 114),night(label)
Hanoi,,21.0283334,105.854041,y8M6MsmaZV8,https://www.youtube.com/watch?v=y8M6MsmaZV8,0,1594,0,0,UCcROxwq_GajcurqLI7zGFfw,"đường phố Vắng, ngày Hà Nội tạm phong toả (NXH2128)",
Hanoi,,21.0283334,105.854041,EeFOkFGspN0,https://www.youtube.com/watch?v=EeFOkFGspN0,0,531,0,0,UCcROxwq_GajcurqLI7zGFfw,"NGUYỄN THÁI HỌC - LÊ DUẨN, HÀ THÀNH 2020",
Hanoi,,21.0283334,105.854041,EPo7guqy_W4,https://www.youtube.com/watch?v=EPo7guqy_W4,0,3189,1,0,UCcROxwq_GajcurqLI7zGFfw,CHUYỂN ĐỘNG HÀ NỘI NĂM 2021 (21 010),night(label)
Hanoi,,21.0283334,105.854041,xMoUgwYgf_A,https://www.youtube.com/watch?v=xMoUgwYgf_A,0,2419,1,0,UCcROxwq_GajcurqLI7zGFfw,HÀ NỘI CHIỀU THỨ 6 (24 361),night(label)
Hanoi,,21.0283334,105.854041,uE5F48SeQSo,https://www.youtube.com/watch?v=uE5F48SeQSo,0,1248,0,0,UCcROxwq_GajcurqLI7zGFfw,qua các con phố Hà Nội ngày thực hiện giãn cách xã hội phòng chống Covid (T11),
Hanoi,,21.0283334,105.854041,mNz0dojVsGQ,https://www.youtube.com/watch?v=mNz0dojVsGQ,0,531,0,0,UCcROxwq_GajcurqLI7zGFfw,"HÀ NỘI - THƯỜNG TÍN, NĂM 2020 THỜI COVID",
Hanoi,,21.0283334,105.854041,gJ2g-8OKYBk,https://www.youtube.com/watch?v=gJ2g-8OKYBk,21,4040,1,0,UCcROxwq_GajcurqLI7zGFfw,Hà Nội qua cơn Mưa tháng 6 [23 602],rain;night(label)
Hanoi,,21.0283334,105.854041,85Z4G8Vowxo,https://www.youtube.com/watch?v=85Z4G8Vowxo,50,1892,0,0,UCcROxwq_GajcurqLI7zGFfw,Hà Thành trung tuần tháng 7 năm 2021 mùa Covid,
Hanoi,,21.0283334,105.854041,pOZvHwC94YM,https://www.youtube.com/watch?v=pOZvHwC94YM,0,1950,0,0,UCcROxwq_GajcurqLI7zGFfw,Hà Nôi Mùa Thu (24 974),
Hanoi,,21.0283334,105.854041,25xAfo1FlyM,https://www.youtube.com/watch?v=25xAfo1FlyM,0,681,0,0,UCcROxwq_GajcurqLI7zGFfw,Hà Đông Hà Nội mùa Thu (24 9613),
Hanoi,,21.0283334,105.854041,8dvivK-VtVA,https://www.youtube.com/watch?v=8dvivK-VtVA,0,1094,0,0,UCcROxwq_GajcurqLI7zGFfw,ĐƯỜNG PHỐ HÀ NỘI NGÀY HÈ NĂM 2024 (24 622),
Hanoi,,21.0283334,105.854041,F59zCnnljJY,https://www.youtube.com/watch?v=F59zCnnljJY,0,2282,0,0,UCcROxwq_GajcurqLI7zGFfw,"Hà Nội, ngổn ngang nhiều cây đổ 3 ngày sau siêu bão Yagi (24 958)",rain
Hanoi,,21.0283334,105.854041,LQiOVAwYfgU,https://www.youtube.com/watch?v=LQiOVAwYfgU,0,677,1,0,UCcROxwq_GajcurqLI7zGFfw,MÙA ĐÔNG HÀ NỘI NĂM 2024 (24 143),night(label)
Hanoi,,21.0283334,105.854041,LQiOVAwYfgU,https://www.youtube.com/watch?v=LQiOVAwYfgU,850,1131,1,0,UCcROxwq_GajcurqLI7zGFfw,MÙA ĐÔNG HÀ NỘI NĂM 2024 (24 143),night(label)
Hanoi,,21.0283334,105.854041,zs19he_9BKA,https://www.youtube.com/watch?v=zs19he_9BKA,0,911,0,0,UCcROxwq_GajcurqLI7zGFfw,Hà Nội năm 2024 (24 805),
Hanoi,,21.0283334,105.854041,QcHbASkHRX0,https://www.youtube.com/watch?v=QcHbASkHRX0,0,530,1,0,UCcROxwq_GajcurqLI7zGFfw,"9h tối đường Trường Chinh - đường Láng, Hà Nội",night
Hanoi,,21.0283334,105.854041,jvelHkRcoMQ,https://www.youtube.com/watch?v=jvelHkRcoMQ,0,913,1,0,UCcROxwq_GajcurqLI7zGFfw,6h tối Hà Nội ngày Giãn cách,night
Hanoi,,21.0283334,105.854041,qrc4CD7X_70,https://www.youtube.com/watch?v=qrc4CD7X_70,0,530,0,0,UCcROxwq_GajcurqLI7zGFfw,Hà Nội mùa Hè năm 2021,
Hanoi,,21.0283334,105.854041,jPUsVtm_rvY,https://www.youtube.com/watch?v=jPUsVtm_rvY,100,1629,0,0,UCcROxwq_GajcurqLI7zGFfw,Hà Nội năm 2025 [25 3519],
Hanoi,,21.0283334,105.854041,VkInG-Q_4tg,https://www.youtube.com/watch?v=VkInG-Q_4tg,0,531,0,0,UCcROxwq_GajcurqLI7zGFfw,Hà Nội Mùa Hè Năm 2021,
Hanoi,,21.0283334,105.854041,VkInG-Q_4tg,https://www.youtube.com/watch?v=VkInG-Q_4tg,532,1461,0,0,UCcROxwq_GajcurqLI7zGFfw,Hà Nội Mùa Hè Năm 2021,
Hanoi,,21.0283334,105.854041,mDDZwkskDOQ,https://www.youtube.com/watch?v=mDDZwkskDOQ,0,1972,0,0,UCcROxwq_GajcurqLI7zGFfw,đi đâu... loanh quanh Hà Nội Long Biên mùa Thu năm 2021,
Hanoi,,21.0283334,105.854041,m2ijSldbkpI,https://www.youtube.com/watch?v=m2ijSldbkpI,126,1226,0,0,UCcROxwq_GajcurqLI7zGFfw,HANOI TODAY 2023 (8),
Hanoi,,21.0283334,105.854041,m2ijSldbkpI,https://www.youtube.com/watch?v=m2ijSldbkpI,1338,2675,0,0,UCcROxwq_GajcurqLI7zGFfw,HANOI TODAY 2023 (8),
Hanoi,,21.0283334,105.854041,l9VUGfXbtMY,https://www.youtube.com/watch?v=l9VUGfXbtMY,0,530,0,0,UCcROxwq_GajcurqLI7zGFfw,"Hà Nội ngày mùa Đông năm 2020, thời Covid",
Hanoi,,21.0283334,105.854041,wm09RwMg6WM,https://www.youtube.com/watch?v=wm09RwMg6WM,0,531,1,0,UCcROxwq_GajcurqLI7zGFfw,"9h tối Hà Nội, tháng 5 thời Covid năm 2021",night
Hanoi,,21.0283334,105.854041,TwVemMcVGiQ,https://www.youtube.com/watch?v=TwVemMcVGiQ,0,1180,0,0,UCcROxwq_GajcurqLI7zGFfw,CHUYỂN ĐỘNG HÀ NỘI MÙA HÈ NĂM 2023,
Hanoi,,21.0283334,105.854041,TwVemMcVGiQ,https://www.youtube.com/watch?v=TwVemMcVGiQ,1186,1900,0,0,UCcROxwq_GajcurqLI7zGFfw,CHUYỂN ĐỘNG HÀ NỘI MÙA HÈ NĂM 2023,
Hanoi,,21.0283334,105.854041,-UtKyLuH9qE,https://www.youtube.com/watch?v=-UtKyLuH9qE,0,4103,0,0,UCcROxwq_GajcurqLI7zGFfw,CHUYỂN ĐỘNG HÀ NỘI (23 027),
Hanoi,,21.0283334,105.854041,dvyVIVp7bi0,https://www.youtube.com/watch?v=dvyVIVp7bi0,0,2313,0,0,UCcROxwq_GajcurqLI7zGFfw,"quang cảnh đường phố Hà Nội, trung tuần tháng 7 năm 2021",
Hanoi,,21.0283334,105.854041,GvlZ8ID8L10,https://www.youtube.com/watch?v=GvlZ8ID8L10,0,443,0,0,UCcROxwq_GajcurqLI7zGFfw,"Hà Nội mùa Đông năm ấy, năm 2020",
Hanoi,,21.0283334,105.854041,9mv9YII3mAE,https://www.youtube.com/watch?v=9mv9YII3mAE,0,812,0,0,UCcROxwq_GajcurqLI7zGFfw,Đường phố Hà Nội mồng một Tết năm Ất Tỵ (25 0207),tet/holiday
Hanoi,,21.0283334,105.854041,9mv9YII3mAE,https://www.youtube.com/watch?v=9mv9YII3mAE,817,1596,0,0,UCcROxwq_GajcurqLI7zGFfw,Đường phố Hà Nội mồng một Tết năm Ất Tỵ (25 0207),tet/holiday
Hanoi,,21.0283334,105.854041,SLknxyn2S38,https://www.youtube.com/watch?v=SLknxyn2S38,0,1351,0,0,UCcROxwq_GajcurqLI7zGFfw,Đường Hà Nội năm 2023,
Hanoi,,21.0283334,105.854041,LPRc9c0a8Xo,https://www.youtube.com/watch?v=LPRc9c0a8Xo,0,3236,0,0,UCcROxwq_GajcurqLI7zGFfw,Hà Nội chiều Chủ Nhật,
Hanoi,,21.0283334,105.854041,obtx7zLqFgg,https://www.youtube.com/watch?v=obtx7zLqFgg,0,531,1,0,UCcROxwq_GajcurqLI7zGFfw,Chiều tối Hà Nội ngày Hè nắng nóng năm 2021,night
Hanoi,,21.0283334,105.854041,aZ3SDKejvOk,https://www.youtube.com/watch?v=aZ3SDKejvOk,0,1729,1,0,UCcROxwq_GajcurqLI7zGFfw,[T2] cùng đi Bão [đoạn phố Hàng Đậu & Trần Nhật Duật],rain;night(label)
Hanoi,,21.0283334,105.854041,f_r6BxS18q4,https://www.youtube.com/watch?v=f_r6BxS18q4,0,2025,0,0,UCcROxwq_GajcurqLI7zGFfw,Vùng Ngoại Ô,
Hanoi,,21.0283334,105.854041,8MjXWamWCOs,https://www.youtube.com/watch?v=8MjXWamWCOs,0,1498,0,0,UCcROxwq_GajcurqLI7zGFfw,"Hà Nội chiều Chủ Nhật, tháng 7 năm 2021 thời Covid",
Hanoi,,21.0283334,105.854041,PMhMVXN92f8,https://www.youtube.com/watch?v=PMhMVXN92f8,0,531,0,0,UCcROxwq_GajcurqLI7zGFfw,"ĐƯỜNG THĂNG LONG NỘI BÀI HÀ NỘI, NĂM 2021 THỜI COVID",
Hanoi,,21.0283334,105.854041,veRB9lZKrRM,https://www.youtube.com/watch?v=veRB9lZKrRM,0,1699,0,0,UCcROxwq_GajcurqLI7zGFfw,"Hà Nội Mùa Thu, sau Mưa siêu bão Yagi (24 959)",rain
Hanoi,,21.0283334,105.854041,GZMlWoFgN8o,https://www.youtube.com/watch?v=GZMlWoFgN8o,0,3720,0,0,UCcROxwq_GajcurqLI7zGFfw,"QL6, điểm vào nội thành thành phố Hà Nội năm 2025 [25 396]",
Hanoi,,21.0283334,105.854041,EOYsxTmqZt4,https://www.youtube.com/watch?v=EOYsxTmqZt4,0,1559,1,0,UCcROxwq_GajcurqLI7zGFfw,Chập choạng tối (7pm) những con Đường những góc Phố mùa Thu lặng lẽ Hà Nội,night
Hanoi,,21.0283334,105.854041,_Eoi6aq5sKg,https://www.youtube.com/watch?v=_Eoi6aq5sKg,0,1594,0,0,UCcROxwq_GajcurqLI7zGFfw,"'HÀ NỘI MÙA THU, MÙA THU HÀ NỘI' 2021",
Hanoi,,21.0283334,105.854041,PPlSzRlrFVk,https://www.youtube.com/watch?v=PPlSzRlrFVk,0,1715,1,0,UCcROxwq_GajcurqLI7zGFfw,"đường phố Hà Nội khi bước vào nhịp sống bình thường mới, năm 2021",night(label)
Hanoi,,21.0283334,105.854041,iAp6hx2YGt0,https://www.youtube.com/watch?v=iAp6hx2YGt0,0,530,0,0,UCcROxwq_GajcurqLI7zGFfw,Hà Nội ơi (346),
Hanoi,,21.0283334,105.854041,5dYU1lTHK68,https://www.youtube.com/watch?v=5dYU1lTHK68,0,2124,0,0,UCcROxwq_GajcurqLI7zGFfw,Hà Nội mùa Thu năm 2024 (24 886),
Hanoi,,21.0283334,105.854041,M4xuPrKUnHY,https://www.youtube.com/watch?v=M4xuPrKUnHY,0,471,1,0,UCcROxwq_GajcurqLI7zGFfw,Hà Nội ơi (015),night(label)
Hanoi,,21.0283334,105.854041,e1G24hYdPdk,https://www.youtube.com/watch?v=e1G24hYdPdk,0,742,1,0,UCcROxwq_GajcurqLI7zGFfw,Chập choạng tối Hà Thành,night
Hanoi,,21.0283334,105.854041,LkFiYGi5TC8,https://www.youtube.com/watch?v=LkFiYGi5TC8,239,1856,0,0,UCcROxwq_GajcurqLI7zGFfw,Hà Nội đầu Đông (24 1122),
Hanoi,,21.0283334,105.854041,NSibcO30-x8,https://www.youtube.com/watch?v=NSibcO30-x8,0,2410,1,0,UCcROxwq_GajcurqLI7zGFfw,Đường Phố Hà Nội đêm Giao Thừa năm Ất Tỵ (25 0233),night
Hanoi,,21.0283334,105.854041,-ktErJY5hk4,https://www.youtube.com/watch?v=-ktErJY5hk4,0,894,0,0,UCcROxwq_GajcurqLI7zGFfw,Hà Nội lúc 6pm (24 998),
Hanoi,,21.0283334,105.854041,-ktErJY5hk4,https://www.youtube.com/watch?v=-ktErJY5hk4,895,2320,1,0,UCcROxwq_GajcurqLI7zGFfw,Hà Nội lúc 6pm (24 998),night(label)
Hanoi,,21.0283334,105.854041,xCCFTjA1ktc,https://www.youtube.com/watch?v=xCCFTjA1ktc,85,1161,0,0,UCcROxwq_GajcurqLI7zGFfw,Hà Nội Tháng 4,
Hanoi,,21.0283334,105.854041,BFWAQzc30zU,https://www.youtube.com/watch?v=BFWAQzc30zU,0,933,0,0,UCcROxwq_GajcurqLI7zGFfw,Thanh Trì Hà Nội năm 2021,
Hanoi,,21.0283334,105.854041,BFWAQzc30zU,https://www.youtube.com/watch?v=BFWAQzc30zU,934,2019,0,0,UCcROxwq_GajcurqLI7zGFfw,Thanh Trì Hà Nội năm 2021,
Hanoi,,21.0283334,105.854041,BFWAQzc30zU,https://www.youtube.com/watch?v=BFWAQzc30zU,2216,2630,0,0,UCcROxwq_GajcurqLI7zGFfw,Thanh Trì Hà Nội năm 2021,
Hanoi,,21.0283334,105.854041,doonA0QQgNM,https://www.youtube.com/watch?v=doonA0QQgNM,0,97,0,0,UCcROxwq_GajcurqLI7zGFfw,"MỘT THÔN Ở XÃ TỰ NHIÊN, HUYỆN THƯỜNG TÍN, NGOẠI THÀNH HÀ NỘI, MÙA COVID 2020",
Hanoi,,21.0283334,105.854041,RlX-OL2dsuY,https://www.youtube.com/watch?v=RlX-OL2dsuY,0,3035,0,0,UCcROxwq_GajcurqLI7zGFfw,HÀ NỘI ơi... Mưa Mưa vẫn bay bay ... rả rích suốt mấy ngày cuối tháng 10 năm 2021,rain
Hanoi,,21.0283334,105.854041,OUf7ZWSwhB0,https://www.youtube.com/watch?v=OUf7ZWSwhB0,0,412,1,0,UCcROxwq_GajcurqLI7zGFfw,"7h tối Ngã Tư Sở - Trường Chinh - Ngã Tư Vọng, Hà Nội",night
Hanoi,,21.0283334,105.854041,m-8iGMzM41Q,https://www.youtube.com/watch?v=m-8iGMzM41Q,0,5551,0,0,UCcROxwq_GajcurqLI7zGFfw,[T3] Hà Nội 36 phố cổ ngày mưa phùn giá rét 14 độ C,rain
Hanoi,,21.0283334,105.854041,1-PI8OtIVRY,https://www.youtube.com/watch?v=1-PI8OtIVRY,0,1394,0,0,UCcROxwq_GajcurqLI7zGFfw,Hà Nội mùa Thu (24 1034),
Hanoi,,21.0283334,105.854041,RMUp1YmGJcQ,https://www.youtube.com/watch?v=RMUp1YmGJcQ,0,890,0,0,UCcROxwq_GajcurqLI7zGFfw,Hà Nội vào Hè năm 2025 [25 4614],
Hanoi,,21.0283334,105.854041,RMUp1YmGJcQ,https://www.youtube.com/watch?v=RMUp1YmGJcQ,1185,3442,0,0,UCcROxwq_GajcurqLI7zGFfw,Hà Nội vào Hè năm 2025 [25 4614],
Hanoi,,21.0283334,105.854041,bbzkNS8jWlY,https://www.youtube.com/watch?v=bbzkNS8jWlY,0,1420,1,0,UCcROxwq_GajcurqLI7zGFfw,HÀ THÀNH CHIỀU CHỦ NHẬT (23 92),night(label)
Hanoi,,21.0283334,105.854041,_SxERtroCP8,https://www.youtube.com/watch?v=_SxERtroCP8,0,531,0,0,UCcROxwq_GajcurqLI7zGFfw,"LÀNG ĐẠI TỪ - LINH ĐÀM HÀ NỘI, 2020 THỜI COVID",
Hanoi,,21.0283334,105.854041,y02_PA1CKmQ,https://www.youtube.com/watch?v=y02_PA1CKmQ,0,325,1,0,UCcROxwq_GajcurqLI7zGFfw,HÀ NỘI CAO TỐC NĂM 2023,highway;night(label)
Hanoi,,21.0283334,105.854041,hpERGJfJam4,https://www.youtube.com/watch?v=hpERGJfJam4,0,357,0,0,UCcROxwq_GajcurqLI7zGFfw,HÀ NỘI TẾT NĂM TÂN SỬU (2021) THỜI COVID,tet/holiday
Hanoi,,21.0283334,105.854041,Ijdo9lVWzqU,https://www.youtube.com/watch?v=Ijdo9lVWzqU,0,644,0,0,UCcROxwq_GajcurqLI7zGFfw,HANOI TODAY 2023 (13),
Hanoi,,21.0283334,105.854041,Ijdo9lVWzqU,https://www.youtube.com/watch?v=Ijdo9lVWzqU,1256,3551,0,0,UCcROxwq_GajcurqLI7zGFfw,HANOI TODAY 2023 (13),
Hanoi,,21.0283334,105.854041,q89yt17Trj8,https://www.youtube.com/watch?v=q89yt17Trj8,0,1681,0,0,UCcROxwq_GajcurqLI7zGFfw,Đại Lộ Thăng Long Hà Nội năm 2025 [25 4333],
Hanoi,,21.0283334,105.854041,hVCglNZlnus,https://www.youtube.com/watch?v=hVCglNZlnus,0,2316,0,0,UCcROxwq_GajcurqLI7zGFfw,HÀ NỘI MÙA VẮNG NHỮNG EM XE (21 018),
Hanoi,,21.0283334,105.854041,EjQ9ShT3g2w,https://www.youtube.com/watch?v=EjQ9ShT3g2w,0,695,0,0,UCcROxwq_GajcurqLI7zGFfw,"Hà Nội ơi, ...toàn cảnh nhịp sống bình thường Mới nhộn nhịp dòng đường Cũ...",
Hanoi,,21.0283334,105.854041,EjQ9ShT3g2w,https://www.youtube.com/watch?v=EjQ9ShT3g2w,696,4146,1,0,UCcROxwq_GajcurqLI7zGFfw,"Hà Nội ơi, ...toàn cảnh nhịp sống bình thường Mới nhộn nhịp dòng đường Cũ...",night(label)
Hanoi,,21.0283334,105.854041,TID8zGFo4AQ,https://www.youtube.com/watch?v=TID8zGFo4AQ,0,1729,0,0,UCcROxwq_GajcurqLI7zGFfw,quận Đống Đa Hà Nội năm 2025 [25 36],
Hanoi,,21.0283334,105.854041,h98MA7GA_AU,https://www.youtube.com/watch?v=h98MA7GA_AU,0,1242,0,0,UCcROxwq_GajcurqLI7zGFfw,"ngày Hà Nội ghi nhận hơn 11 ngàn ca nhiễm covid mới trong 24h, tăng kỷ lục",
Hanoi,,21.0283334,105.854041,owYR85UbjRg,https://www.youtube.com/watch?v=owYR85UbjRg,0,530,0,0,UCcROxwq_GajcurqLI7zGFfw,Ùn ứ giao thông giờ cao điểm Hà Nội (Vành đai 3),rush/jam
Hanoi,,21.0283334,105.854041,liSu5uA1DlI,https://www.youtube.com/watch?v=liSu5uA1DlI,0,963,0,0,UCcROxwq_GajcurqLI7zGFfw,HÀ NỘI THÁNG 7 NĂM 2024 (24 781),
Hanoi,,21.0283334,105.854041,KsJnNB6O2Fw,https://www.youtube.com/watch?v=KsJnNB6O2Fw,0,1914,1,0,UCcROxwq_GajcurqLI7zGFfw,CHUYỂN ĐỘNG HÀ NỘI ĐẦU NĂM 2024 (24 124),night(label)
Hanoi,,21.0283334,105.854041,MFLmtvmO390,https://www.youtube.com/watch?v=MFLmtvmO390,0,531,0,0,UCcROxwq_GajcurqLI7zGFfw,Cầu Chương Dương vào Hà Nội,
Hanoi,,21.0283334,105.854041,b8PcKIvQZK0,https://www.youtube.com/watch?v=b8PcKIvQZK0,0,1244,0,0,UCcROxwq_GajcurqLI7zGFfw,lắng đọng Hà Nội tháng ngày phong tỏa (NXH2127),
Hanoi,,21.0283334,105.854041,uTFaFGATjw0,https://www.youtube.com/watch?v=uTFaFGATjw0,0,2627,1,0,UCcROxwq_GajcurqLI7zGFfw,Hà Nội giờ cao điểm (24 1070),rush/jam;night(label)
Hanoi,,21.0283334,105.854041,NZufcgzrkAg,https://www.youtube.com/watch?v=NZufcgzrkAg,0,2496,0,0,UCcROxwq_GajcurqLI7zGFfw,nhịp sống mới Hà Nội năm 2021,
Hanoi,,21.0283334,105.854041,qCHxp6jmqNM,https://www.youtube.com/watch?v=qCHxp6jmqNM,0,2173,0,0,UCcROxwq_GajcurqLI7zGFfw,nhịp sống bình thường mới ở Hà Nội tháng 11 năm 2021,
Hanoi,,21.0283334,105.854041,0jqFXy2FaFA,https://www.youtube.com/watch?v=0jqFXy2FaFA,0,1728,0,0,UCcROxwq_GajcurqLI7zGFfw,Hà Nội giờ cao điểm (24 1120),rush/jam
Hanoi,,21.0283334,105.854041,OiTl9lFcaPE,https://www.youtube.com/watch?v=OiTl9lFcaPE,0,332,0,0,UCcROxwq_GajcurqLI7zGFfw,Hà Nội cuối Thu (24 1182),
Hanoi,,21.0283334,105.854041,OiTl9lFcaPE,https://www.youtube.com/watch?v=OiTl9lFcaPE,333,1728,1,0,UCcROxwq_GajcurqLI7zGFfw,Hà Nội cuối Thu (24 1182),night(label)
Hanoi,,21.0283334,105.854041,vXWhz1w_mMM,https://www.youtube.com/watch?v=vXWhz1w_mMM,0,1510,1,0,UCcROxwq_GajcurqLI7zGFfw,Đường phố Hà Nội chiều mồng một Tết năm Ất Tỵ (25 0211),tet/holiday;night(label)
Hanoi,,21.0283334,105.854041,USL3b9_8oLY,https://www.youtube.com/watch?v=USL3b9_8oLY,0,2243,0,0,UCcROxwq_GajcurqLI7zGFfw,"Hà Nội mùa Thu trầm lắng năm 2021, thời Covid19!",
Hanoi,,21.0283334,105.854041,vnr4AlgIf40,https://www.youtube.com/watch?v=vnr4AlgIf40,0,531,0,0,UCcROxwq_GajcurqLI7zGFfw,Hà Nội vào Hè năm 2021,
Hanoi,,21.0283334,105.854041,ZF_uk1bIXNo,https://www.youtube.com/watch?v=ZF_uk1bIXNo,0,531,0,0,UCcROxwq_GajcurqLI7zGFfw,"COVID KHÔNG THỂ LÀM THAY ĐỔI VẺ ĐẸP VÀ DÒNG CHUYỂN ĐỘNG TẤP NẬP CỦA HÀ NỘI, NGÀY GẦN TẾT TÂN SỬU!",tet/holiday
Hanoi,,21.0283334,105.854041,G6ZV9d_SSXY,https://www.youtube.com/watch?v=G6ZV9d_SSXY,0,2183,0,0,UCcROxwq_GajcurqLI7zGFfw,Hà Nội ngày thực hiện giãn cách phòng Covid 2021 (21 812),
Hanoi,,21.0283334,105.854041,v2aaINR154Y,https://www.youtube.com/watch?v=v2aaINR154Y,0,2323,1,0,UCcROxwq_GajcurqLI7zGFfw,ĐƯỜNG PHỐ HÀ NỘI CUỐI THU 2023 (23 083),night(label)
Hanoi,,21.0283334,105.854041,3DlUkLGUfI8,https://www.youtube.com/watch?v=3DlUkLGUfI8,0,393,1,0,UCcROxwq_GajcurqLI7zGFfw,"Cầu Nhật Tân Hà Nội, năm 2019",night(label)
Hanoi,,21.0283334,105.854041,kKZ2Cs-gxp0,https://www.youtube.com/watch?v=kKZ2Cs-gxp0,0,849,0,0,UCcROxwq_GajcurqLI7zGFfw,Đê Sông Hồng qua Trung Tâm Hà Nội,
Hanoi,,21.0283334,105.854041,qAtkWhBLJok,https://www.youtube.com/watch?v=qAtkWhBLJok,0,1841,0,0,UCcROxwq_GajcurqLI7zGFfw,"Hà Nội ơi, những con đường góc phố ngày Giãn cách (T6)",
Hanoi,,21.0283334,105.854041,2yBl3h1Byms,https://www.youtube.com/watch?v=2yBl3h1Byms,0,1142,0,0,UCcROxwq_GajcurqLI7zGFfw,Hà Nội mùa Noel (24 12112),tet/holiday
Hanoi,,21.0283334,105.854041,ghHgNGjjIqA,https://www.youtube.com/watch?v=ghHgNGjjIqA,0,530,0,0,UCcROxwq_GajcurqLI7zGFfw,HÀ NỘI TẾT NĂM TÂN SỬU (2021) THỜI COVID (Đường Chùa Bộc - Chợ Kim Liên - ven sông Lừ),tet/holiday
Hanoi,,21.0283334,105.854041,bD7kTgxx_98,https://www.youtube.com/watch?v=bD7kTgxx_98,0,880,1,0,UCcROxwq_GajcurqLI7zGFfw,Hà Nội sau Mưa siêu bão Yagi (24 962),rain;night(label)
Hanoi,,21.0283334,105.854041,RM2o3rGidyU,https://www.youtube.com/watch?v=RM2o3rGidyU,0,1985,1,0,UCcROxwq_GajcurqLI7zGFfw,Trung Thu Hà Nôi năm 2024 (24 973),night(label)
Hanoi,,21.0283334,105.854041,C2irXlLMiUI,https://www.youtube.com/watch?v=C2irXlLMiUI,0,2661,1,0,UCcROxwq_GajcurqLI7zGFfw,CHUYỂN ĐỘNG HƯỚNG XA TÂM HÀ THÀNH (23 093),night(label)
Hanoi,,21.0283334,105.854041,156oGd9RkiU,https://www.youtube.com/watch?v=156oGd9RkiU,0,451,0,0,UCcROxwq_GajcurqLI7zGFfw,"VÀNH ĐAI 3 TRÊN CAO HÀ NỘI, THỜI COVID 2020",
Hanoi,,21.0283334,105.854041,1aLexX-DoHI,https://www.youtube.com/watch?v=1aLexX-DoHI,0,531,0,0,UCcROxwq_GajcurqLI7zGFfw,Đường Giải Phóng Hà Nội tháng 4 năm 2021,
Hanoi,,21.0283334,105.854041,ndLXTmhvvDQ,https://www.youtube.com/watch?v=ndLXTmhvvDQ,0,1036,1,0,UCcROxwq_GajcurqLI7zGFfw,"CHUYỂN ĐỘNG ĐẦU NĂM 2024, HÀ NỘI (24 122)",night(label)
Hanoi,,21.0283334,105.854041,4xGXCZ1Hzv8,https://www.youtube.com/watch?v=4xGXCZ1Hzv8,0,1025,0,0,UCcROxwq_GajcurqLI7zGFfw,Hà Nội năm 2025 [25 392],
Hanoi,,21.0283334,105.854041,MS0Rdc2Dl6I,https://www.youtube.com/watch?v=MS0Rdc2Dl6I,0,361,0,0,UCcROxwq_GajcurqLI7zGFfw,"ĐƯỜNG GIẢI PHÓNG - PHỐ VỌNG, HÀ NỘI NĂM 2020",
Hanoi,,21.0283334,105.854041,01LRK0PN4ms,https://www.youtube.com/watch?v=01LRK0PN4ms,0,1594,1,0,UCcROxwq_GajcurqLI7zGFfw,"Chập choạng tối Hà Nội, mùa Hè năm 2021",night
Hanoi,,21.0283334,105.854041,CQ9LQqZFbtc,https://www.youtube.com/watch?v=CQ9LQqZFbtc,0,31,0,0,UCcROxwq_GajcurqLI7zGFfw,Hà Nội ơi (067) Cầu Đuống,
Hanoi,,21.0283334,105.854041,CQ9LQqZFbtc,https://www.youtube.com/watch?v=CQ9LQqZFbtc,32,54,0,0,UCcROxwq_GajcurqLI7zGFfw,Hà Nội ơi (067) Cầu Đuống,
Hanoi,,21.0283334,105.854041,CQ9LQqZFbtc,https://www.youtube.com/watch?v=CQ9LQqZFbtc,55,395,0,0,UCcROxwq_GajcurqLI7zGFfw,Hà Nội ơi (067) Cầu Đuống,
Hanoi,,21.0283334,105.854041,CQ9LQqZFbtc,https://www.youtube.com/watch?v=CQ9LQqZFbtc,395,533,0,0,UCcROxwq_GajcurqLI7zGFfw,Hà Nội ơi (067) Cầu Đuống,
Hanoi,,21.0283334,105.854041,CQ9LQqZFbtc,https://www.youtube.com/watch?v=CQ9LQqZFbtc,534,680,0,0,UCcROxwq_GajcurqLI7zGFfw,Hà Nội ơi (067) Cầu Đuống,
Hanoi,,21.0283334,105.854041,CQ9LQqZFbtc,https://www.youtube.com/watch?v=CQ9LQqZFbtc,681,907,0,0,UCcROxwq_GajcurqLI7zGFfw,Hà Nội ơi (067) Cầu Đuống,
Hanoi,,21.0283334,105.854041,gS3ubEchglI,https://www.youtube.com/watch?v=gS3ubEchglI,0,2306,1,0,UCcROxwq_GajcurqLI7zGFfw,Hà Nội năm 2024 (24 1083),night(label)
Hanoi,,21.0283334,105.854041,rl14g3em3SA,https://www.youtube.com/watch?v=rl14g3em3SA,0,327,0,0,UCcROxwq_GajcurqLI7zGFfw,Hà Nội một chiều tháng 7 năm 2020,
Hanoi,,21.0283334,105.854041,9yETZThzai4,https://www.youtube.com/watch?v=9yETZThzai4,0,2113,1,0,UCcROxwq_GajcurqLI7zGFfw,Hà Nội mùa Thu (24 963),night(label)
Hanoi,,21.0283334,105.854041,xfu2MdS0BgU,https://www.youtube.com/watch?v=xfu2MdS0BgU,0,292,0,0,UCcROxwq_GajcurqLI7zGFfw,"Cuộc sống bình thường Mới, Đường phố nhộn nhịp Cũ (Hà Nội tháng 11 năm 2021)",
Hanoi,,21.0283334,105.854041,xfu2MdS0BgU,https://www.youtube.com/watch?v=xfu2MdS0BgU,293,2307,1,0,UCcROxwq_GajcurqLI7zGFfw,"Cuộc sống bình thường Mới, Đường phố nhộn nhịp Cũ (Hà Nội tháng 11 năm 2021)",night(label)
Hanoi,,21.0283334,105.854041,UlSVz66CbkA,https://www.youtube.com/watch?v=UlSVz66CbkA,0,3024,0,0,UCcROxwq_GajcurqLI7zGFfw,"DÒNG NGƯỜI & XE HÀ NỘI, CUỐI NĂM QUÝ MÃO (24 188)",
Hanoi,,21.0283334,105.854041,K1f7shudtnE,https://www.youtube.com/watch?v=K1f7shudtnE,0,1034,0,0,UCcROxwq_GajcurqLI7zGFfw,Hà Nội năm 2025 [25 3511],
Hanoi,,21.0283334,105.854041,v-V89pYNjDE,https://www.youtube.com/watch?v=v-V89pYNjDE,0,1811,0,0,UCcROxwq_GajcurqLI7zGFfw,Hà Nội vào Thu thời Covid,
Hanoi,,21.0283334,105.854041,0raxevtMwTA,https://www.youtube.com/watch?v=0raxevtMwTA,0,2704,0,0,UCcROxwq_GajcurqLI7zGFfw,"Yên Bình vùng ngoại ô Hà Nội, thời Covid năm 2021",
Hanoi,,21.0283334,105.854041,l7dm_6Rg2m8,https://www.youtube.com/watch?v=l7dm_6Rg2m8,0,1177,0,0,UCcROxwq_GajcurqLI7zGFfw,lần đầu tôi thấy Hồ Gươm Hoàn Kiếm thủ đô Hà Nội... Yên Tĩnh đến lạ thường!,
Hanoi,,21.0283334,105.854041,cWWo7zczULg,https://www.youtube.com/watch?v=cWWo7zczULg,0,1493,0,0,UCcROxwq_GajcurqLI7zGFfw,"toàn cảnh khu ven sông Hồng (Phúc Xá, An Dương, Tứ Liên) Hà Nội 24/07/2021",
Hanoi,,21.0283334,105.854041,6F0SV97xv4g,https://www.youtube.com/watch?v=6F0SV97xv4g,0,2106,1,0,UCcROxwq_GajcurqLI7zGFfw,HÀ NỘI CUỐI THU 2022 (22 534),night(label)
Hanoi,,21.0283334,105.854041,461nk1s2wdc,https://www.youtube.com/watch?v=461nk1s2wdc,0,399,1,0,UCcROxwq_GajcurqLI7zGFfw,"KẸT XE Ở CỬA NGÕ PHÁP VÂN HÀ NỘI, THÁNG GIÊNG NĂM 2021 THỜI COVID",rush/jam;night(label)
Hanoi,,21.0283334,105.854041,RzRiaODGaLs,https://www.youtube.com/watch?v=RzRiaODGaLs,0,1486,0,0,UCcROxwq_GajcurqLI7zGFfw,"Vẻ Đẹp Mùa Thu Hà Nội, tháng 8 năm 2024 trước khi Bão Yagi đến (24 884)",rain
Hanoi,,21.0283334,105.854041,L5SYgGEeSUw,https://www.youtube.com/watch?v=L5SYgGEeSUw,0,441,1,0,UCcROxwq_GajcurqLI7zGFfw,5 GIỜ SÁNG HÀ NỘI (QUA CẦU NHẬT TÂN) NGÀY MÙA ĐÔNG ĐẦU NĂM 2021 THỜI COVID,night(label)
Hanoi,,21.0283334,105.854041,M594gdJ6yOI,https://www.youtube.com/watch?v=M594gdJ6yOI,0,531,0,0,UCcROxwq_GajcurqLI7zGFfw,vào Hà Nội giờ cao điểm,rush/jam
Hanoi,,21.0283334,105.854041,Gfa89eUK0Cw,https://www.youtube.com/watch?v=Gfa89eUK0Cw,0,2126,0,0,UCcROxwq_GajcurqLI7zGFfw,mưa mùa Thu con đường Đê ở Thường Tín vào Hà Thành,rain
Hanoi,,21.0283334,105.854041,IZvTmkS8GpU,https://www.youtube.com/watch?v=IZvTmkS8GpU,0,4537,0,0,UCcROxwq_GajcurqLI7zGFfw,HÀ NỘI NGÀY MÙA ĐÔNG LẠNH GIÁ NĂM 2024 (24 147),
Hanoi,,21.0283334,105.854041,0Bn4X94X69E,https://www.youtube.com/watch?v=0Bn4X94X69E,0,1991,0,0,UCcROxwq_GajcurqLI7zGFfw,"nhớ về Hà Nội,... những ngày hàng quán đóng & đường phố vắng, năm 2021 (NXH 2122)",
Hanoi,,21.0283334,105.854041,tA9s7TiDZ1A,https://www.youtube.com/watch?v=tA9s7TiDZ1A,0,471,1,0,UCcROxwq_GajcurqLI7zGFfw,đường phố Hà Nội khi xuất hiện những ca F0 mới đợt Dịch thứ Tư (giữa tháng 7 năm 2021),night(label)
Hanoi,,21.0283334,105.854041,tA9s7TiDZ1A,https://www.youtube.com/watch?v=tA9s7TiDZ1A,472,1626,0,0,UCcROxwq_GajcurqLI7zGFfw,đường phố Hà Nội khi xuất hiện những ca F0 mới đợt Dịch thứ Tư (giữa tháng 7 năm 2021),
Hanoi,,21.0283334,105.854041,UX87RkQ_PfU,https://www.youtube.com/watch?v=UX87RkQ_PfU,0,530,1,0,UCcROxwq_GajcurqLI7zGFfw,"8h tối quận Hoàn Kiếm Hà Nội, năm 2019",night
Hanoi,,21.0283334,105.854041,ZokG7_pIg_w,https://www.youtube.com/watch?v=ZokG7_pIg_w,0,530,0,0,UCcROxwq_GajcurqLI7zGFfw,"NÂNG CẤP QUỐC LỘ 1A, ĐOẠN QUA THƯỜNG TÍN HÀ NỘI ....",
Hanoi,,21.0283334,105.854041,sjOryyYqHvM,https://www.youtube.com/watch?v=sjOryyYqHvM,0,1711,1,0,UCcROxwq_GajcurqLI7zGFfw,HÀ NỘI MÙA ĐÔNG NĂM 2024 (24 155),night(label)
Hanoi,,21.0283334,105.854041,_4el5QMKmSc,https://www.youtube.com/watch?v=_4el5QMKmSc,0,531,1,0,UCcROxwq_GajcurqLI7zGFfw,9h tối loanh quanh phố cổ Hoàn Kiếm Hà Nội,night
Hanoi,,21.0283334,105.854041,6sSHedi2EUY,https://www.youtube.com/watch?v=6sSHedi2EUY,0,1553,0,0,UCcROxwq_GajcurqLI7zGFfw,"Vẻ Đẹp Mùa Thu Hà Nội, tháng 8 năm 2024 trước khi Bão Yagi đến (24 8909)",rain
Hanoi,,21.0283334,105.854041,6sSHedi2EUY,https://www.youtube.com/watch?v=6sSHedi2EUY,1554,1880,1,0,UCcROxwq_GajcurqLI7zGFfw,"Vẻ Đẹp Mùa Thu Hà Nội, tháng 8 năm 2024 trước khi Bão Yagi đến (24 8909)",rain;night(label)
Hanoi,,21.0283334,105.854041,kUWo-OlZx54,https://www.youtube.com/watch?v=kUWo-OlZx54,0,1284,0,0,UCcROxwq_GajcurqLI7zGFfw,"chỉ loanh quanh Hà Nội, không thể đi xa những ngày cuối tuần, phòng chống covid... !",
Hanoi,,21.0283334,105.854041,SNznPyCE6-o,https://www.youtube.com/watch?v=SNznPyCE6-o,0,343,0,0,UCcROxwq_GajcurqLI7zGFfw,"Hà Nội, tháng 4 năm 2021",
Hanoi,,21.0283334,105.854041,JCQBE8i3vnY,https://www.youtube.com/watch?v=JCQBE8i3vnY,0,1364,0,0,UCcROxwq_GajcurqLI7zGFfw,Hà Nội đầu mùa Hè năm 2025 [25 564],
Hanoi,,21.0283334,105.854041,dcShRD5SaTA,https://www.youtube.com/watch?v=dcShRD5SaTA,0,2156,1,0,UCcROxwq_GajcurqLI7zGFfw,"Hà Nội ngày cận Tểt Nhâm Dần, thời Covid 2022",night(label)
Hanoi,,21.0283334,105.854041,0-32MkWvrYw,https://www.youtube.com/watch?v=0-32MkWvrYw,0,2796,1,0,UCcROxwq_GajcurqLI7zGFfw,"Hà Nội thích ứng an toàn cùng Covid, tháng 12 năm 2021",night(label)
Hanoi,,21.0283334,105.854041,3P2CA9OFRaY,https://www.youtube.com/watch?v=3P2CA9OFRaY,0,336,1,0,UCcROxwq_GajcurqLI7zGFfw,Toà Nhà Hàm Cá Mập Hà Nội năm 2025 [25 481],night(label)
Hanoi,,21.0283334,105.854041,e5c7R77qgms,https://www.youtube.com/watch?v=e5c7R77qgms,0,2350,0,0,UCcROxwq_GajcurqLI7zGFfw,"đường phố Hà Nội, bình thường mới năm 2021",
Hanoi,,21.0283334,105.854041,_UsBnah2XVw,https://www.youtube.com/watch?v=_UsBnah2XVw,44,429,1,0,UCcROxwq_GajcurqLI7zGFfw,"Good Morning Hanoi, December 2021",night(label)
Hanoi,,21.0283334,105.854041,_UsBnah2XVw,https://www.youtube.com/watch?v=_UsBnah2XVw,430,2407,0,0,UCcROxwq_GajcurqLI7zGFfw,"Good Morning Hanoi, December 2021",
Hanoi,,21.0283334,105.854041,fM08oBZJf7U,https://www.youtube.com/watch?v=fM08oBZJf7U,0,4631,1,0,UCcROxwq_GajcurqLI7zGFfw,HÀ NỘI CHIỀU 13 THÁNG 12 NĂM 2023 (23 818),night(label)
Hanoi,,21.0283334,105.854041,7hXtyAzH8VQ,https://www.youtube.com/watch?v=7hXtyAzH8VQ,136,1729,0,0,UCcROxwq_GajcurqLI7zGFfw,Mưa Phùn đặc thù của Hà Nội [25 2903],rain
Hanoi,,21.0283334,105.854041,qfKD2w3DlNU,https://www.youtube.com/watch?v=qfKD2w3DlNU,0,1729,1,0,UCcROxwq_GajcurqLI7zGFfw,"[T4] Đi Bão !!! [đoạn phố Trần Hưng Đạo, phố Lý Thường Kiệt ... ]",rain;night(label)
Hanoi,,21.0283334,105.854041,So483KCD95Y,https://www.youtube.com/watch?v=So483KCD95Y,117,2133,0,0,UCcROxwq_GajcurqLI7zGFfw,Hà Nội ngày 30 tháng 4 năm 2022,
Hanoi,,21.0283334,105.854041,YUot4PixEUo,https://www.youtube.com/watch?v=YUot4PixEUo,0,3191,1,0,UCcROxwq_GajcurqLI7zGFfw,Trung Thu Hà Nôi năm 2024 (24 971),night(label)
Hanoi,,21.0283334,105.854041,ENTaKPobESA,https://www.youtube.com/watch?v=ENTaKPobESA,0,531,0,0,UCcROxwq_GajcurqLI7zGFfw,"Mưa trên đường Giải Phóng - Đại Cồ Việt, Hà Nội năm 2021",rain
Hanoi,,21.0283334,105.854041,t6JdETMKcE4,https://www.youtube.com/watch?v=t6JdETMKcE4,0,530,0,0,UCcROxwq_GajcurqLI7zGFfw,"ĐƯỜNG PHỐ NGUYỄN AN NINH, QUẬN HOÀNG MAI HÀ NỘI 202O THỜI COVID",
Hanoi,,21.0283334,105.854041,8lrmuZ6NXRg,https://www.youtube.com/watch?v=8lrmuZ6NXRg,40,1372,0,0,UCcROxwq_GajcurqLI7zGFfw,Hà Nội năm 2024 (24 12113),
Hanoi,,21.0283334,105.854041,FZk_cFXdNj0,https://www.youtube.com/watch?v=FZk_cFXdNj0,0,590,0,0,UCcROxwq_GajcurqLI7zGFfw,HÀ NỘI NGÀY PHÒNG COVID NĂM 2021 (21 039),
Hanoi,,21.0283334,105.854041,FZk_cFXdNj0,https://www.youtube.com/watch?v=FZk_cFXdNj0,591,1105,0,0,UCcROxwq_GajcurqLI7zGFfw,HÀ NỘI NGÀY PHÒNG COVID NĂM 2021 (21 039),
Hanoi,,21.0283334,105.854041,FZk_cFXdNj0,https://www.youtube.com/watch?v=FZk_cFXdNj0,1106,1150,0,0,UCcROxwq_GajcurqLI7zGFfw,HÀ NỘI NGÀY PHÒNG COVID NĂM 2021 (21 039),
Hanoi,,21.0283334,105.854041,FZk_cFXdNj0,https://www.youtube.com/watch?v=FZk_cFXdNj0,1151,2237,1,0,UCcROxwq_GajcurqLI7zGFfw,HÀ NỘI NGÀY PHÒNG COVID NĂM 2021 (21 039),night(label)
Hanoi,,21.0283334,105.854041,FZk_cFXdNj0,https://www.youtube.com/watch?v=FZk_cFXdNj0,2238,2708,1,0,UCcROxwq_GajcurqLI7zGFfw,HÀ NỘI NGÀY PHÒNG COVID NĂM 2021 (21 039),night(label)
Hanoi,,21.0283334,105.854041,IwoZWjhujxI,https://www.youtube.com/watch?v=IwoZWjhujxI,0,359,0,0,UCcROxwq_GajcurqLI7zGFfw,HÀ NỘI NĂM 2024 (24 782),
Hanoi,,21.0283334,105.854041,IwoZWjhujxI,https://www.youtube.com/watch?v=IwoZWjhujxI,360,1366,1,0,UCcROxwq_GajcurqLI7zGFfw,HÀ NỘI NĂM 2024 (24 782),night(label)
Hanoi,,21.0283334,105.854041,v_NRNnpJ_dk,https://www.youtube.com/watch?v=v_NRNnpJ_dk,0,1594,0,0,UCcROxwq_GajcurqLI7zGFfw,"chiều Hà Nội, ngày 24 tháng 7 năm 2021, thực hiện giãn cách xã hội toàn thành phố (T7)",
Hanoi,,21.0283334,105.854041,eJR_am5tm5A,https://www.youtube.com/watch?v=eJR_am5tm5A,0,1024,0,0,UCcROxwq_GajcurqLI7zGFfw,CHUYỂN ĐỘNG HÀ NỘI (23 072),
Hanoi,,21.0283334,105.854041,eJR_am5tm5A,https://www.youtube.com/watch?v=eJR_am5tm5A,1025,3406,1,0,UCcROxwq_GajcurqLI7zGFfw,CHUYỂN ĐỘNG HÀ NỘI (23 072),night(label)
Hanoi,,21.0283334,105.854041,unvX38NsmKo,https://www.youtube.com/watch?v=unvX38NsmKo,0,392,0,0,UCcROxwq_GajcurqLI7zGFfw,Hà Nội ơi (413) Xuân Mai,
Hanoi,,21.0283334,105.854041,CcMnTfvhYRM,https://www.youtube.com/watch?v=CcMnTfvhYRM,0,368,0,0,UCcROxwq_GajcurqLI7zGFfw,Hà Nội ơi (028),
Hanoi,,21.0283334,105.854041,2QxwTIsc8mU,https://www.youtube.com/watch?v=2QxwTIsc8mU,0,2497,1,0,UCcROxwq_GajcurqLI7zGFfw,"QL1A cũ vào Phú Xuyên Thường Tín, Hà Nội (24 955)",night(label)
Hanoi,,21.0283334,105.854041,V83W8WT9S9E,https://www.youtube.com/watch?v=V83W8WT9S9E,0,530,0,0,UCcROxwq_GajcurqLI7zGFfw,ĐƯỜNG VÀNH ĐAI 3.5 HÀ NỘI NĂM 202O THỜI COVID,
Hanoi,,21.0283334,105.854041,vKVBsHs5ZTg,https://www.youtube.com/watch?v=vKVBsHs5ZTg,0,1549,0,0,UCcROxwq_GajcurqLI7zGFfw,"Hà Nội ngày Nắng Nóng, Hè năm 2023",
Hanoi,,21.0283334,105.854041,_DFS9HxlYiU,https://www.youtube.com/watch?v=_DFS9HxlYiU,0,1729,1,0,UCcROxwq_GajcurqLI7zGFfw,Hà Nội mùa Noel 2024 (24 12107),tet/holiday;night(label)
Hanoi,,21.0283334,105.854041,JWD9H396cgY,https://www.youtube.com/watch?v=JWD9H396cgY,0,1728,0,0,UCcROxwq_GajcurqLI7zGFfw,Mưa Xuân Mưa Phùn vành đai 3 Hà Nội [25 2904],rain
Hanoi,,21.0283334,105.854041,7o5V2kHQE_s,https://www.youtube.com/watch?v=7o5V2kHQE_s,0,1095,0,0,UCcROxwq_GajcurqLI7zGFfw,Hà Nội tháng 3 năm 2022,
Hanoi,,21.0283334,105.854041,wnnciXYYrG8,https://www.youtube.com/watch?v=wnnciXYYrG8,0,247,0,0,UCcROxwq_GajcurqLI7zGFfw,HÀ NỘI THÁNG 3 NĂM 2024 (24 364),
Hanoi,,21.0283334,105.854041,wnnciXYYrG8,https://www.youtube.com/watch?v=wnnciXYYrG8,248,1520,1,0,UCcROxwq_GajcurqLI7zGFfw,HÀ NỘI THÁNG 3 NĂM 2024 (24 364),night(label)
Hanoi,,21.0283334,105.854041,ynKk0ZWqL2o,https://www.youtube.com/watch?v=ynKk0ZWqL2o,0,3339,0,0,UCcROxwq_GajcurqLI7zGFfw,CHUYỂN ĐỘNG HÀ NỘI (23 512),
Hanoi,,21.0283334,105.854041,Om_32svaH-E,https://www.youtube.com/watch?v=Om_32svaH-E,0,2352,0,0,UCcROxwq_GajcurqLI7zGFfw,"Hà Nội mùa Thu, những ngày giãn cách năm 2021 (T1)",
Hanoi,,21.0283334,105.854041,SvXP5wCY3GI,https://www.youtube.com/watch?v=SvXP5wCY3GI,0,1654,1,0,UCcROxwq_GajcurqLI7zGFfw,Đường Phố Hà Nội  đêm Giao Thừa năm Ất Tỵ (25 0201),night
Hanoi,,21.0283334,105.854041,Grxw27w6IjM,https://www.youtube.com/watch?v=Grxw27w6IjM,0,531,1,0,UCcROxwq_GajcurqLI7zGFfw,mưa đêm Giao Thừa năm Kỷ Tỵ (2020),rain;night
Hanoi,,21.0283334,105.854041,P1o_0lWWNJI,https://www.youtube.com/watch?v=P1o_0lWWNJI,10,2383,0,0,UCcROxwq_GajcurqLI7zGFfw,Hà Nội năm 2021 (21 128),
Hanoi,,21.0283334,105.854041,4QamsnDyk8k,https://www.youtube.com/watch?v=4QamsnDyk8k,0,2689,0,0,UCcROxwq_GajcurqLI7zGFfw,đường phố Hà Nội tháng 6 có gì mới lạ [25 624],
Hanoi,,21.0283334,105.854041,SrGXMBiS6xE,https://www.youtube.com/watch?v=SrGXMBiS6xE,0,1905,0,0,UCcROxwq_GajcurqLI7zGFfw,"những hình ảnh hiếm có của Hà Nội, các cửa hàng tạm đóng cửa, đường phố tĩnh lặng!",
Hanoi,,21.0283334,105.854041,R_xMFu-8jlU,https://www.youtube.com/watch?v=R_xMFu-8jlU,0,531,0,0,UCcROxwq_GajcurqLI7zGFfw,"Thường Tín - Pháp Vân, Hà Nội",
Hanoi,,21.0283334,105.854041,3Kpt5h3Xwms,https://www.youtube.com/watch?v=3Kpt5h3Xwms,0,771,0,0,UCcROxwq_GajcurqLI7zGFfw,"đường phố Hà Nội, bình thường mới năm 2021",
Hanoi,,21.0283334,105.854041,3mByRJglPvI,https://www.youtube.com/watch?v=3mByRJglPvI,0,1086,0,0,UCcROxwq_GajcurqLI7zGFfw,"Đường Phố Hà Nội, ngày 30 Tết năm Ất Tỵ (25 0112)",tet/holiday
Hanoi,,21.0283334,105.854041,5MWLVXrquos,https://www.youtube.com/watch?v=5MWLVXrquos,0,810,1,0,UCcROxwq_GajcurqLI7zGFfw,Hà Nội 10PM (24 1252),night(label)
Hanoi,,21.0283334,105.854041,R0-OnHYVyqw,https://www.youtube.com/watch?v=R0-OnHYVyqw,0,914,0,0,UCcROxwq_GajcurqLI7zGFfw,Mưa Phùn Vùng Ngoại Ô,rain
Hanoi,,21.0283334,105.854041,b7S4_4SZvNA,https://www.youtube.com/watch?v=b7S4_4SZvNA,0,1366,0,0,UCcROxwq_GajcurqLI7zGFfw,"CHUYỂN ĐỘNG ÊM ĐỀM HÀ NỘI NĂM 2021, THỜI PHÒNG COVID!",
Hanoi,,21.0283334,105.854041,YujgiUSYwQc,https://www.youtube.com/watch?v=YujgiUSYwQc,0,1046,0,0,UCcROxwq_GajcurqLI7zGFfw,"Hà Nội bình tĩnh trước thử thách mỗi ngày hơn 30,000 F0",
Hanoi,,21.0283334,105.854041,c3Tptnc1c4c,https://www.youtube.com/watch?v=c3Tptnc1c4c,0,530,1,0,UCcROxwq_GajcurqLI7zGFfw,Hà Nội ơi (137) Dạo Phố Đêm,night
Hanoi,,21.0283334,105.854041,-zL8albhct4,https://www.youtube.com/watch?v=-zL8albhct4,0,2945,0,0,UCcROxwq_GajcurqLI7zGFfw,Hà Nội tháng 4 năm 2025 [25 441],
Hanoi,,21.0283334,105.854041,phFEMTb7LnA,https://www.youtube.com/watch?v=phFEMTb7LnA,0,530,1,0,UCcROxwq_GajcurqLI7zGFfw,5 GIỜ SÁNG HÀ NỘI NGÀY MÙA ĐÔNG ĐẦU NĂM 2021 THỜI COVID,night(label)
Hanoi,,21.0283334,105.854041,KtQtL-vze54,https://www.youtube.com/watch?v=KtQtL-vze54,125,2616,0,0,UCcROxwq_GajcurqLI7zGFfw,Đường Phố Hà Nội năm 2024 (24 978),
Hanoi,,21.0283334,105.854041,1Ky53BrmQg4,https://www.youtube.com/watch?v=1Ky53BrmQg4,0,2086,0,0,UCcROxwq_GajcurqLI7zGFfw,"Bắc Hồng & Nam Hồng, Đông Anh ngoại ô Hà Nội, cuối Thu cuối mùa Covid",
Hanoi,,21.0283334,105.854041,SmA2SNPe-Rs,https://www.youtube.com/watch?v=SmA2SNPe-Rs,0,304,1,0,UCcROxwq_GajcurqLI7zGFfw,ĐƯỜNG LÊ DUẨN HÀ NỘI TUẦN CUỐI THÁNG GIÊNG NĂM 2021 THỜI COVID,night(label)
Hanoi,,21.0283334,105.854041,lKV8ybyj3xY,https://www.youtube.com/watch?v=lKV8ybyj3xY,0,1814,0,0,UCcROxwq_GajcurqLI7zGFfw,Lang Thang Làng Gốm Bát Tràng,
Hanoi,,21.0283334,105.854041,hXndwCle7gc,https://www.youtube.com/watch?v=hXndwCle7gc,0,3034,1,0,UCcROxwq_GajcurqLI7zGFfw,HÀ NỘI NĂM 2024 (24 467),night(label)
Hanoi,,21.0283334,105.854041,ry2-ixbnoXE,https://www.youtube.com/watch?v=ry2-ixbnoXE,0,4266,0,0,UCcROxwq_GajcurqLI7zGFfw,"HÀ ĐÔNG, QL6, NGÀY CẬN TẾT GIÁP THÌN, HÀ NỘI ĐẦU NĂM 2024 (24 174)",tet/holiday
Hanoi,,21.0283334,105.854041,lREMb_s5jvY,https://www.youtube.com/watch?v=lREMb_s5jvY,0,982,0,0,UCcROxwq_GajcurqLI7zGFfw,Review Hanoi,
Hanoi,,21.0283334,105.854041,lREMb_s5jvY,https://www.youtube.com/watch?v=lREMb_s5jvY,1446,2485,0,0,UCcROxwq_GajcurqLI7zGFfw,Review Hanoi,
Hanoi,,21.0283334,105.854041,YCEqD9SC8p0,https://www.youtube.com/watch?v=YCEqD9SC8p0,0,1975,0,0,UCcROxwq_GajcurqLI7zGFfw,lặng lẽ mùa thu Hà Nội,
Hanoi,,21.0283334,105.854041,S_A6FyB2goc,https://www.youtube.com/watch?v=S_A6FyB2goc,0,379,0,0,UCcROxwq_GajcurqLI7zGFfw,"Hà Nội một mùa Thu đặc biệt, trên con đường đê ngắm hai tầng cầu Thăng Long lịch sử",
Hanoi,,21.0283334,105.854041,S_A6FyB2goc,https://www.youtube.com/watch?v=S_A6FyB2goc,380,713,0,0,UCcROxwq_GajcurqLI7zGFfw,"Hà Nội một mùa Thu đặc biệt, trên con đường đê ngắm hai tầng cầu Thăng Long lịch sử",
Hanoi,,21.0283334,105.854041,bVNy48gwHVg,https://www.youtube.com/watch?v=bVNy48gwHVg,0,1993,0,0,UCcROxwq_GajcurqLI7zGFfw,HÀ NỘI NĂM 2024 (24 353),
Hanoi,,21.0283334,105.854041,2uDBtG5BrMc,https://www.youtube.com/watch?v=2uDBtG5BrMc,0,515,0,0,UCcROxwq_GajcurqLI7zGFfw,ĐƯỜNG PHỐ HÀ NỘI THÁNG 10 NĂM 2020,
Hanoi,,21.0283334,105.854041,qhGXcUir47U,https://www.youtube.com/watch?v=qhGXcUir47U,0,1310,0,0,UCcROxwq_GajcurqLI7zGFfw,HÀ NỘI ... Mưa Rả Rích Suốt mấy Ngày cuối tháng 10 năm 2021,rain
Hanoi,,21.0283334,105.854041,x_s-nGFHup4,https://www.youtube.com/watch?v=x_s-nGFHup4,0,1437,0,0,UCcROxwq_GajcurqLI7zGFfw,6h chiều Hà Nội ngày Giãn cách,
Hanoi,,21.0283334,105.854041,x_s-nGFHup4,https://www.youtube.com/watch?v=x_s-nGFHup4,1438,1830,1,0,UCcROxwq_GajcurqLI7zGFfw,6h chiều Hà Nội ngày Giãn cách,night(label)
Hanoi,,21.0283334,105.854041,h3S0stYiOL8,https://www.youtube.com/watch?v=h3S0stYiOL8,53,2226,0,0,UCcROxwq_GajcurqLI7zGFfw,CHUYỂN ĐỘNG HÀ NỘI (23 035),
Hanoi,,21.0283334,105.854041,b-wNCi9wekE,https://www.youtube.com/watch?v=b-wNCi9wekE,0,530,1,0,UCcROxwq_GajcurqLI7zGFfw,Mưa trên phố Hà Nội,rain;night(label)
Hanoi,,21.0283334,105.854041,ngi0KVwHpQ8,https://www.youtube.com/watch?v=ngi0KVwHpQ8,0,2125,0,0,UCcROxwq_GajcurqLI7zGFfw,"nhiều cửa hàng ở Hà Nội bắt đầu tạm đóng cửa, tháng 7 năm 2021",
Hanoi,,21.0283334,105.854041,7YgF30vDHR4,https://www.youtube.com/watch?v=7YgF30vDHR4,115,1729,0,0,UCcROxwq_GajcurqLI7zGFfw,Hà Nội Mưa & Rét 14 độC [25 20801],rain
Hanoi,,21.0283334,105.854041,NTNSIV-TlpA,https://www.youtube.com/watch?v=NTNSIV-TlpA,0,1819,0,0,UCcROxwq_GajcurqLI7zGFfw,"DÒNG NGƯỜI & XE, HÀ NỘI TUẦN CUỐI CÙNG NĂM QUÝ MÃO (24 178)",
Hanoi,,21.0283334,105.854041,ZwGt1tLf_tM,https://www.youtube.com/watch?v=ZwGt1tLf_tM,0,1838,0,0,UCcROxwq_GajcurqLI7zGFfw,Hà Nội tháng 10 năm 2021,
Hanoi,,21.0283334,105.854041,yTlLy9iWocs,https://www.youtube.com/watch?v=yTlLy9iWocs,0,1729,0,0,UCcROxwq_GajcurqLI7zGFfw,Hà Nội năm 2025 (25 0209),
Hanoi,,21.0283334,105.854041,vO938SM-txc,https://www.youtube.com/watch?v=vO938SM-txc,0,485,0,0,UCcROxwq_GajcurqLI7zGFfw,"ĐƯỜNG VÀNH ĐAI 2 HÀ NÔI,THỜI COVID 2021",
Hanoi,,21.0283334,105.854041,QFkLk-j3GsY,https://www.youtube.com/watch?v=QFkLk-j3GsY,0,531,0,0,UCcROxwq_GajcurqLI7zGFfw,ĐẠI LỘ THĂNG LONG HÀ NỘI,
Hanoi,,21.0283334,105.854041,WGrhdq4i8X4,https://www.youtube.com/watch?v=WGrhdq4i8X4,0,1233,0,0,UCcROxwq_GajcurqLI7zGFfw,Hà Nội năm 2024 (24 854),
Hanoi,,21.0283334,105.854041,Wtgz77kTP2s,https://www.youtube.com/watch?v=Wtgz77kTP2s,0,90,0,0,UCcROxwq_GajcurqLI7zGFfw,"HÀ NỘI VÀO HÈ, MÙA HOA BẰNG LĂNG MÙA HOA PHƯỢNG (24 572)",
Hanoi,,21.0283334,105.854041,Wtgz77kTP2s,https://www.youtube.com/watch?v=Wtgz77kTP2s,433,3646,0,0,UCcROxwq_GajcurqLI7zGFfw,"HÀ NỘI VÀO HÈ, MÙA HOA BẰNG LĂNG MÙA HOA PHƯỢNG (24 572)",
Hanoi,,21.0283334,105.854041,mvzUPyGGtOU,https://www.youtube.com/watch?v=mvzUPyGGtOU,25,4783,1,0,UCcROxwq_GajcurqLI7zGFfw,hạt Mưa ánh Đèn dòng Xe ùn ứứứ! Hà Nội ơi tháng 10  năm 2021,rain;night(label)
Hanoi,,21.0283334,105.854041,R7LfRrMPUXU,https://www.youtube.com/watch?v=R7LfRrMPUXU,106,2130,1,0,UCcROxwq_GajcurqLI7zGFfw,CHUYỂN ĐỘNG HÀ NỘI LÚC 8h (23 090),night(label)
Hanoi,,21.0283334,105.854041,LOVr6WMnffM,https://www.youtube.com/watch?v=LOVr6WMnffM,0,1713,0,0,UCcROxwq_GajcurqLI7zGFfw,đường phố Hà Nội tháng 6 có gì mới lạ [25 621],
Hanoi,,21.0283334,105.854041,0iZbOus-2nc,https://www.youtube.com/watch?v=0iZbOus-2nc,0,2353,0,0,UCcROxwq_GajcurqLI7zGFfw,"Hà Nội bình tĩnh đồng tâm phòng Dịch Covid, tháng 8 năm 2021 (T3)",
Hanoi,,21.0283334,105.854041,iM0mlLwbFtU,https://www.youtube.com/watch?v=iM0mlLwbFtU,0,1024,0,0,UCcROxwq_GajcurqLI7zGFfw,HÀ NỘI NĂM 2024 (24 333),
Hanoi,,21.0283334,105.854041,rdXlDXEfe-k,https://www.youtube.com/watch?v=rdXlDXEfe-k,0,1903,1,0,UCcROxwq_GajcurqLI7zGFfw,HÀ NỘI NĂM 2024 (24 344),night(label)
Hanoi,,21.0283334,105.854041,JpFcycQijRo,https://www.youtube.com/watch?v=JpFcycQijRo,0,1692,0,0,UCcROxwq_GajcurqLI7zGFfw,"Khu Linh Đàm, đường Kim Giang Hà Nội năm 2025 (25 0218)",
Hanoi,,21.0283334,105.854041,d7Xxcb69ZFQ,https://www.youtube.com/watch?v=d7Xxcb69ZFQ,4,1900,1,0,UCcROxwq_GajcurqLI7zGFfw,"Đường phố Hà Nội thời Covid năm 2021, một mùa Thu đặc biệt!",night(label)
Hanoi,,21.0283334,105.854041,5_kFRB93v0A,https://www.youtube.com/watch?v=5_kFRB93v0A,23,4702,0,0,UCcROxwq_GajcurqLI7zGFfw,"MƯA THU HÀ NỘI, TẮC ĐƯỜNG KHẮP NƠI (23 045)",rain;rush/jam
Hanoi,,21.0283334,105.854041,HqHjv3Rf4yk,https://www.youtube.com/watch?v=HqHjv3Rf4yk,0,1091,0,0,UCcROxwq_GajcurqLI7zGFfw,Hà Nội một chiều Chủ nhật năm 2022,
Hanoi,,21.0283334,105.854041,HqHjv3Rf4yk,https://www.youtube.com/watch?v=HqHjv3Rf4yk,1092,2838,1,0,UCcROxwq_GajcurqLI7zGFfw,Hà Nội một chiều Chủ nhật năm 2022,night(label)
Hanoi,,21.0283334,105.854041,5xn5irlkJ5E,https://www.youtube.com/watch?v=5xn5irlkJ5E,0,1466,1,0,UCcROxwq_GajcurqLI7zGFfw,Ra Ngoài Hà Nội Lúc Chập Choạng Tối,night
Hanoi,,21.0283334,105.854041,j1LeTL5j9no,https://www.youtube.com/watch?v=j1LeTL5j9no,0,874,0,0,UCcROxwq_GajcurqLI7zGFfw,"[Bản Full] đường phố Hà Nội ngày 9 tháng 9 sau Siêu Bão Yagi 2024, trước khi có Mưa nhiều (24 947)",rain
Hanoi,,21.0283334,105.854041,LTTlgVXGw_k,https://www.youtube.com/watch?v=LTTlgVXGw_k,0,1524,1,0,UCcROxwq_GajcurqLI7zGFfw,Hà Nội ngày phòng Covid-19 năm 2021,night(label)
Hanoi,,21.0283334,105.854041,74nGv52BBYs,https://www.youtube.com/watch?v=74nGv52BBYs,0,3064,1,0,UCcROxwq_GajcurqLI7zGFfw,Mưa Nắng một Hà Thành,rain;night(label)
Hanoi,,21.0283334,105.854041,ZgKc2BNO2mQ,https://www.youtube.com/watch?v=ZgKc2BNO2mQ,0,1728,1,0,UCcROxwq_GajcurqLI7zGFfw,Hà Nội mùa Noel (24 12106),tet/holiday;night(label)
Hanoi,,21.0283334,105.854041,WXhQsqhXcG4,https://www.youtube.com/watch?v=WXhQsqhXcG4,0,1593,0,0,UCcROxwq_GajcurqLI7zGFfw,Hanoi & Covid19 prevention,
Hanoi,,21.0283334,105.854041,NuMLM-63dH4,https://www.youtube.com/watch?v=NuMLM-63dH4,0,531,1,0,UCcROxwq_GajcurqLI7zGFfw,"COVID KHÔNG THỂ LÀM THAY ĐỔI VẺ ĐẸP VÀ DÒNG CHUYỂN ĐỘNG TẤP NẬP CỦA HÀ NỘI, NGÀY GẦN TẾT TÂN SỬU!",tet/holiday;night(label)
Hanoi,,21.0283334,105.854041,5eBifsPTSy0,https://www.youtube.com/watch?v=5eBifsPTSy0,0,531,0,0,UCcROxwq_GajcurqLI7zGFfw,"CẦU CHƯƠNG DƯƠNG - NGUYỄN VĂN CỪ LONG BIÊN, GIA LÂM HÀ NỘI THỜI COVID, NĂM 2020!",
Hanoi,,21.0283334,105.854041,HAiMhXAtak4,https://www.youtube.com/watch?v=HAiMhXAtak4,0,975,0,0,UCcROxwq_GajcurqLI7zGFfw,Ngoài Hà Thành ngày mồng Ba TếT Quý Mão,tet/holiday
Hanoi,,21.0283334,105.854041,eEk5eSkCd9w,https://www.youtube.com/watch?v=eEk5eSkCd9w,0,3598,0,0,UCcROxwq_GajcurqLI7zGFfw,"DÒNG NGƯỜI & XE HÀ THÀNH, TUẦN CUỐI CÙNG NĂM QUÝ MÃO (24 175)",
Hanoi,,21.0283334,105.854041,5tAFRVniQ44,https://www.youtube.com/watch?v=5tAFRVniQ44,0,1649,0,0,UCcROxwq_GajcurqLI7zGFfw,đường phố Hà Nội chiều ngày đầu thực hiện giãn cách phòng Covid (NXH2126),
Hanoi,,21.0283334,105.854041,1t7b9UGTVy4,https://www.youtube.com/watch?v=1t7b9UGTVy4,0,530,0,0,UCcROxwq_GajcurqLI7zGFfw,"8h sáng, đường Hoàng Hoa Thám - đường Hoàng Diệu Hà Nội năm 2021",
Hanoi,,21.0283334,105.854041,qrCyE_xoMT4,https://www.youtube.com/watch?v=qrCyE_xoMT4,0,1528,0,0,UCcROxwq_GajcurqLI7zGFfw,"Hà Nội mưa lạnh ngày cận Tết Nhâm Dần, năm 2022",rain;tet/holiday
Hanoi,,21.0283334,105.854041,7WSNqUMuXVA,https://www.youtube.com/watch?v=7WSNqUMuXVA,98,739,0,0,UCcROxwq_GajcurqLI7zGFfw,Hà Nội vào Hè năm 2025 [25 548],
Hanoi,,21.0283334,105.854041,7WSNqUMuXVA,https://www.youtube.com/watch?v=7WSNqUMuXVA,1405,1701,0,0,UCcROxwq_GajcurqLI7zGFfw,Hà Nội vào Hè năm 2025 [25 548],
Hanoi,,21.0283334,105.854041,Sm1Kcs99CCM,https://www.youtube.com/watch?v=Sm1Kcs99CCM,0,2125,0,0,UCcROxwq_GajcurqLI7zGFfw,"Hà Nội chủ nhật ngày tháng 10 năm 2021, cuộc sống bình thường mới thời Covid",
Hanoi,,21.0283334,105.854041,Cx1V9E8t5jc,https://www.youtube.com/watch?v=Cx1V9E8t5jc,0,1593,0,0,UCcROxwq_GajcurqLI7zGFfw,Hà Nội vào Thu,
Hanoi,,21.0283334,105.854041,1I0_ngP13_g,https://www.youtube.com/watch?v=1I0_ngP13_g,0,1729,1,0,UCcROxwq_GajcurqLI7zGFfw,Mùa Đông Hà Nội (24 1258),night(label)
Hanoi,,21.0283334,105.854041,vB1vs_yRhRA,https://www.youtube.com/watch?v=vB1vs_yRhRA,0,1419,0,0,UCcROxwq_GajcurqLI7zGFfw,Đường Hà Nội mùa Hè năm 2023,
Hanoi,,21.0283334,105.854041,WDMJDAp4OQM,https://www.youtube.com/watch?v=WDMJDAp4OQM,0,1457,0,0,UCcROxwq_GajcurqLI7zGFfw,Hà Nội sáng thứ Bảy tháng 6,
Hanoi,,21.0283334,105.854041,nm9bA9QUV_o,https://www.youtube.com/watch?v=nm9bA9QUV_o,0,1594,0,0,UCcROxwq_GajcurqLI7zGFfw,"LẶNG LẼ MÙA THU HÀ NỘI, NHỮNG NGÀY PHÒNG COVID-19",
Hanoi,,21.0283334,105.854041,wPAkE-63NnA,https://www.youtube.com/watch?v=wPAkE-63NnA,0,1536,0,0,UCcROxwq_GajcurqLI7zGFfw,HÀ NỘI NĂM 2024 (24 332),
Hanoi,,21.0283334,105.854041,_vrrrLXc6F0,https://www.youtube.com/watch?v=_vrrrLXc6F0,0,668,0,0,UCcROxwq_GajcurqLI7zGFfw,Hà Nội tháng 10 (24 1021),
Hanoi,,21.0283334,105.854041,_vrrrLXc6F0,https://www.youtube.com/watch?v=_vrrrLXc6F0,669,1565,1,0,UCcROxwq_GajcurqLI7zGFfw,Hà Nội tháng 10 (24 1021),night(label)
Hanoi,,21.0283334,105.854041,vNbJG6b8Kuo,https://www.youtube.com/watch?v=vNbJG6b8Kuo,0,1418,0,0,UCcROxwq_GajcurqLI7zGFfw,HANOI TODAY AUG. 2023 (11),
Hanoi,,21.0283334,105.854041,NzwAlYvvsAg,https://www.youtube.com/watch?v=NzwAlYvvsAg,0,1418,0,0,UCcROxwq_GajcurqLI7zGFfw,Hà Nội tháng 4 năm 2023,
Hanoi,,21.0283334,105.854041,o8BrNXyV3YU,https://www.youtube.com/watch?v=o8BrNXyV3YU,0,2517,0,0,UCcROxwq_GajcurqLI7zGFfw,HÀ NỘI THÁNG 4 (24 455),
Hanoi,,21.0283334,105.854041,TVKTXYTe5RA,https://www.youtube.com/watch?v=TVKTXYTe5RA,0,531,1,0,UCcROxwq_GajcurqLI7zGFfw,30 TẾT HÀ NỘI NĂM TÂN SỬU (2021) THỜI COVID,tet/holiday;night(label)
Hanoi,,21.0283334,105.854041,NVDbZJlhXbk,https://www.youtube.com/watch?v=NVDbZJlhXbk,0,531,0,0,UCcROxwq_GajcurqLI7zGFfw,Hà Nội Ngày Mùa Hè Nắng Nóng (tháng 6 năm 2021),
Hanoi,,21.0283334,105.854041,NVDbZJlhXbk,https://www.youtube.com/watch?v=NVDbZJlhXbk,532,1063,0,0,UCcROxwq_GajcurqLI7zGFfw,Hà Nội Ngày Mùa Hè Nắng Nóng (tháng 6 năm 2021),
Hanoi,,21.0283334,105.854041,NVDbZJlhXbk,https://www.youtube.com/watch?v=NVDbZJlhXbk,1064,1643,0,0,UCcROxwq_GajcurqLI7zGFfw,Hà Nội Ngày Mùa Hè Nắng Nóng (tháng 6 năm 2021),
Hanoi,,21.0283334,105.854041,Sko1tPngD4A,https://www.youtube.com/watch?v=Sko1tPngD4A,0,2126,1,0,UCcROxwq_GajcurqLI7zGFfw,"Hà Nội nhộn nhịp trở lại, từ tháng 10 năm 2021",night(label)
Hanoi,,21.0283334,105.854041,40nrSkTPpXs,https://www.youtube.com/watch?v=40nrSkTPpXs,138,1539,0,0,UCcROxwq_GajcurqLI7zGFfw,CHUYỂN ĐỘNG HÈ HÀ NỘI (23 011),
Hanoi,,21.0283334,105.854041,40nrSkTPpXs,https://www.youtube.com/watch?v=40nrSkTPpXs,1642,4883,0,0,UCcROxwq_GajcurqLI7zGFfw,CHUYỂN ĐỘNG HÈ HÀ NỘI (23 011),
Hanoi,,21.0283334,105.854041,fTwYFOrlVQo,https://www.youtube.com/watch?v=fTwYFOrlVQo,0,531,1,0,UCcROxwq_GajcurqLI7zGFfw,"Giải Phóng - Phương Mai - Lương Định Của, Đống Đa Hà Nội năm 2021",night(label)
Hanoi,,21.0283334,105.854041,-81inB0sovI,https://www.youtube.com/watch?v=-81inB0sovI,0,1663,0,0,UCcROxwq_GajcurqLI7zGFfw,"Hà Nội lặng lẽ vào Thu, tháng 8 năm 2021 thời Covid (21 802)",
Hanoi,,21.0283334,105.854041,6Y6GCKc6-W8,https://www.youtube.com/watch?v=6Y6GCKc6-W8,0,1188,0,0,UCcROxwq_GajcurqLI7zGFfw,"Ùn ứ cửa ngõ phía Đông, lên cầu Thanh Trì vào Hà Nội",
Hanoi,,21.0283334,105.854041,6qyfpZOvFl4,https://www.youtube.com/watch?v=6qyfpZOvFl4,0,1857,1,0,UCcROxwq_GajcurqLI7zGFfw,CHUYỂN ĐỘNG HÀ NỘI ĐẦU NĂM 2024 (24 121),night(label)
Hanoi,,21.0283334,105.854041,vT_XnNOJ2-M,https://www.youtube.com/watch?v=vT_XnNOJ2-M,0,818,0,0,UCcROxwq_GajcurqLI7zGFfw,QL1A qua Thường Tín ngày gần Tết nguyên Đán Quý Mão,tet/holiday
Hanoi,,21.0283334,105.854041,xHsa9vD0D3k,https://www.youtube.com/watch?v=xHsa9vD0D3k,0,1600,0,0,UCcROxwq_GajcurqLI7zGFfw,"đường phố Hà Nội khi mỗi ngày báo cáo có hơn 30,000 F0",
Hanoi,,21.0283334,105.854041,BGb62ghFDn8,https://www.youtube.com/watch?v=BGb62ghFDn8,0,531,0,0,UCcROxwq_GajcurqLI7zGFfw,TÂY SƠN - NGUYỄN LƯƠNG BẰNG - TÔN ĐỨC THẮNG HÀ NỘI,
Hanoi,,21.0283334,105.854041,qF-7dtBDWDE,https://www.youtube.com/watch?v=qF-7dtBDWDE,0,2809,1,0,UCcROxwq_GajcurqLI7zGFfw,"chập choạng tối Hà Nội, ngày ghi nhận có hơn 30,000 F0",night
Hanoi,,21.0283334,105.854041,3E0mQMBjGM4,https://www.youtube.com/watch?v=3E0mQMBjGM4,0,4260,1,0,UCcROxwq_GajcurqLI7zGFfw,CHUYỂN ĐỘNG HÀ NỘI (23 042),night(label)
Hanoi,,21.0283334,105.854041,nGdltNgPTfE,https://www.youtube.com/watch?v=nGdltNgPTfE,2300,4103,1,0,UCcROxwq_GajcurqLI7zGFfw,VÀO ĐỊA PHẬN HÀ NỘI KHI MÀN CHIỀU BUÔNG XUỐNG (24 353),night(label)
Hanoi,,21.0283334,105.854041,FlXB33nUhnE,https://www.youtube.com/watch?v=FlXB33nUhnE,0,3797,0,0,UCcROxwq_GajcurqLI7zGFfw,22 km đê từ Thường Tín vào trung tâm Hà Nội,
Hanoi,,21.0283334,105.854041,6zXp68Ck6OM,https://www.youtube.com/watch?v=6zXp68Ck6OM,0,626,0,0,UCcROxwq_GajcurqLI7zGFfw,đường phố Thuỵ Khuê dài hơn 3km (từ phố Quan Thánh đến chợ Bưởi) trung Thu năm 2021,
Hanoi,,21.0283334,105.854041,jdSbhtpq8Q4,https://www.youtube.com/watch?v=jdSbhtpq8Q4,0,1074,0,0,UCcROxwq_GajcurqLI7zGFfw,"VÙNG NGOẠI Ô HÀ NỘI, HÈ NĂM 2021",
Hanoi,,21.0283334,105.854041,AyxpRxnwS14,https://www.youtube.com/watch?v=AyxpRxnwS14,0,531,0,0,UCcROxwq_GajcurqLI7zGFfw,đường vào thành phố Ninh Bình mùa Hè năm 2021,
Hanoi,,21.0283334,105.854041,lv7ejW2nE2U,https://www.youtube.com/watch?v=lv7ejW2nE2U,0,1666,0,0,UCcROxwq_GajcurqLI7zGFfw,30 phút đi được 5km = 10km/h (24 823),
Hanoi,,21.0283334,105.854041,oWyLUwoZRUs,https://www.youtube.com/watch?v=oWyLUwoZRUs,0,306,0,0,UCcROxwq_GajcurqLI7zGFfw,"ĐƯỜNG VĂN CAO - LIỄU GIAI - VẠN PHÚC, HÀ NỘI 2020, THỜI COVID",
Hanoi,,21.0283334,105.854041,aQHAygGCxC0,https://www.youtube.com/watch?v=aQHAygGCxC0,0,2651,0,0,UCcROxwq_GajcurqLI7zGFfw,Hà Nội mùa Thu năm 2024 (24 882),
Hanoi,,21.0283334,105.854041,rFHPlM6qhOU,https://www.youtube.com/watch?v=rFHPlM6qhOU,0,398,0,0,UCcROxwq_GajcurqLI7zGFfw,"Liễu Giai - Văn Cao - Hoàng Hoa Thám, Hà Nội",
Hanoi,,21.0283334,105.854041,fsSehifZGdU,https://www.youtube.com/watch?v=fsSehifZGdU,0,2522,0,0,UCcROxwq_GajcurqLI7zGFfw,Đường Hà Nội tháng 6 năm 2023,
Hanoi,,21.0283334,105.854041,5Kw96zhe2fI,https://www.youtube.com/watch?v=5Kw96zhe2fI,0,1861,0,0,UCcROxwq_GajcurqLI7zGFfw,"Ngày Quốc Khánh đặc biệt, năm 2021 phòng Covid-19",
Hanoi,,21.0283334,105.854041,M0b-UMFv8T0,https://www.youtube.com/watch?v=M0b-UMFv8T0,0,1064,0,0,UCcROxwq_GajcurqLI7zGFfw,"Ùn xe ở Pháp Vân cửa ngõ phía Nam Hà Nội ngày cuối tuần, thời Covid năm 2021",
Hanoi,,21.0283334,105.854041,eUHma6gTBnM,https://www.youtube.com/watch?v=eUHma6gTBnM,0,2271,1,0,UCcROxwq_GajcurqLI7zGFfw,CHUYỂN ĐỘNG HÀ NỘI (23 128),night(label)
Hanoi,,21.0283334,105.854041,eUHma6gTBnM,https://www.youtube.com/watch?v=eUHma6gTBnM,2461,2504,1,0,UCcROxwq_GajcurqLI7zGFfw,CHUYỂN ĐỘNG HÀ NỘI (23 128),night(label)
Hanoi,,21.0283334,105.854041,ngv11jjJXkc,https://www.youtube.com/watch?v=ngv11jjJXkc,0,213,1,0,UCcROxwq_GajcurqLI7zGFfw,Tổng Vệ Sinh cuối năm 2022?,night(label)
Hanoi,,21.0283334,105.854041,ngv11jjJXkc,https://www.youtube.com/watch?v=ngv11jjJXkc,493,533,0,0,UCcROxwq_GajcurqLI7zGFfw,Tổng Vệ Sinh cuối năm 2022?,
Hanoi,,21.0283334,105.854041,VufLhE3o5o4,https://www.youtube.com/watch?v=VufLhE3o5o4,0,531,1,0,UCcROxwq_GajcurqLI7zGFfw,Đường Giải Phóng Hà Nội,night(label)
Hanoi,,21.0283334,105.854041,m7FWMpw5ijY,https://www.youtube.com/watch?v=m7FWMpw5ijY,0,531,0,0,UCcROxwq_GajcurqLI7zGFfw,"đường Thượng Đình - Hạ Đình Hà Nội, tháng 4 năm 2021",
Hanoi,,21.0283334,105.854041,sk1ouUwtcKY,https://www.youtube.com/watch?v=sk1ouUwtcKY,0,653,1,0,UCcROxwq_GajcurqLI7zGFfw,đường Thanh Niên & phố Thuỵ Khuê Hà Nội,night(label)
Hanoi,,21.0283334,105.854041,GiVVCzlTke8,https://www.youtube.com/watch?v=GiVVCzlTke8,0,4509,0,0,UCcROxwq_GajcurqLI7zGFfw,"Kiên Nhẫn khi vào Hà Thành, ngày cuối Tuần",
Hanoi,,21.0283334,105.854041,kGjnnjUwQ00,https://www.youtube.com/watch?v=kGjnnjUwQ00,0,1753,0,0,UCcROxwq_GajcurqLI7zGFfw,CHUYỂN ĐỘNG HÀ NỘI (23 038),
Hanoi,,21.0283334,105.854041,vT-Bpkt5Y-o,https://www.youtube.com/watch?v=vT-Bpkt5Y-o,0,2841,1,0,UCcROxwq_GajcurqLI7zGFfw,PHÁP VÂN HÀ NỘI CHIỀU CHỦ NHẬT (23 3322),night(label)
Hanoi,,21.0283334,105.854041,8LJymNuzuu8,https://www.youtube.com/watch?v=8LJymNuzuu8,0,2125,0,0,UCcROxwq_GajcurqLI7zGFfw,Hà Nội mùa Thu năm ấy,
Hanoi,,21.0283334,105.854041,pegs7XWNPKA,https://www.youtube.com/watch?v=pegs7XWNPKA,0,531,0,0,UCcROxwq_GajcurqLI7zGFfw,Hà Nội ngày 30 tháng 1 năm 2021,
Hanoi,,21.0283334,105.854041,MZGLzOoPplY,https://www.youtube.com/watch?v=MZGLzOoPplY,0,1164,1,0,UCcROxwq_GajcurqLI7zGFfw,"Hà Nội ơi, năm 2022",night(label)
Hanoi,,21.0283334,105.854041,5up6LS8f_hc,https://www.youtube.com/watch?v=5up6LS8f_hc,0,1506,1,0,UCcROxwq_GajcurqLI7zGFfw,10h tối đường phố Hà Nội ngày Chủ nhật năm 2021 mùa Covid,night
Hanoi,,21.0283334,105.854041,CvS_Jt8OqPg,https://www.youtube.com/watch?v=CvS_Jt8OqPg,28,2670,0,0,UCcROxwq_GajcurqLI7zGFfw,Lang Thang vùng Ngoại Ô Hà Nội,
Hanoi,,21.0283334,105.854041,BxGQN7BITYI,https://www.youtube.com/watch?v=BxGQN7BITYI,0,856,0,0,UCcROxwq_GajcurqLI7zGFfw,Thanh Trì Hà Nội,
Hanoi,,21.0283334,105.854041,rt1HFrojZ1g,https://www.youtube.com/watch?v=rt1HFrojZ1g,0,2504,1,0,UCcROxwq_GajcurqLI7zGFfw,HÀ NỘI THÁNG 3 NĂM 2024 (24 505),night(label)
Hanoi,,21.0283334,105.854041,6vTM72XQlzo,https://www.youtube.com/watch?v=6vTM72XQlzo,0,1473,0,0,UCcROxwq_GajcurqLI7zGFfw,HÀ NỘI NĂM 2024 (24 706),
Hanoi,,21.0283334,105.854041,6vTM72XQlzo,https://www.youtube.com/watch?v=6vTM72XQlzo,1659,1729,0,0,UCcROxwq_GajcurqLI7zGFfw,HÀ NỘI NĂM 2024 (24 706),
Hanoi,,21.0283334,105.854041,kr6jV32ovGw,https://www.youtube.com/watch?v=kr6jV32ovGw,0,1341,0,0,UCcROxwq_GajcurqLI7zGFfw,Hà Nội năm 2024 (24 860),
Hanoi,,21.0283334,105.854041,zRp4gzFATZk,https://www.youtube.com/watch?v=zRp4gzFATZk,0,1366,1,0,UCcROxwq_GajcurqLI7zGFfw,Hà Nội năm 2024 (24 807),night(label)
Hanoi,,21.0283334,105.854041,VmZKEH86DzA,https://www.youtube.com/watch?v=VmZKEH86DzA,0,1982,1,0,UCcROxwq_GajcurqLI7zGFfw,CHUYỂN ĐỘNG HÀ NỘI (23 026),night(label)
Hanoi,,21.0283334,105.854041,THSlB2gHrD0,https://www.youtube.com/watch?v=THSlB2gHrD0,0,1902,0,0,UCcROxwq_GajcurqLI7zGFfw,"Hà Nội ơi, Mưa & Rét (dưới 10 độ) đầu mùa Xuân Nhâm Dần",rain
Hanoi,,21.0283334,105.854041,fAy1BTnnC54,https://www.youtube.com/watch?v=fAy1BTnnC54,0,1199,0,0,UCcROxwq_GajcurqLI7zGFfw,"Hà Nội ơi, những con đường góc phố một mùa Thu đặc biệt (T8)",
Hanoi,,21.0283334,105.854041,8CWwRDkeYbQ,https://www.youtube.com/watch?v=8CWwRDkeYbQ,0,3368,0,0,UCcROxwq_GajcurqLI7zGFfw,"Hà Nội ngày thứ 7 se se lạnh, mùa Đông đang đến ...",
Hanoi,,21.0283334,105.854041,A0rVXOt_fII,https://www.youtube.com/watch?v=A0rVXOt_fII,0,2860,1,0,UCcROxwq_GajcurqLI7zGFfw,CHUYỂN ĐỘNG HÀ NỘI GIỜ CAO ĐIỂM,rush/jam;night(label)
Hanoi,,21.0283334,105.854041,FzKc9rPBj4U,https://www.youtube.com/watch?v=FzKc9rPBj4U,0,2178,1,0,UCcROxwq_GajcurqLI7zGFfw,đường phố Hà Nội 10h tối năm 2025 [25 5817],night
Hanoi,,21.0283334,105.854041,fubS1YbcHt4,https://www.youtube.com/watch?v=fubS1YbcHt4,0,474,0,0,UCcROxwq_GajcurqLI7zGFfw,"đường phố Ngô Quyền, Hà Nội năm 2019",
Hanoi,,21.0283334,105.854041,pSzq2q6TcBs,https://www.youtube.com/watch?v=pSzq2q6TcBs,0,2268,0,0,UCcROxwq_GajcurqLI7zGFfw,Hà Nội năm 2024 (24 803),
Hanoi,,21.0283334,105.854041,8-DLgrnE-7k,https://www.youtube.com/watch?v=8-DLgrnE-7k,0,4082,0,0,UCcROxwq_GajcurqLI7zGFfw,Đường Mưa vào Hà Thành,rain
Hanoi,,21.0283334,105.854041,8-DLgrnE-7k,https://www.youtube.com/watch?v=8-DLgrnE-7k,4083,4968,1,0,UCcROxwq_GajcurqLI7zGFfw,Đường Mưa vào Hà Thành,rain;night(label)
Hanoi,,21.0283334,105.854041,L-Wx07gUjZE,https://www.youtube.com/watch?v=L-Wx07gUjZE,0,214,0,0,UCcROxwq_GajcurqLI7zGFfw,CHUYỂN ĐỘNG HÀ NỘI (23 015),
Hanoi,,21.0283334,105.854041,L-Wx07gUjZE,https://www.youtube.com/watch?v=L-Wx07gUjZE,215,2837,1,0,UCcROxwq_GajcurqLI7zGFfw,CHUYỂN ĐỘNG HÀ NỘI (23 015),night(label)
Hanoi,,21.0283334,105.854041,kzWP6Wh8Uns,https://www.youtube.com/watch?v=kzWP6Wh8Uns,0,1466,0,0,UCcROxwq_GajcurqLI7zGFfw,"đường phố Hà Nội, chủ Nhật ngày Tám tháng Tám năm 2021 thời Covid (T1)",
Hanoi,,21.0283334,105.854041,PruwFJFwaU0,https://www.youtube.com/watch?v=PruwFJFwaU0,0,1014,0,0,UCcROxwq_GajcurqLI7zGFfw,Đường ngày Mùa Thu Hà Nội,
Hanoi,,21.0283334,105.854041,8HdC5fNSsXo,https://www.youtube.com/watch?v=8HdC5fNSsXo,0,1714,0,0,UCcROxwq_GajcurqLI7zGFfw,sau cơn Mưa Khủng Hà Thành chiều Chủ Nhật 29 tháng 5 năm 2022,rain
Hanoi,,21.0283334,105.854041,FWnSCIfpovE,https://www.youtube.com/watch?v=FWnSCIfpovE,0,1578,0,0,UCcROxwq_GajcurqLI7zGFfw,CHUYỂN ĐỘNG HÀ NỘI 6h TỐI (23 041),night
Hanoi,,21.0283334,105.854041,FWnSCIfpovE,https://www.youtube.com/watch?v=FWnSCIfpovE,1579,3551,1,0,UCcROxwq_GajcurqLI7zGFfw,CHUYỂN ĐỘNG HÀ NỘI 6h TỐI (23 041),night
Hanoi,,21.0283334,105.854041,EB5D1iLs4dI,https://www.youtube.com/watch?v=EB5D1iLs4dI,0,3010,0,0,UCcROxwq_GajcurqLI7zGFfw,Thanh Trì Thường Tín vào Cao tốc cầu Giẽ đi Ninh Bình năm 2025 [25 378],highway
Hanoi,,21.0283334,105.854041,HqEIFNyCwxo,https://www.youtube.com/watch?v=HqEIFNyCwxo,0,1594,1,0,UCcROxwq_GajcurqLI7zGFfw,"7h Tối, Dòng Xe ở vành đai 3 trên cao Hà Nội",night
Hanoi,,21.0283334,105.854041,99fSBL2CiNw,https://www.youtube.com/watch?v=99fSBL2CiNw,0,2180,0,0,UCcROxwq_GajcurqLI7zGFfw,CHUYỂN ĐỘNG HÀ NỘI DƯỚI MƯA (23 003),rain
Hanoi,,21.0283334,105.854041,oVnTdQqK_2k,https://www.youtube.com/watch?v=oVnTdQqK_2k,0,957,0,0,UCcROxwq_GajcurqLI7zGFfw,ĐƯỜNG PHỐ HÀ NỘI CUỐI THU 2023 (23 087),
Hanoi,,21.0283334,105.854041,6Qb8pvstEps,https://www.youtube.com/watch?v=6Qb8pvstEps,0,1577,1,0,UCcROxwq_GajcurqLI7zGFfw,"Cuộc sống bình thường Mới, Đường phố nhộn nhịp Cũ",night(label)
Hanoi,,21.0283334,105.854041,F4KCrE_6UXo,https://www.youtube.com/watch?v=F4KCrE_6UXo,0,531,0,0,UCcROxwq_GajcurqLI7zGFfw,"nên nhường đường cho Đoàn xe ưu tiên thế nào, khi vào Pháp Vân Hà Nội",
Hanoi,,21.0283334,105.854041,gOFuEsEAYWg,https://www.youtube.com/watch?v=gOFuEsEAYWg,0,2001,1,0,UCcROxwq_GajcurqLI7zGFfw,Hà Nội cuối tháng 4 năm 2022,night(label)
Hanoi,,21.0283334,105.854041,PFB7FfhlOyE,https://www.youtube.com/watch?v=PFB7FfhlOyE,0,1550,0,0,UCcROxwq_GajcurqLI7zGFfw,"đường phố Hà Nội an bình, mùa Hè năm 2021",
Hanoi,,21.0283334,105.854041,mTlolG5vMRc,https://www.youtube.com/watch?v=mTlolG5vMRc,0,1692,1,0,UCcROxwq_GajcurqLI7zGFfw,"CHUYỂN ĐỘNG HÀ NỘI, MÙA ĐÔNG, ĐẦU NĂM 2024 (24 161)",night(label)
Hanoi,,21.0283334,105.854041,uB3qcoeeQp4,https://www.youtube.com/watch?v=uB3qcoeeQp4,0,1677,1,0,UCcROxwq_GajcurqLI7zGFfw,"9h tối Hà Nội, ngày báo cáo có hơn 30,000 F0",night
Hanoi,,21.0283334,105.854041,h9tE1kaoNIo,https://www.youtube.com/watch?v=h9tE1kaoNIo,0,2130,0,0,UCcROxwq_GajcurqLI7zGFfw,CHƯƠNG MỸ vào HÀ THÀNH (22 021),
Hanoi,,21.0283334,105.854041,w_PAXhNfh-o,https://www.youtube.com/watch?v=w_PAXhNfh-o,0,305,0,0,UCcROxwq_GajcurqLI7zGFfw,Một cơn mưa trước Tết Tân Sửu năm 2021,rain;tet/holiday
Hanoi,,21.0283334,105.854041,y2iehc4j2MM,https://www.youtube.com/watch?v=y2iehc4j2MM,0,531,1,0,UCcROxwq_GajcurqLI7zGFfw,"30 Tết Hà Nội, Mưa đêm Giao Thừa!!",rain;night;tet/holiday
Hanoi,,21.0283334,105.854041,OqRHlbruu2A,https://www.youtube.com/watch?v=OqRHlbruu2A,0,1594,0,0,UCcROxwq_GajcurqLI7zGFfw,đường phố Hà Nội tháng 7 năm 2021 mùa Covid,
Hanoi,,21.0283334,105.854041,ANln3XZCCWk,https://www.youtube.com/watch?v=ANln3XZCCWk,95,814,1,0,UCcROxwq_GajcurqLI7zGFfw,"ngày Hà Nội ghi nhận hơn 2,800 ca Covid mới, cao nhất Nước (tháng 1 năm 2022)",night(label)
Hanoi,,21.0283334,105.854041,ANln3XZCCWk,https://www.youtube.com/watch?v=ANln3XZCCWk,815,2282,0,0,UCcROxwq_GajcurqLI7zGFfw,"ngày Hà Nội ghi nhận hơn 2,800 ca Covid mới, cao nhất Nước (tháng 1 năm 2022)",
Hanoi,,21.0283334,105.854041,UkfbOwCOfB4,https://www.youtube.com/watch?v=UkfbOwCOfB4,0,1729,0,0,UCcROxwq_GajcurqLI7zGFfw,Hà Nội năm 2025 (25 0181),
Hanoi,,21.0283334,105.854041,VcPMJKFn9eU,https://www.youtube.com/watch?v=VcPMJKFn9eU,0,710,0,0,UCcROxwq_GajcurqLI7zGFfw,CHUYỂN ĐỘNG HÀ NỘI (23 035),
Hanoi,,21.0283334,105.854041,VcPMJKFn9eU,https://www.youtube.com/watch?v=VcPMJKFn9eU,711,3134,0,0,UCcROxwq_GajcurqLI7zGFfw,CHUYỂN ĐỘNG HÀ NỘI (23 035),
Hanoi,,21.0283334,105.854041,YU-nTgnA-fg,https://www.youtube.com/watch?v=YU-nTgnA-fg,0,2065,0,0,UCcROxwq_GajcurqLI7zGFfw,Hà Nội trầm lắng ngày phòng Dịch Covid 2021 (NXH 2119),
Hanoi,,21.0283334,105.854041,-h5z0SJI2rM,https://www.youtube.com/watch?v=-h5z0SJI2rM,0,530,1,0,UCcROxwq_GajcurqLI7zGFfw,"Hà Nội lên đèn, năm 2019",night(label)
Hanoi,,21.0283334,105.854041,ZuQTGJDo_tI,https://www.youtube.com/watch?v=ZuQTGJDo_tI,0,984,0,0,UCcROxwq_GajcurqLI7zGFfw,"DÒNG NGƯỜI & XE, HÀ NỘI TUẦN CUỐI CÙNG NĂM QUÝ MÃO (24 176)",
Hanoi,,21.0283334,105.854041,ZuQTGJDo_tI,https://www.youtube.com/watch?v=ZuQTGJDo_tI,1512,3549,1,0,UCcROxwq_GajcurqLI7zGFfw,"DÒNG NGƯỜI & XE, HÀ NỘI TUẦN CUỐI CÙNG NĂM QUÝ MÃO (24 176)",night(label)
Hanoi,,21.0283334,105.854041,tRYidL2o14c,https://www.youtube.com/watch?v=tRYidL2o14c,0,2046,1,0,UCcROxwq_GajcurqLI7zGFfw,cơn Mưa mùa Thu Hà Nội,rain;night(label)
Hanoi,,21.0283334,105.854041,u5Oz1gErJp4,https://www.youtube.com/watch?v=u5Oz1gErJp4,108,1420,0,0,UCcROxwq_GajcurqLI7zGFfw,Hà Nội vào Thu năm 2022,
Hanoi,,21.0283334,105.854041,b5HSSSevKCc,https://www.youtube.com/watch?v=b5HSSSevKCc,0,3536,0,0,UCcROxwq_GajcurqLI7zGFfw,Đường Phố Hà Nội sau Siêu Bão Yagi ! (24 940),rain
Hanoi,,21.0283334,105.854041,9SGHOS5QnQo,https://www.youtube.com/watch?v=9SGHOS5QnQo,0,2422,1,0,UCcROxwq_GajcurqLI7zGFfw,HÀ NỘI CUỐI NĂM QUÝ MÃO (24 187),night(label)
Hanoi,,21.0283334,105.854041,YIo4Avy7YVo,https://www.youtube.com/watch?v=YIo4Avy7YVo,87,2373,0,0,UCcROxwq_GajcurqLI7zGFfw,CHUYỂN ĐỘNG HÀ NỘI (23 009),
Hanoi,,21.0283334,105.854041,4vjCMuOsq4Q,https://www.youtube.com/watch?v=4vjCMuOsq4Q,0,1828,0,0,UCcROxwq_GajcurqLI7zGFfw,loanh quanh Hà Nội những ngày cuối Đông thời Covid 2022,
Hanoi,,21.0283334,105.854041,4vjCMuOsq4Q,https://www.youtube.com/watch?v=4vjCMuOsq4Q,1930,3502,0,0,UCcROxwq_GajcurqLI7zGFfw,loanh quanh Hà Nội những ngày cuối Đông thời Covid 2022,
Hanoi,,21.0283334,105.854041,F7siAHZd46U,https://www.youtube.com/watch?v=F7siAHZd46U,0,2481,0,0,UCcROxwq_GajcurqLI7zGFfw,"Mùa Thu Hà Nội, tháng 8 năm 2024 trước khi Bão Yagi đến (24 801)",rain
Hanoi,,21.0283334,105.854041,R5C2N3uSZbA,https://www.youtube.com/watch?v=R5C2N3uSZbA,0,1665,0,0,UCcROxwq_GajcurqLI7zGFfw,đường vào Hà Nội mùa Đông năm 2021 (21 121),
Hanoi,,21.0283334,105.854041,i8-7sMTIYsY,https://www.youtube.com/watch?v=i8-7sMTIYsY,0,242,1,0,UCcROxwq_GajcurqLI7zGFfw,phố Vọng - đường Giải Phóng Hà Nội năm 2021,night(label)
Hanoi,,21.0283334,105.854041,i8-7sMTIYsY,https://www.youtube.com/watch?v=i8-7sMTIYsY,323,531,1,0,UCcROxwq_GajcurqLI7zGFfw,phố Vọng - đường Giải Phóng Hà Nội năm 2021,night(label)
Hanoi,,21.0283334,105.854041,BeqiOYZeib8,https://www.youtube.com/watch?v=BeqiOYZeib8,0,2130,0,0,UCcROxwq_GajcurqLI7zGFfw,CHUYỂN ĐỘNG HÀ NỘI (23 033),
Hanoi,,21.0283334,105.854041,JnmtNX30KVw,https://www.youtube.com/watch?v=JnmtNX30KVw,0,1594,1,0,UCcROxwq_GajcurqLI7zGFfw,"đường phố Hà Nội khi bước vào nhịp sống bình thường mới, năm 2021",night(label)
Hanoi,,21.0283334,105.854041,XG2QfsEE62E,https://www.youtube.com/watch?v=XG2QfsEE62E,0,2046,0,0,UCcROxwq_GajcurqLI7zGFfw,"quang cảnh đường phố Hà Nội, ngày nới lỏng giãn cách (NXH2125)",
Hanoi,,21.0283334,105.854041,TzdcFYfj5vE,https://www.youtube.com/watch?v=TzdcFYfj5vE,0,457,0,0,UCcROxwq_GajcurqLI7zGFfw,Đường ngày Tết ở Phú Xuyên và Thường Tín (cầu Đỗ Xá) Hà Nội,tet/holiday
Hanoi,,21.0283334,105.854041,dTSbynmkHPM,https://www.youtube.com/watch?v=dTSbynmkHPM,0,3962,0,0,UCcROxwq_GajcurqLI7zGFfw,HÀ NỘI NGÀY MÙA ĐÔNG LẠNH GIÁ NĂM 2024 (24 148),
Hanoi,,21.0283334,105.854041,s80RpSz7p9k,https://www.youtube.com/watch?v=s80RpSz7p9k,0,1297,0,0,UCcROxwq_GajcurqLI7zGFfw,"Hà Nôi ơi..., Bình Yên & Hy Vọng, ngày phòng Covid, năm 2021",
Hanoi,,21.0283334,105.854041,s80RpSz7p9k,https://www.youtube.com/watch?v=s80RpSz7p9k,1379,3104,0,0,UCcROxwq_GajcurqLI7zGFfw,"Hà Nôi ơi..., Bình Yên & Hy Vọng, ngày phòng Covid, năm 2021",
Hanoi,,21.0283334,105.854041,XOLRC-tTTbY,https://www.youtube.com/watch?v=XOLRC-tTTbY,0,2044,1,0,UCcROxwq_GajcurqLI7zGFfw,HÀ NỘI NĂM 2024 (24 698),night(label)
Hanoi,,21.0283334,105.854041,4ruoigFWKx4,https://www.youtube.com/watch?v=4ruoigFWKx4,30,1017,1,0,UCcROxwq_GajcurqLI7zGFfw,Đường Hà Nội 9h tối cuối năm 2022,night
Hanoi,,21.0283334,105.854041,BOGL0IX17ps,https://www.youtube.com/watch?v=BOGL0IX17ps,0,579,0,0,UCcROxwq_GajcurqLI7zGFfw,Hà Thành cuối tháng 5 năm 2022,
Hanoi,,21.0283334,105.854041,BOGL0IX17ps,https://www.youtube.com/watch?v=BOGL0IX17ps,580,1041,0,0,UCcROxwq_GajcurqLI7zGFfw,Hà Thành cuối tháng 5 năm 2022,
Hanoi,,21.0283334,105.854041,a-o4aNyuN_I,https://www.youtube.com/watch?v=a-o4aNyuN_I,0,731,0,0,UCcROxwq_GajcurqLI7zGFfw,Hà Nội mồng hai Tết năm Ất Tỵ (25 0214),tet/holiday
Hanoi,,21.0283334,105.854041,lBDeHQOduJ8,https://www.youtube.com/watch?v=lBDeHQOduJ8,0,1702,1,0,UCcROxwq_GajcurqLI7zGFfw,"[T5] đi Bão suốt Đêm [đoạn phố Lê Duẩn, Khâm Thiên, Đê La Thành, Nguyễn Chí Thanh, Liễu Giai,...]",rain;night
Hanoi,,21.0283334,105.854041,eJ3RuLzbriI,https://www.youtube.com/watch?v=eJ3RuLzbriI,0,351,0,0,UCcROxwq_GajcurqLI7zGFfw,ĐƯỜNG PHẠM VĂN ĐỒNG HÀ NỘI TẾT TÂN SỬU NĂM 2021 THỜI COVID,tet/holiday
Hanoi,,21.0283334,105.854041,ztjLDCJ1fKQ,https://www.youtube.com/watch?v=ztjLDCJ1fKQ,0,50,0,0,UCcROxwq_GajcurqLI7zGFfw,Hà Nội Hối Hả ngày Giáp Tết Quý Mão,tet/holiday
Hanoi,,21.0283334,105.854041,ztjLDCJ1fKQ,https://www.youtube.com/watch?v=ztjLDCJ1fKQ,51,1470,1,0,UCcROxwq_GajcurqLI7zGFfw,Hà Nội Hối Hả ngày Giáp Tết Quý Mão,tet/holiday;night(label)
Hanoi,,21.0283334,105.854041,DidJd_dGj-I,https://www.youtube.com/watch?v=DidJd_dGj-I,0,2131,1,0,UCcROxwq_GajcurqLI7zGFfw,"Hà Nội ơi, năm 2022",night(label)
Hanoi,,21.0283334,105.854041,b7Gfg9hGqxM,https://www.youtube.com/watch?v=b7Gfg9hGqxM,0,2107,0,0,UCcROxwq_GajcurqLI7zGFfw,Hà Nội vào Thu và những con đường Vắng (T5),
Hanoi,,21.0283334,105.854041,BqNBW4eS7bE,https://www.youtube.com/watch?v=BqNBW4eS7bE,0,4099,0,0,UCcROxwq_GajcurqLI7zGFfw,"HÀ NỘI DÒNG NGƯỜI & XE, CHỦ NHẬT CUỐI CÙNG NĂM QUÝ MÃO (24 187)",
Hanoi,,21.0283334,105.854041,SJY5Ury3KY8,https://www.youtube.com/watch?v=SJY5Ury3KY8,0,531,0,0,UCcROxwq_GajcurqLI7zGFfw,2h CHIỀU HÀ NỘI (NGUYỄN TRÃI - TÂY SƠN - NGUYỄN LƯƠNG BẰNG - TÔN ĐỨC THẮNG),
Hanoi,,21.0283334,105.854041,TygGw9_KZBs,https://www.youtube.com/watch?v=TygGw9_KZBs,0,1782,0,0,UCcROxwq_GajcurqLI7zGFfw,HÀ NỘI NĂM 2024 (24 632),
Hanoi,,21.0283334,105.854041,l9kHp5CD_TQ,https://www.youtube.com/watch?v=l9kHp5CD_TQ,0,1744,0,0,UCcROxwq_GajcurqLI7zGFfw,Hà Nội năm 2024 (24 853),
Hanoi,,21.0283334,105.854041,YN2pvSL2qqM,https://www.youtube.com/watch?v=YN2pvSL2qqM,0,3961,0,0,UCcROxwq_GajcurqLI7zGFfw,HÀ NỘI NGÀY THANH VẮNG NĂM 2021,
Hanoi,,21.0283334,105.854041,YN2pvSL2qqM,https://www.youtube.com/watch?v=YN2pvSL2qqM,3962,4471,1,0,UCcROxwq_GajcurqLI7zGFfw,HÀ NỘI NGÀY THANH VẮNG NĂM 2021,night(label)
Hanoi,,21.0283334,105.854041,mveqPVWaINg,https://www.youtube.com/watch?v=mveqPVWaINg,0,3008,0,0,UCcROxwq_GajcurqLI7zGFfw,Hà Nội ngày cuối tuần tháng 3 năm 2022 (Bình Tĩnh & Tư Tin phòng Dịch),
Hanoi,,21.0283334,105.854041,4BfMUPXBYZw,https://www.youtube.com/watch?v=4BfMUPXBYZw,0,2378,0,0,UCcROxwq_GajcurqLI7zGFfw,Hà Nội năm 2025 [25 397],
Hanoi,,21.0283334,105.854041,51zrnSbNdeY,https://www.youtube.com/watch?v=51zrnSbNdeY,0,2972,0,0,UCcROxwq_GajcurqLI7zGFfw,CHUYỂN ĐỘNG HÀ NỘI (23 032),
Hanoi,,21.0283334,105.854041,AIVVbRKEc1E,https://www.youtube.com/watch?v=AIVVbRKEc1E,0,1729,0,0,UCcROxwq_GajcurqLI7zGFfw,Hà Đông đến Xuân Mai (QL6) qua địa bàn Hà Nội năm 2025 (25 0173),
Hanoi,,21.0283334,105.854041,XjqsLP3fN_E,https://www.youtube.com/watch?v=XjqsLP3fN_E,0,1675,0,0,UCcROxwq_GajcurqLI7zGFfw,CHUYỂN ĐỘNG HÀ NỘI (23 321),
Hanoi,,21.0283334,105.854041,MUxyQdebMZo,https://www.youtube.com/watch?v=MUxyQdebMZo,0,2082,0,0,UCcROxwq_GajcurqLI7zGFfw,Hà Nội đầu Mùa Mưa Bão,rain
Hanoi,,21.0283334,105.854041,jxxt7bd9yP4,https://www.youtube.com/watch?v=jxxt7bd9yP4,0,2365,0,0,UCcROxwq_GajcurqLI7zGFfw,"CHUYỂN ĐỘNG CHẬM HÀ NỘI NĂM 2O21, PHÒNG COVID-19",
Hanoi,,21.0283334,105.854041,4LLdW-PIr2c,https://www.youtube.com/watch?v=4LLdW-PIr2c,0,531,0,0,UCcROxwq_GajcurqLI7zGFfw,"ĐƯỜNG QUỐC LỘ 1A (CŨ) QUA THƯỜNG TÍN HÀ NỘI, NHIỀU ĐOẠN CHUẨN BỊ ĐƯỢC NÂNG CẤP",
Hanoi,,21.0283334,105.854041,uMY0uE_r5Gg,https://www.youtube.com/watch?v=uMY0uE_r5Gg,0,2751,1,0,UCcROxwq_GajcurqLI7zGFfw,Hà Nội chiều cuối tuần,night(label)
Hanoi,,21.0283334,105.854041,7Nx1fmG3mI8,https://www.youtube.com/watch?v=7Nx1fmG3mI8,0,1652,0,0,UCcROxwq_GajcurqLI7zGFfw,Hà Nội năm 2024 (24 1140),
Hanoi,,21.0283334,105.854041,qSY0TQkW-NM,https://www.youtube.com/watch?v=qSY0TQkW-NM,0,2383,0,0,UCcROxwq_GajcurqLI7zGFfw,"đường ra vùng ngoại ô cuối tuần tháng 3 năm 2022 (khi hơn 30,000 F0)",
Hanoi,,21.0283334,105.854041,j6tuTqCaVkI,https://www.youtube.com/watch?v=j6tuTqCaVkI,0,531,1,0,UCcROxwq_GajcurqLI7zGFfw,TẤP NẬP ĐƯỜNG LÊ DUẨN NHẬT - QUA GA HÀ NỘI TUẦN CUỐI THÁNG GIÊNG NĂM 2021 THỜI COVID,night(label)
Hanoi,,21.0283334,105.854041,SOCFq5CPXgE,https://www.youtube.com/watch?v=SOCFq5CPXgE,0,1868,0,0,UCcROxwq_GajcurqLI7zGFfw,"Hà Nội Mùa Thu, sau Mưa siêu bão Yagi (24 955)",rain
Hanoi,,21.0283334,105.854041,h3HtvY3dJD8,https://www.youtube.com/watch?v=h3HtvY3dJD8,0,1857,0,0,UCcROxwq_GajcurqLI7zGFfw,"Vành Đai 3 Hà Nội, Tết năm Ất Tỵ (25 0215)",tet/holiday
Hanoi,,21.0283334,105.854041,v0jYQ7OV4eg,https://www.youtube.com/watch?v=v0jYQ7OV4eg,0,1600,1,0,UCcROxwq_GajcurqLI7zGFfw,"Hà Nội ngày cận Tết Nhâm Dần, năm 2022",tet/holiday;night(label)
Hanoi,,21.0283334,105.854041,J4dbjUlOvlQ,https://www.youtube.com/watch?v=J4dbjUlOvlQ,0,1350,0,0,UCcROxwq_GajcurqLI7zGFfw,HÀ NỘI NĂM 2024 (24 493),
Hanoi,,21.0283334,105.854041,J4dbjUlOvlQ,https://www.youtube.com/watch?v=J4dbjUlOvlQ,1351,2049,1,0,UCcROxwq_GajcurqLI7zGFfw,HÀ NỘI NĂM 2024 (24 493),night(label)
Hanoi,,21.0283334,105.854041,sVe84YjjAMw,https://www.youtube.com/watch?v=sVe84YjjAMw,119,723,0,0,UCcROxwq_GajcurqLI7zGFfw,Loanh Quanh Hà Nội (24 1121),
Hanoi,,21.0283334,105.854041,ipmStwUoVGQ,https://www.youtube.com/watch?v=ipmStwUoVGQ,0,531,0,0,UCcROxwq_GajcurqLI7zGFfw,Hà Nội mùa Hè năm 2021,
Hanoi,,21.0283334,105.854041,7eq29iDX19s,https://www.youtube.com/watch?v=7eq29iDX19s,0,1822,0,0,UCcROxwq_GajcurqLI7zGFfw,"Đường Phố Hà Nội, một tuần trước khi thực hiện 'Giãn cách' năm 2021",
Hanoi,,21.0283334,105.854041,BfyFnJddtDw,https://www.youtube.com/watch?v=BfyFnJddtDw,2590,2839,0,0,UCcROxwq_GajcurqLI7zGFfw,Ven Đại Lộ Thăng Long Hà Nội,
Hanoi,,21.0283334,105.854041,0N06ZBqHGdg,https://www.youtube.com/watch?v=0N06ZBqHGdg,0,1594,0,0,UCcROxwq_GajcurqLI7zGFfw,"có một Hà Nội trầm tĩnh, hàng quán đóng các con phố vắng thời Covid 2021",
Hanoi,,21.0283334,105.854041,3j-7PUs9rWI,https://www.youtube.com/watch?v=3j-7PUs9rWI,0,2451,1,0,UCcROxwq_GajcurqLI7zGFfw,Hà Nội vào Hè năm 2023,night(label)
Hanoi,,21.0283334,105.854041,tDgs9Dkv7Mk,https://www.youtube.com/watch?v=tDgs9Dkv7Mk,109,771,0,0,UCcROxwq_GajcurqLI7zGFfw,"Đường Phố Hà Nội, chiều 30 Tết năm Ất Tỵ (25 0111)",tet/holiday
Hanoi,,21.0283334,105.854041,FATL20euznA,https://www.youtube.com/watch?v=FATL20euznA,0,1498,0,0,UCcROxwq_GajcurqLI7zGFfw,Chiều thứ 6,
Hanoi,,21.0283334,105.854041,FATL20euznA,https://www.youtube.com/watch?v=FATL20euznA,1499,2129,1,0,UCcROxwq_GajcurqLI7zGFfw,Chiều thứ 6,night(label)
Hanoi,,21.0283334,105.854041,gQ7qmzG3RFQ,https://www.youtube.com/watch?v=gQ7qmzG3RFQ,0,1700,0,0,UCcROxwq_GajcurqLI7zGFfw,Hà Nội mồng 2 Tết năm Ất Tỵ (25 02303),tet/holiday
Hanoi,,21.0283334,105.854041,NUHr8-4dfho,https://www.youtube.com/watch?v=NUHr8-4dfho,0,1134,0,0,UCcROxwq_GajcurqLI7zGFfw,Dòng Chảy cuối Tuần,
Hanoi,,21.0283334,105.854041,NUHr8-4dfho,https://www.youtube.com/watch?v=NUHr8-4dfho,1135,3225,0,0,UCcROxwq_GajcurqLI7zGFfw,Dòng Chảy cuối Tuần,
Hanoi,,21.0283334,105.854041,nm79KyHFA6c,https://www.youtube.com/watch?v=nm79KyHFA6c,0,1572,0,0,UCcROxwq_GajcurqLI7zGFfw,HÀ NỘI NĂM 2024 (24 634),
Hanoi,,21.0283334,105.854041,nm79KyHFA6c,https://www.youtube.com/watch?v=nm79KyHFA6c,1573,3299,1,0,UCcROxwq_GajcurqLI7zGFfw,HÀ NỘI NĂM 2024 (24 634),night(label)
Hanoi,,21.0283334,105.854041,_jgW9e5uGAA,https://www.youtube.com/watch?v=_jgW9e5uGAA,0,1067,0,0,UCcROxwq_GajcurqLI7zGFfw,Hà Nội ngày mồng 2 Tết năm Nhâm Dần (2022),tet/holiday
Hanoi,,21.0283334,105.854041,WPaxSHVUgII,https://www.youtube.com/watch?v=WPaxSHVUgII,0,550,0,0,UCcROxwq_GajcurqLI7zGFfw,những con đường con phố Hà Nội [25 3021],
Hanoi,,21.0283334,105.854041,WPaxSHVUgII,https://www.youtube.com/watch?v=WPaxSHVUgII,551,1728,1,0,UCcROxwq_GajcurqLI7zGFfw,những con đường con phố Hà Nội [25 3021],night(label)
Hanoi,,21.0283334,105.854041,-kFeZCNAlQ8,https://www.youtube.com/watch?v=-kFeZCNAlQ8,0,1729,1,0,UCcROxwq_GajcurqLI7zGFfw,những con đường con phố Hà Nội [25 302],night(label)
Hanoi,,21.0283334,105.854041,NnFBed6KpOg,https://www.youtube.com/watch?v=NnFBed6KpOg,0,264,0,0,UCcROxwq_GajcurqLI7zGFfw,HÀ NỘI MÙA ĐÔNG NĂM 2024 (24 153),
Hanoi,,21.0283334,105.854041,NnFBed6KpOg,https://www.youtube.com/watch?v=NnFBed6KpOg,265,2049,1,0,UCcROxwq_GajcurqLI7zGFfw,HÀ NỘI MÙA ĐÔNG NĂM 2024 (24 153),night(label)
Hanoi,,21.0283334,105.854041,81M1ZcnZecY,https://www.youtube.com/watch?v=81M1ZcnZecY,0,2035,1,0,UCcROxwq_GajcurqLI7zGFfw,Đường vào Hà Thành cuối Tuần,night(label)
Hanoi,,21.0283334,105.854041,atE8WGRKKxg,https://www.youtube.com/watch?v=atE8WGRKKxg,0,2653,0,0,UCcROxwq_GajcurqLI7zGFfw,"Bình Yên vùng ngoại Ô Hà Nội, mùa Thu năm 2021",
Hanoi,,21.0283334,105.854041,wbRdzfat9XA,https://www.youtube.com/watch?v=wbRdzfat9XA,0,2509,0,0,UCcROxwq_GajcurqLI7zGFfw,Hà Nội ngày này năm Xưa (2 tháng 9 năm 2021),
Hanoi,,21.0283334,105.854041,inbFF0QIxvw,https://www.youtube.com/watch?v=inbFF0QIxvw,0,1868,0,0,UCcROxwq_GajcurqLI7zGFfw,CHUYỂN ĐỘNG HÀ NỘI (23 002),
Hanoi,,21.0283334,105.854041,inbFF0QIxvw,https://www.youtube.com/watch?v=inbFF0QIxvw,1908,3859,0,0,UCcROxwq_GajcurqLI7zGFfw,CHUYỂN ĐỘNG HÀ NỘI (23 002),
Hanoi,,21.0283334,105.854041,sczTOQ4DdI4,https://www.youtube.com/watch?v=sczTOQ4DdI4,0,2184,0,0,UCcROxwq_GajcurqLI7zGFfw,"Hà Nội Mưa Se Se Lạnh & Nóng Ẩm, những Ngày tháng 5 năm 2022",rain
Hanoi,,21.0283334,105.854041,5W1JTwuz2yI,https://www.youtube.com/watch?v=5W1JTwuz2yI,0,876,0,0,UCcROxwq_GajcurqLI7zGFfw,đường phố Hà Nội năm 2025 [25 311],
Hanoi,,21.0283334,105.854041,1u6eSkyfcIw,https://www.youtube.com/watch?v=1u6eSkyfcIw,24,2378,0,0,UCcROxwq_GajcurqLI7zGFfw,"Vẻ Đẹp Mùa Thu Hà Nội, tháng 8 năm 2024 trước khi Bão Yagi đến (24 8904)",rain
Hanoi,,21.0283334,105.854041,N367Xi3G0iY,https://www.youtube.com/watch?v=N367Xi3G0iY,0,1516,0,0,UCcROxwq_GajcurqLI7zGFfw,Đường Phố Hà Nội chiều 30 Tết năm Ất Tỵ (25 0117),tet/holiday
Hanoi,,21.0283334,105.854041,cNnJbz_0R5Q,https://www.youtube.com/watch?v=cNnJbz_0R5Q,643,1205,0,0,UCcROxwq_GajcurqLI7zGFfw,Lang Thang Long Biên Hà Nội,
Hanoi,,21.0283334,105.854041,Ny4gMqGOhlg,https://www.youtube.com/watch?v=Ny4gMqGOhlg,0,1003,0,0,UCcROxwq_GajcurqLI7zGFfw,"HÀ NỘI ƠI, NGÀY 30 TẾT NĂM 2019",tet/holiday
Hanoi,,21.0283334,105.854041,jM2Cc3kRF3A,https://www.youtube.com/watch?v=jM2Cc3kRF3A,0,2130,0,0,UCcROxwq_GajcurqLI7zGFfw,HANOI TODAY 2023 (9),
Hanoi,,21.0283334,105.854041,iQU90rmHq0A,https://www.youtube.com/watch?v=iQU90rmHq0A,0,1978,0,0,UCcROxwq_GajcurqLI7zGFfw,Hà Nội đường phố đang nhộn nhịp thích ứng với cuộc sống an toàn Mới,
Hanoi,,21.0283334,105.854041,yI5LA0oJiog,https://www.youtube.com/watch?v=yI5LA0oJiog,0,3005,0,0,UCcROxwq_GajcurqLI7zGFfw,ĐƯỜNG PHỐ HÀ THÀNH CUỐI NĂM 2023 (23 125),
Hanoi,,21.0283334,105.854041,P0UqtsdH0Z4,https://www.youtube.com/watch?v=P0UqtsdH0Z4,0,3965,0,0,UCcROxwq_GajcurqLI7zGFfw,Hanoi Today June 2023,
Hanoi,,21.0283334,105.854041,t8W_fZPtbQM,https://www.youtube.com/watch?v=t8W_fZPtbQM,0,2685,1,0,UCcROxwq_GajcurqLI7zGFfw,Hà Nội tháng 3 năm 2022 (những ngày nhiều ca F0),night(label)
Hanoi,,21.0283334,105.854041,DU9V8wThQB0,https://www.youtube.com/watch?v=DU9V8wThQB0,0,3051,1,0,UCcROxwq_GajcurqLI7zGFfw,HÀ NỘI CHIỀU THỨ 6 NĂM 2023,night(label)
Hanoi,,21.0283334,105.854041,bqArtmV7L34,https://www.youtube.com/watch?v=bqArtmV7L34,0,531,0,0,UCcROxwq_GajcurqLI7zGFfw,"TÂY SƠN - CHÙA BỘC - ĐÔNG TÁC (DỌC SÔNG LỪ) HÀ THÀNH THỜI COVID, NĂM 2020!",
Hanoi,,21.0283334,105.854041,NSsy0lPejFE,https://www.youtube.com/watch?v=NSsy0lPejFE,0,1418,0,0,UCcROxwq_GajcurqLI7zGFfw,"quang cảng đường phố Hà Nội, chiều thứ Bảy mùa Thu đặc biệt năm 2021",
Hanoi,,21.0283334,105.854041,NSsy0lPejFE,https://www.youtube.com/watch?v=NSsy0lPejFE,1419,1777,1,0,UCcROxwq_GajcurqLI7zGFfw,"quang cảng đường phố Hà Nội, chiều thứ Bảy mùa Thu đặc biệt năm 2021",night(label)
Hanoi,,21.0283334,105.854041,e0z0a1xbYkE,https://www.youtube.com/watch?v=e0z0a1xbYkE,106,1729,0,0,UCcROxwq_GajcurqLI7zGFfw,Hà Nội đầu năm 2025 (25 01518),
Hanoi,,21.0283334,105.854041,WzlwSanAnJI,https://www.youtube.com/watch?v=WzlwSanAnJI,0,2280,1,0,UCcROxwq_GajcurqLI7zGFfw,CHUYỂN ĐỘNG HÀ NỘI (23 008),night(label)
Hanoi,,21.0283334,105.854041,VgIu2wSD5NU,https://www.youtube.com/watch?v=VgIu2wSD5NU,0,2107,1,0,UCcROxwq_GajcurqLI7zGFfw,"đường phố Hà Nội khi bước vào nhịp sống bình thường mới, năm 2021",night(label)
Hanoi,,21.0283334,105.854041,eRQaK88LT6Q,https://www.youtube.com/watch?v=eRQaK88LT6Q,0,762,0,0,UCcROxwq_GajcurqLI7zGFfw,Thuỵ Khuê Văn Cao Liễu Giai Vạn Phúc Vạn Bảo,
Hanoi,,21.0283334,105.854041,eRQaK88LT6Q,https://www.youtube.com/watch?v=eRQaK88LT6Q,793,1448,1,0,UCcROxwq_GajcurqLI7zGFfw,Thuỵ Khuê Văn Cao Liễu Giai Vạn Phúc Vạn Bảo,night(label)
Hanoi,,21.0283334,105.854041,0chdr9tu90o,https://www.youtube.com/watch?v=0chdr9tu90o,0,2841,0,0,UCcROxwq_GajcurqLI7zGFfw,"Đường Từ Hà Đông Đi Vân Đình, Tế Tiêu",
Hanoi,,21.0283334,105.854041,c_vzY--jWUk,https://www.youtube.com/watch?v=c_vzY--jWUk,0,1296,0,0,UCcROxwq_GajcurqLI7zGFfw,HANOI TODAY 2023 (6),
Hanoi,,21.0283334,105.854041,Ya1eEgN3zCo,https://www.youtube.com/watch?v=Ya1eEgN3zCo,0,1063,0,0,UCcROxwq_GajcurqLI7zGFfw,Hà Nội tháng 8 (24 812),
Hanoi,,21.0283334,105.854041,Ya1eEgN3zCo,https://www.youtube.com/watch?v=Ya1eEgN3zCo,1064,2685,1,0,UCcROxwq_GajcurqLI7zGFfw,Hà Nội tháng 8 (24 812),night(label)
Hanoi,,21.0283334,105.854041,7WTwjqRdGlI,https://www.youtube.com/watch?v=7WTwjqRdGlI,0,414,0,0,UCcROxwq_GajcurqLI7zGFfw,"PHỐ ĐỘI CẤN vào ngõ VẠN BẢO HÀ NỘI, THÁNG 11 NĂM 2020 (THỜI COVID)",
Hanoi,,21.0283334,105.854041,u8yccGJuD6E,https://www.youtube.com/watch?v=u8yccGJuD6E,0,1198,1,0,UCcROxwq_GajcurqLI7zGFfw,Hà Nội tháng 7 (24 747),night(label)
Hanoi,,21.0283334,105.854041,u8yccGJuD6E,https://www.youtube.com/watch?v=u8yccGJuD6E,1438,2245,1,0,UCcROxwq_GajcurqLI7zGFfw,Hà Nội tháng 7 (24 747),night(label)
Hanoi,,21.0283334,105.854041,MJ-NiuEpk7E,https://www.youtube.com/watch?v=MJ-NiuEpk7E,0,1393,0,0,UCcROxwq_GajcurqLI7zGFfw,Hà Nội mùa Thu (24 1061),
Hanoi,,21.0283334,105.854041,DnVuzo8iuqk,https://www.youtube.com/watch?v=DnVuzo8iuqk,0,2689,1,0,UCcROxwq_GajcurqLI7zGFfw,HÀ NỘI CHIỀU CHỦ NHẬT (24 370),night(label)
Hanoi,,21.0283334,105.854041,QGfD6uxmOw4,https://www.youtube.com/watch?v=QGfD6uxmOw4,0,506,0,0,UCcROxwq_GajcurqLI7zGFfw,Mưa & Kẹt Xe cuối Đông đầu năm 2022!,rain;rush/jam
Hanoi,,21.0283334,105.854041,QGfD6uxmOw4,https://www.youtube.com/watch?v=QGfD6uxmOw4,507,3201,1,0,UCcROxwq_GajcurqLI7zGFfw,Mưa & Kẹt Xe cuối Đông đầu năm 2022!,rain;rush/jam;night(label)
Hanoi,,21.0283334,105.854041,tjBKD2MhB1E,https://www.youtube.com/watch?v=tjBKD2MhB1E,0,799,0,0,UCcROxwq_GajcurqLI7zGFfw,Hà Nội mùa Thu năm 2024 (24 887),
Hanoi,,21.0283334,105.854041,sHvnN3ZJcS8,https://www.youtube.com/watch?v=sHvnN3ZJcS8,0,2836,0,0,UCcROxwq_GajcurqLI7zGFfw,CHUYỂN ĐỘNG NGOẠI THÀNH VÀO NỘI THÀNH (23 024),
Hanoi,,21.0283334,105.854041,sHvnN3ZJcS8,https://www.youtube.com/watch?v=sHvnN3ZJcS8,2837,4029,1,0,UCcROxwq_GajcurqLI7zGFfw,CHUYỂN ĐỘNG NGOẠI THÀNH VÀO NỘI THÀNH (23 024),night(label)
Hanoi,,21.0283334,105.854041,Rm_k93MxAWg,https://www.youtube.com/watch?v=Rm_k93MxAWg,0,1191,0,0,UCcROxwq_GajcurqLI7zGFfw,"chiều Hà Nội, ngày 24 tháng 7 năm 2021, thực hiện giãn cách xã hội (T6)",
Hanoi,,21.0283334,105.854041,kihsoQw9y-Y,https://www.youtube.com/watch?v=kihsoQw9y-Y,0,530,1,0,UCcROxwq_GajcurqLI7zGFfw,CẢNH ÙN TẮC ĐƯỜNG QUEN THUỘC Ở HÀ THÀNH  (NĂM 2020 THỜI COVID),rush/jam;night(label)
Hanoi,,21.0283334,105.854041,AgW3NKQXsRs,https://www.youtube.com/watch?v=AgW3NKQXsRs,0,2404,0,0,UCcROxwq_GajcurqLI7zGFfw,"Hà Nội thứ 7, ra vùng ngoại ô thời tiết Xầm Xì cuối Thu cuối mùa Covid",
Hanoi,,21.0283334,105.854041,RRmyWtI3LLU,https://www.youtube.com/watch?v=RRmyWtI3LLU,0,1278,0,0,UCcROxwq_GajcurqLI7zGFfw,Đường Phố Hà Nội năm 2023,
Hanoi,,21.0283334,105.854041,yJZKhpLVmMc,https://www.youtube.com/watch?v=yJZKhpLVmMc,0,642,0,0,UCcROxwq_GajcurqLI7zGFfw,Hà Nội đầu năm 2025 (25 016),
Hanoi,,21.0283334,105.854041,yJZKhpLVmMc,https://www.youtube.com/watch?v=yJZKhpLVmMc,643,1543,1,0,UCcROxwq_GajcurqLI7zGFfw,Hà Nội đầu năm 2025 (25 016),night(label)
Hanoi,,21.0283334,105.854041,pV7zzYJhGKI,https://www.youtube.com/watch?v=pV7zzYJhGKI,0,2159,1,0,UCcROxwq_GajcurqLI7zGFfw,Hà Nội chiều thứ Bảy mưa rơi rơi (24 688),rain;night(label)
Hanoi,,21.0283334,105.854041,0l54R8Cbmuo,https://www.youtube.com/watch?v=0l54R8Cbmuo,0,1568,0,0,UCcROxwq_GajcurqLI7zGFfw,"đường phố Hà Nội sau cơn mưa, những ngày bắt đầu nới lỏng giãn cách",rain
Hanoi,,21.0283334,105.854041,g1I5BguVD6A,https://www.youtube.com/watch?v=g1I5BguVD6A,25,443,1,0,UCcROxwq_GajcurqLI7zGFfw,"9h TỐI, NGÕ VĂN CHƯƠNG KHÂM THIÊN - ĐÊ LA THÀNH, HÀ NỘI THỜI COVID 2021",night
Hanoi,,21.0283334,105.854041,JSR8etDzXXQ,https://www.youtube.com/watch?v=JSR8etDzXXQ,0,1751,0,0,UCcROxwq_GajcurqLI7zGFfw,Hà Nội mùa Thu tháng 8 năm 2024 (24 851),
Hanoi,,21.0283334,105.854041,EdcgeZ4odRQ,https://www.youtube.com/watch?v=EdcgeZ4odRQ,0,531,1,0,UCcROxwq_GajcurqLI7zGFfw,"phố Vọng - phố Nguyễn An Ninh - phố Trương Định, Hà Nội tết Tân Sửu (2021)",tet/holiday;night(label)
Hanoi,,21.0283334,105.854041,WoByKNOUZcE,https://www.youtube.com/watch?v=WoByKNOUZcE,0,1621,1,0,UCcROxwq_GajcurqLI7zGFfw,Hà Nội mùa Thu (24 891),night(label)
Hanoi,,21.0283334,105.854041,WoByKNOUZcE,https://www.youtube.com/watch?v=WoByKNOUZcE,1787,1891,1,0,UCcROxwq_GajcurqLI7zGFfw,Hà Nội mùa Thu (24 891),night(label)
Hanoi,,21.0283334,105.854041,sTnlpAdyK5U,https://www.youtube.com/watch?v=sTnlpAdyK5U,0,2401,0,0,UCcROxwq_GajcurqLI7zGFfw,CHUYỂN ĐỘNG HÀ NỘI (23 007),
Hanoi,,21.0283334,105.854041,WHIJWge3mB4,https://www.youtube.com/watch?v=WHIJWge3mB4,0,1246,0,0,UCcROxwq_GajcurqLI7zGFfw,đường Hà Nội cuối mùa Thu (24 1188),
Hanoi,,21.0283334,105.854041,amhNUwCz43s,https://www.youtube.com/watch?v=amhNUwCz43s,0,1593,1,0,UCcROxwq_GajcurqLI7zGFfw,"Hà Nội chiều tối, mùa Hè năm 2021",night
Hanoi,,21.0283334,105.854041,cYJ3EF4T3kM,https://www.youtube.com/watch?v=cYJ3EF4T3kM,128,2128,0,0,UCcROxwq_GajcurqLI7zGFfw,HAI BÊN CẦU CHƯƠNG DƯƠNG HÀ NỘI CÓ GÌ KHÁC NHAU? (23 088),
Hanoi,,21.0283334,105.854041,cYJ3EF4T3kM,https://www.youtube.com/watch?v=cYJ3EF4T3kM,2160,6348,1,0,UCcROxwq_GajcurqLI7zGFfw,HAI BÊN CẦU CHƯƠNG DƯƠNG HÀ NỘI CÓ GÌ KHÁC NHAU? (23 088),night(label)
Hanoi,,21.0283334,105.854041,PaWHMHQgUEI,https://www.youtube.com/watch?v=PaWHMHQgUEI,0,531,1,0,UCcROxwq_GajcurqLI7zGFfw,6h tối Hà Nội giờ cao điểm giao thông (Nguyễn Trãi - Ngã Tư Sở),night;rush/jam
Hanoi,,21.0283334,105.854041,ib1VthvXQS8,https://www.youtube.com/watch?v=ib1VthvXQS8,0,1920,1,0,UCcROxwq_GajcurqLI7zGFfw,9h tối Hà Nội (24 1025),night
Hanoi,,21.0283334,105.854041,k_BurahEkp0,https://www.youtube.com/watch?v=k_BurahEkp0,0,5228,0,0,UCcROxwq_GajcurqLI7zGFfw,HÀ NỘI HƯỚNG HOÀ BÌNH (24 613),
Hanoi,,21.0283334,105.854041,qo4naNrB3b8,https://www.youtube.com/watch?v=qo4naNrB3b8,0,3060,0,0,UCcROxwq_GajcurqLI7zGFfw,ĐỘNG HÀ NỘI LẠNH (23 789),
Hanoi,,21.0283334,105.854041,3Em7ryK9c-0,https://www.youtube.com/watch?v=3Em7ryK9c-0,0,1062,0,0,UCcROxwq_GajcurqLI7zGFfw,"CHUYỂN ĐỘNG THƯA DẦN ĐƯỜNG VÀO HÀ NỘI THỜI PHÒNG COVID-19, NĂM 2021",
Hanoi,,21.0283334,105.854041,KXe6ntEuIlw,https://www.youtube.com/watch?v=KXe6ntEuIlw,0,582,0,0,UCcROxwq_GajcurqLI7zGFfw,"Hà Nội Mùa Thu, sau Mưa siêu bão Yagi (24 954)",rain
Hanoi,,21.0283334,105.854041,KXe6ntEuIlw,https://www.youtube.com/watch?v=KXe6ntEuIlw,583,2137,1,0,UCcROxwq_GajcurqLI7zGFfw,"Hà Nội Mùa Thu, sau Mưa siêu bão Yagi (24 954)",rain;night(label)
Hanoi,,21.0283334,105.854041,gf8iDOLY0WA,https://www.youtube.com/watch?v=gf8iDOLY0WA,0,1420,1,0,UCcROxwq_GajcurqLI7zGFfw,Hà Nội 30 TếT Quý Mão,tet/holiday;night(label)
Hanoi,,21.0283334,105.854041,h78jjokFV_g,https://www.youtube.com/watch?v=h78jjokFV_g,133,1856,0,0,UCcROxwq_GajcurqLI7zGFfw,HANOI TODAY 2023 (2),
Hanoi,,21.0283334,105.854041,m1IAvNHqWUc,https://www.youtube.com/watch?v=m1IAvNHqWUc,0,153,0,0,UCcROxwq_GajcurqLI7zGFfw,Hà Nội tháng 4 năm 2022,
Hanoi,,21.0283334,105.854041,m1IAvNHqWUc,https://www.youtube.com/watch?v=m1IAvNHqWUc,301,3527,0,0,UCcROxwq_GajcurqLI7zGFfw,Hà Nội tháng 4 năm 2022,
Hanoi,,21.0283334,105.854041,y0z-qPPC2XA,https://www.youtube.com/watch?v=y0z-qPPC2XA,0,1782,0,0,UCcROxwq_GajcurqLI7zGFfw,"Hà Nội ngày Giáp Tết Quý Mão, Se Se Lạnh",tet/holiday
Hanoi,,21.0283334,105.854041,EDJz1muLr90,https://www.youtube.com/watch?v=EDJz1muLr90,0,3334,0,0,UCcROxwq_GajcurqLI7zGFfw,Hanoi Streets July 2023,
Hanoi,,21.0283334,105.854041,Q_U-gmbsqqM,https://www.youtube.com/watch?v=Q_U-gmbsqqM,0,1419,1,0,UCcROxwq_GajcurqLI7zGFfw,"Đêm Giao Thừa TếT Quý Mão, Hà Nội",night;tet/holiday
Hanoi,,21.0283334,105.854041,koEcTFks3xM,https://www.youtube.com/watch?v=koEcTFks3xM,0,2280,0,0,UCcROxwq_GajcurqLI7zGFfw,HÀ NỘI NĂM 2024 (24 642),
Hanoi,,21.0283334,105.854041,A47KXfN4SO0,https://www.youtube.com/watch?v=A47KXfN4SO0,0,325,0,0,UCcROxwq_GajcurqLI7zGFfw,Quốc lộ 1A (cũ) qua Phú Xuyên (đến Phủ Lý) năm 2020,
Hanoi,,21.0283334,105.854041,xp75Q4jLJqE,https://www.youtube.com/watch?v=xp75Q4jLJqE,0,1529,1,0,UCcROxwq_GajcurqLI7zGFfw,"[T1] đi Bão nhiều xe máy, chắc chỉ có ở Việt Nam ... [đoạn phố Phan Đình Phùng]",rain;night(label)
Hanoi,,21.0283334,105.854041,LY8fVM9WE7k,https://www.youtube.com/watch?v=LY8fVM9WE7k,18,3459,0,0,UCcROxwq_GajcurqLI7zGFfw,Phố To Phố nhỏ Hà Thành mùa Thu năm 2024 (24 8911),
Hanoi,,21.0283334,105.854041,eiaA0YrzuNA,https://www.youtube.com/watch?v=eiaA0YrzuNA,0,3543,1,0,UCcROxwq_GajcurqLI7zGFfw,CHUYỂN ĐỘNG HÀ NỘI ĐẦU NĂM 2024 (24 117),night(label)
Hanoi,,21.0283334,105.854041,M28AHhEee7A,https://www.youtube.com/watch?v=M28AHhEee7A,0,2305,1,0,UCcROxwq_GajcurqLI7zGFfw,MÙA ĐÔNG HÀ NỘI NĂM 2024 (24 142),night(label)
Hanoi,,21.0283334,105.854041,5u51smGyJBk,https://www.youtube.com/watch?v=5u51smGyJBk,0,1729,0,0,UCcROxwq_GajcurqLI7zGFfw,Hưng Yên Hà Nội ngày đầu năm 2025 (25 258),
Hanoi,,21.0283334,105.854041,qvB6FzFbud0,https://www.youtube.com/watch?v=qvB6FzFbud0,0,1651,0,0,UCcROxwq_GajcurqLI7zGFfw,Vùng Ngoại Ô Hà Nội Hà Đông,
Hanoi,,21.0283334,105.854041,HjS2Jg5dHaY,https://www.youtube.com/watch?v=HjS2Jg5dHaY,0,1480,1,0,UCcROxwq_GajcurqLI7zGFfw,Quanh Cảnh Hồ Hoàn Kiếm Hà Nội trước giờ Bắn Pháo Hoa chào đón năm Ất Tỵ (25 0110),night(label)
Hanoi,,21.0283334,105.854041,mM8ZwJDxLFI,https://www.youtube.com/watch?v=mM8ZwJDxLFI,0,1671,1,0,UCcROxwq_GajcurqLI7zGFfw,HÀ THÀNH LÚC 7h TỐI NĂM 2024 (24 315),night
Hanoi,,21.0283334,105.854041,v88r4D8Ivg8,https://www.youtube.com/watch?v=v88r4D8Ivg8,1709,2539,0,0,UCcROxwq_GajcurqLI7zGFfw,Hà Nội Mùa Thu năm 2022,
Hanoi,,21.0283334,105.854041,v88r4D8Ivg8,https://www.youtube.com/watch?v=v88r4D8Ivg8,2540,3211,1,0,UCcROxwq_GajcurqLI7zGFfw,Hà Nội Mùa Thu năm 2022,night(label)
Hanoi,,21.0283334,105.854041,GLrAh4mByuQ,https://www.youtube.com/watch?v=GLrAh4mByuQ,0,1081,0,0,UCcROxwq_GajcurqLI7zGFfw,Đường Hà Nội,
Hanoi,,21.0283334,105.854041,Ko5-wzvP3Bs,https://www.youtube.com/watch?v=Ko5-wzvP3Bs,0,2661,1,0,UCcROxwq_GajcurqLI7zGFfw,CHUYỂN ĐỘNG HÀ NỘI (23 795),night(label)
Hanoi,,21.0283334,105.854041,oqO1TDQedU4,https://www.youtube.com/watch?v=oqO1TDQedU4,0,695,0,0,UCcROxwq_GajcurqLI7zGFfw,"HÀ NỘI CHIỀU BA MƯƠI TẾT, NĂM GIÁP THÌN (24 116)",tet/holiday
Hanoi,,21.0283334,105.854041,oqO1TDQedU4,https://www.youtube.com/watch?v=oqO1TDQedU4,696,2918,1,0,UCcROxwq_GajcurqLI7zGFfw,"HÀ NỘI CHIỀU BA MƯƠI TẾT, NĂM GIÁP THÌN (24 116)",tet/holiday;night(label)
Hanoi,,21.0283334,105.854041,oqO1TDQedU4,https://www.youtube.com/watch?v=oqO1TDQedU4,3126,4684,1,0,UCcROxwq_GajcurqLI7zGFfw,"HÀ NỘI CHIỀU BA MƯƠI TẾT, NĂM GIÁP THÌN (24 116)",tet/holiday;night(label)
Hanoi,,21.0283334,105.854041,rO2imnPDJjA,https://www.youtube.com/watch?v=rO2imnPDJjA,0,621,1,0,UCcROxwq_GajcurqLI7zGFfw,Chiều Hà Nội Mưa & Rét đầu mùa Xuân Nhâm Dần,rain;night(label)
Hanoi,,21.0283334,105.854041,_mxHISuu2EQ,https://www.youtube.com/watch?v=_mxHISuu2EQ,0,1597,1,0,UCcROxwq_GajcurqLI7zGFfw,Đường Hà Nội cuối năm 2022,night(label)
Hanoi,,21.0283334,105.854041,ye6yOTpFUC4,https://www.youtube.com/watch?v=ye6yOTpFUC4,0,1772,0,0,UCcROxwq_GajcurqLI7zGFfw,Thường Tín Thanh Trì năm 2023,
Hanoi,,21.0283334,105.854041,rJPJHOmYE1w,https://www.youtube.com/watch?v=rJPJHOmYE1w,0,518,0,0,UCcROxwq_GajcurqLI7zGFfw,Hà Nội vào Đông (24 1111),
Hanoi,,21.0283334,105.854041,rJPJHOmYE1w,https://www.youtube.com/watch?v=rJPJHOmYE1w,519,1728,1,0,UCcROxwq_GajcurqLI7zGFfw,Hà Nội vào Đông (24 1111),night(label)
Hanoi,,21.0283334,105.854041,3PCEjtqCQ8Y,https://www.youtube.com/watch?v=3PCEjtqCQ8Y,0,2662,1,0,UCcROxwq_GajcurqLI7zGFfw,ĐƯỜNG VÀO HÀ THÀNH (23 893),night(label)
Hanoi,,21.0283334,105.854041,nHzX66BXdWc,https://www.youtube.com/watch?v=nHzX66BXdWc,3034,5041,1,0,UCcROxwq_GajcurqLI7zGFfw,"ĐƯỜNG VỀ NHÀ, HÀ NỘI NĂM 2024 (24 502)",night(label)
Hanoi,,21.0283334,105.854041,hmqUgv_5MA0,https://www.youtube.com/watch?v=hmqUgv_5MA0,0,1030,0,0,UCcROxwq_GajcurqLI7zGFfw,Hanoi Today 2023 (JUNE),
Hanoi,,21.0283334,105.854041,hmqUgv_5MA0,https://www.youtube.com/watch?v=hmqUgv_5MA0,1031,2992,1,0,UCcROxwq_GajcurqLI7zGFfw,Hanoi Today 2023 (JUNE),night(label)
Hanoi,,21.0283334,105.854041,ZHFZGp-OJHY,https://www.youtube.com/watch?v=ZHFZGp-OJHY,0,2396,0,0,UCcROxwq_GajcurqLI7zGFfw,HANOI TODAY 2023 (9),
Hanoi,,21.0283334,105.854041,aq9zvo31vsw,https://www.youtube.com/watch?v=aq9zvo31vsw,0,531,0,0,UCcROxwq_GajcurqLI7zGFfw,"Hoàng Diệu - Nguyễn Thái Học - Lê Duẩn, Hà Nội 2021",
Hanoi,,21.0283334,105.854041,btJqNSNawzQ,https://www.youtube.com/watch?v=btJqNSNawzQ,0,1994,0,0,UCcROxwq_GajcurqLI7zGFfw,"chiều Hà Nội, ngày 24 tháng 7 năm 2021, thực hiện giãn cách xã hội toàn thành phố (T5)",
Hanoi,,21.0283334,105.854041,DAHcO1pWb64,https://www.youtube.com/watch?v=DAHcO1pWb64,0,1070,0,0,UCcROxwq_GajcurqLI7zGFfw,Hà Nội tháng 5 năm 2023,
Hanoi,,21.0283334,105.854041,DAHcO1pWb64,https://www.youtube.com/watch?v=DAHcO1pWb64,1339,2130,0,0,UCcROxwq_GajcurqLI7zGFfw,Hà Nội tháng 5 năm 2023,
Hanoi,,21.0283334,105.854041,qdY8CSsYJfg,https://www.youtube.com/watch?v=qdY8CSsYJfg,0,3549,0,0,UCcROxwq_GajcurqLI7zGFfw,HANOI TODAY 2023 (5),
Hanoi,,21.0283334,105.854041,NodSSatF1Ro,https://www.youtube.com/watch?v=NodSSatF1Ro,0,2131,1,0,UCcROxwq_GajcurqLI7zGFfw,Hanoi Today July 2023,night(label)
Hanoi,,21.0283334,105.854041,4kP54VwX49A,https://www.youtube.com/watch?v=4kP54VwX49A,0,1279,1,0,UCcROxwq_GajcurqLI7zGFfw,HÀ NỘI NĂM 2024 (24 783),night(label)
Hanoi,,21.0283334,105.854041,4OcgkDOnd-c,https://www.youtube.com/watch?v=4OcgkDOnd-c,0,905,0,0,UCcROxwq_GajcurqLI7zGFfw,Hà Nội Ngày Hè Nắng Nóng!,
Hanoi,,21.0283334,105.854041,ulzZLmAJmQw,https://www.youtube.com/watch?v=ulzZLmAJmQw,0,2044,0,0,UCcROxwq_GajcurqLI7zGFfw,Hà Nội trầm lắng ngày phòng Dịch Covid 2021 (NXH 2117),
Hanoi,,21.0283334,105.854041,_FyZJVUzdRc,https://www.youtube.com/watch?v=_FyZJVUzdRc,21,1643,0,0,UCcROxwq_GajcurqLI7zGFfw,Hà Nội ngày Giãn cách,
Hanoi,,21.0283334,105.854041,8BjE5s1pdX8,https://www.youtube.com/watch?v=8BjE5s1pdX8,0,1729,1,0,UCcROxwq_GajcurqLI7zGFfw,Trung Thu Hà Nôi năm 2024 (24 972),night(label)
Hanoi,,21.0283334,105.854041,Ckb8QV4-8qs,https://www.youtube.com/watch?v=Ckb8QV4-8qs,0,702,0,0,UCcROxwq_GajcurqLI7zGFfw,HÀ THÀNH CHIỀU CHỦ NHẬT  (24 694),
Hanoi,,21.0283334,105.854041,Ckb8QV4-8qs,https://www.youtube.com/watch?v=Ckb8QV4-8qs,703,2259,1,0,UCcROxwq_GajcurqLI7zGFfw,HÀ THÀNH CHIỀU CHỦ NHẬT  (24 694),night(label)
Hanoi,,21.0283334,105.854041,TfKi4LSMrtA,https://www.youtube.com/watch?v=TfKi4LSMrtA,0,4179,0,0,UCcROxwq_GajcurqLI7zGFfw,"[T6] Hà Nội mù mịt ngày mưa phùn giá rét, mùa xuân Ất Tỵ",rain
Hanoi,,21.0283334,105.854041,MmZDuvTQQv8,https://www.youtube.com/watch?v=MmZDuvTQQv8,0,2175,0,0,UCcROxwq_GajcurqLI7zGFfw,ĐƯỜNG HÀ NỘI - HƯNG YÊN (23 043),
Hanoi,,21.0283334,105.854041,cXI2JAwPqpM,https://www.youtube.com/watch?v=cXI2JAwPqpM,0,927,0,0,UCcROxwq_GajcurqLI7zGFfw,"Toà Nhà Hàm Cá Mập tháng 4 năm 2025, gần ngày dỡ bỏ? [25 444]",
Hanoi,,21.0283334,105.854041,LxnS4RqDhtA,https://www.youtube.com/watch?v=LxnS4RqDhtA,0,1600,1,0,UCcROxwq_GajcurqLI7zGFfw,Hà Nội Mưa & Giá Rét (8 độ C),rain;night(label)
Hanoi,,21.0283334,105.854041,QBCJQH5iuRA,https://www.youtube.com/watch?v=QBCJQH5iuRA,0,3549,1,0,UCcROxwq_GajcurqLI7zGFfw,CHUYỂN ĐỘNG HÀ NỘI CUỐI TUẦN (23 093),night(label)
Hanoi,,21.0283334,105.854041,2FbVNblPJMs,https://www.youtube.com/watch?v=2FbVNblPJMs,106,781,0,0,UCcROxwq_GajcurqLI7zGFfw,Hà Nội vào Hè năm 2023,
Hanoi,,21.0283334,105.854041,2FbVNblPJMs,https://www.youtube.com/watch?v=2FbVNblPJMs,1043,2045,0,0,UCcROxwq_GajcurqLI7zGFfw,Hà Nội vào Hè năm 2023,
Hanoi,,21.0283334,105.854041,DFeNFSpFzWA,https://www.youtube.com/watch?v=DFeNFSpFzWA,0,1956,1,0,UCcROxwq_GajcurqLI7zGFfw,Hà Nội tháng 3 năm 2022,night(label)
Hanoi,,21.0283334,105.854041,rrG-nyKGbk0,https://www.youtube.com/watch?v=rrG-nyKGbk0,0,2091,0,0,UCcROxwq_GajcurqLI7zGFfw,"HÀ NỘI NGÀY MỒNG 2 TẾT, NĂM GIÁP THÌN (24 121)",tet/holiday
Hanoi,,21.0283334,105.854041,Gvn5i1laAns,https://www.youtube.com/watch?v=Gvn5i1laAns,0,2459,0,0,UCcROxwq_GajcurqLI7zGFfw,HANOI TODAY JULY 2023 (3),
Hanoi,,21.0283334,105.854041,sDLF_vc5-ks,https://www.youtube.com/watch?v=sDLF_vc5-ks,0,1771,0,0,UCcROxwq_GajcurqLI7zGFfw,Hà Nội năm 2023,
Hanoi,,21.0283334,105.854041,Kc-_dkRwTx8,https://www.youtube.com/watch?v=Kc-_dkRwTx8,0,747,0,0,UCcROxwq_GajcurqLI7zGFfw,Hà Nội năm 2023,
Hanoi,,21.0283334,105.854041,OhvAJcCotfs,https://www.youtube.com/watch?v=OhvAJcCotfs,0,1520,0,0,UCcROxwq_GajcurqLI7zGFfw,Một sáng Hà Nội năm 2022,
Hanoi,,21.0283334,105.854041,MHUuKYrNRLM,https://www.youtube.com/watch?v=MHUuKYrNRLM,0,2839,0,0,UCcROxwq_GajcurqLI7zGFfw,Hà Nội tháng 6 năm 2023,
Hanoi,,21.0283334,105.854041,r13AqaWdrcs,https://www.youtube.com/watch?v=r13AqaWdrcs,0,1531,0,0,UCcROxwq_GajcurqLI7zGFfw,Dòng Xe Dòng Người Hà Nội cuối năm 2022,
Hanoi,,21.0283334,105.854041,PVe7lnPRWLM,https://www.youtube.com/watch?v=PVe7lnPRWLM,0,532,0,0,UCcROxwq_GajcurqLI7zGFfw,HÀ NỘI VÀO HÈ NĂM 2024  (24 464),
Hanoi,,21.0283334,105.854041,PVe7lnPRWLM,https://www.youtube.com/watch?v=PVe7lnPRWLM,533,2829,0,0,UCcROxwq_GajcurqLI7zGFfw,HÀ NỘI VÀO HÈ NĂM 2024  (24 464),
Hanoi,,21.0283334,105.854041,qDLroeLPNDA,https://www.youtube.com/watch?v=qDLroeLPNDA,0,1363,1,0,UCcROxwq_GajcurqLI7zGFfw,Hà Nội chiều 29 Tết năm Nhâm Dần,tet/holiday;night(label)
Hanoi,,21.0283334,105.854041,mu9AyVIL1Fg,https://www.youtube.com/watch?v=mu9AyVIL1Fg,30,968,1,0,UCcROxwq_GajcurqLI7zGFfw,Hà Nội tối ngày mồng một TếT Quý Mão,night;tet/holiday
Hanoi,,21.0283334,105.854041,RDDdpY04Lgw,https://www.youtube.com/watch?v=RDDdpY04Lgw,0,530,0,0,UCcROxwq_GajcurqLI7zGFfw,đường phố Hà Nội đầu năm Tân Sửu,
Hanoi,,21.0283334,105.854041,EbrdERMHnpY,https://www.youtube.com/watch?v=EbrdERMHnpY,0,2646,0,0,UCcROxwq_GajcurqLI7zGFfw,ĐƯỜNG PHỐ HÀ NỘI NGÀY HÈ NĂM 2024 (24 624),
Hanoi,,21.0283334,105.854041,Yauqf79Tj20,https://www.youtube.com/watch?v=Yauqf79Tj20,0,1195,0,0,UCcROxwq_GajcurqLI7zGFfw,Hà Nội ngày Nồm Ẩm,
Hanoi,,21.0283334,105.854041,u_SIrIseoJo,https://www.youtube.com/watch?v=u_SIrIseoJo,0,3551,0,0,UCcROxwq_GajcurqLI7zGFfw,Hà Nội tháng 7 năm 2023,
Hanoi,,21.0283334,105.854041,n0xkN_X5ous,https://www.youtube.com/watch?v=n0xkN_X5ous,0,1715,0,0,UCcROxwq_GajcurqLI7zGFfw,Tám cây Cầu nổi tiếng nhất Hà Nội,
Hanoi,,21.0283334,105.854041,7QEKYbSoeqo,https://www.youtube.com/watch?v=7QEKYbSoeqo,0,1415,1,0,UCcROxwq_GajcurqLI7zGFfw,Hà Nội 29 TẾT QUÝ MÃO,tet/holiday;night(label)
Hanoi,,21.0283334,105.854041,n4G-DgzEtyA,https://www.youtube.com/watch?v=n4G-DgzEtyA,7,1355,0,0,UCcROxwq_GajcurqLI7zGFfw,Mưa Nắng Thất Thường,rain
Hanoi,,21.0283334,105.854041,n4G-DgzEtyA,https://www.youtube.com/watch?v=n4G-DgzEtyA,1356,3112,1,0,UCcROxwq_GajcurqLI7zGFfw,Mưa Nắng Thất Thường,rain;night(label)
Hanoi,,21.0283334,105.854041,Mxsw0UH8a2w,https://www.youtube.com/watch?v=Mxsw0UH8a2w,0,1100,0,0,UCcROxwq_GajcurqLI7zGFfw,Hà Nội ơi (011),
Hanoi,,21.0283334,105.854041,uHNfkyUuyEc,https://www.youtube.com/watch?v=uHNfkyUuyEc,0,2840,1,0,UCcROxwq_GajcurqLI7zGFfw,CON ĐƯỜNG CUỐI TUẦN VỀ LAJI HÀ THÀNH (23 075),night(label)
Hanoi,,21.0283334,105.854041,lNZEAadowNY,https://www.youtube.com/watch?v=lNZEAadowNY,0,2207,0,0,UCcROxwq_GajcurqLI7zGFfw,"Hà Nội ngày mồng một Tết năm Nhâm Dần, 2022",tet/holiday
Hanoi,,21.0283334,105.854041,RXae0PjdzHk,https://www.youtube.com/watch?v=RXae0PjdzHk,0,2656,1,0,UCcROxwq_GajcurqLI7zGFfw,đường phố Hà Nội nhộn nhịp khung giờ cao điểm năm 2021,rush/jam;night(label)
Hanoi,,21.0283334,105.854041,EU-ZqvwaWHk,https://www.youtube.com/watch?v=EU-ZqvwaWHk,0,2775,0,0,UCcROxwq_GajcurqLI7zGFfw,Hà Nội đến Hưng Yên Ecopark (24 751),
Hanoi,,21.0283334,105.854041,eCHHAA6t_WM,https://www.youtube.com/watch?v=eCHHAA6t_WM,0,3852,0,0,UCcROxwq_GajcurqLI7zGFfw,HÀ NỘI CUỐI NĂM QUÝ MÃO CHUẨN BỊ ĐÓN NĂM GIÁP THÌN (24 201),
Hanoi,,21.0283334,105.854041,nS3P20SivDU,https://www.youtube.com/watch?v=nS3P20SivDU,127,1806,0,0,UCcROxwq_GajcurqLI7zGFfw,Hà Nội năm 2024 (24 748),
Hanoi,,21.0283334,105.854041,nS3P20SivDU,https://www.youtube.com/watch?v=nS3P20SivDU,1881,2120,0,0,UCcROxwq_GajcurqLI7zGFfw,Hà Nội năm 2024 (24 748),
Hanoi,,21.0283334,105.854041,nS3P20SivDU,https://www.youtube.com/watch?v=nS3P20SivDU,2324,2413,0,0,UCcROxwq_GajcurqLI7zGFfw,Hà Nội năm 2024 (24 748),
Hanoi,,21.0283334,105.854041,nS3P20SivDU,https://www.youtube.com/watch?v=nS3P20SivDU,3092,3832,0,0,UCcROxwq_GajcurqLI7zGFfw,Hà Nội năm 2024 (24 748),
Hanoi,,21.0283334,105.854041,h-irUQ5PxaM,https://www.youtube.com/watch?v=h-irUQ5PxaM,0,3026,0,0,UCcROxwq_GajcurqLI7zGFfw,Hà Nội cuối Đông bước sang năm 2022 (năm Nhâm Dần),
Hanoi,,21.0283334,105.854041,YqcK_6izYa0,https://www.youtube.com/watch?v=YqcK_6izYa0,0,2062,0,0,UCcROxwq_GajcurqLI7zGFfw,Hà Nội năm 2023,
Hanoi,,21.0283334,105.854041,aIvkRc3DBgE,https://www.youtube.com/watch?v=aIvkRc3DBgE,0,1356,0,0,UCcROxwq_GajcurqLI7zGFfw,"Hà Nội Hà Đông, Hà Đông Hà Nội",
Hanoi,,21.0283334,105.854041,8tOLS2IoRRo,https://www.youtube.com/watch?v=8tOLS2IoRRo,0,1375,0,0,UCcROxwq_GajcurqLI7zGFfw,Hà Nội năm 2021 (21 810),
Hanoi,,21.0283334,105.854041,4fj2r6I3dRQ,https://www.youtube.com/watch?v=4fj2r6I3dRQ,0,951,0,0,UCcROxwq_GajcurqLI7zGFfw,Hà Nội vào Thu năm 2023,
Hanoi,,21.0283334,105.854041,4fj2r6I3dRQ,https://www.youtube.com/watch?v=4fj2r6I3dRQ,957,2146,1,0,UCcROxwq_GajcurqLI7zGFfw,Hà Nội vào Thu năm 2023,night(label)
Hanoi,,21.0283334,105.854041,9w8P6hh_2Xc,https://www.youtube.com/watch?v=9w8P6hh_2Xc,0,1729,0,0,UCcROxwq_GajcurqLI7zGFfw,Hà Nội năm 2024 (24 8612),
Hanoi,,21.0283334,105.854041,54wRCpn3hDA,https://www.youtube.com/watch?v=54wRCpn3hDA,0,2125,0,0,UCcROxwq_GajcurqLI7zGFfw,Cao tốc vào quốc Lộ 1A (đang nâng cấp đoạn qua Thường Tín) chiều Hè Rực Nắng năm 2021,highway
Hanoi,,21.0283334,105.854041,bgSjiJB7gmA,https://www.youtube.com/watch?v=bgSjiJB7gmA,0,3843,1,0,UCcROxwq_GajcurqLI7zGFfw,CHUYỂN ĐỘNG HÀ NỘI ĐẦU NĂM 2024 (24 139),night(label)
Hanoi,,21.0283334,105.854041,f0HNe1E6FOg,https://www.youtube.com/watch?v=f0HNe1E6FOg,467,4580,1,0,UCcROxwq_GajcurqLI7zGFfw,CHUYỂN ĐỘNG HÀ NỘI TỐI CHỦ NHẬT  (23 066),night
Hanoi,,21.0283334,105.854041,FM5LTnKy3Q8,https://www.youtube.com/watch?v=FM5LTnKy3Q8,0,1419,1,0,UCcROxwq_GajcurqLI7zGFfw,Hà Nôi 29 TếT Quý Mão,tet/holiday;night(label)
Hanoi,,21.0283334,105.854041,ohd1L1f05Do,https://www.youtube.com/watch?v=ohd1L1f05Do,0,1771,0,0,UCcROxwq_GajcurqLI7zGFfw,Hà Nội trước cơn Mưa tháng 7 năm 2023,rain
Hanoi,,21.0283334,105.854041,ohd1L1f05Do,https://www.youtube.com/watch?v=ohd1L1f05Do,1771,2131,1,0,UCcROxwq_GajcurqLI7zGFfw,Hà Nội trước cơn Mưa tháng 7 năm 2023,rain;night(label)
Hanoi,,21.0283334,105.854041,vaJ5Ya5Hl0A,https://www.youtube.com/watch?v=vaJ5Ya5Hl0A,99,3304,0,0,UCcROxwq_GajcurqLI7zGFfw,CHUYỂN ĐỘNG HÀ NỘI (23 023),
Hanoi,,21.0283334,105.854041,DLiTT5dH7H8,https://www.youtube.com/watch?v=DLiTT5dH7H8,0,2138,0,0,UCcROxwq_GajcurqLI7zGFfw,"HÀ NỘI NGÀY MỒNG 3 TẾT, NĂM GIÁP THÌN (24 126)",tet/holiday
Hanoi,,21.0283334,105.854041,fc5GuFH3-k4,https://www.youtube.com/watch?v=fc5GuFH3-k4,0,1420,1,0,UCcROxwq_GajcurqLI7zGFfw,Cà Nhích & Cà Nhích cuối Tuần,night(label)
Hanoi,,21.0283334,105.854041,N68A5M0sRqc,https://www.youtube.com/watch?v=N68A5M0sRqc,0,531,1,0,UCcROxwq_GajcurqLI7zGFfw,"8h tối đường phố Hà Nội, cuối Thu năm 2021",night
Hanoi,,21.0283334,105.854041,N68A5M0sRqc,https://www.youtube.com/watch?v=N68A5M0sRqc,532,1319,1,0,UCcROxwq_GajcurqLI7zGFfw,"8h tối đường phố Hà Nội, cuối Thu năm 2021",night
Hanoi,,21.0283334,105.854041,CcnJS4kLm1E,https://www.youtube.com/watch?v=CcnJS4kLm1E,0,1337,0,0,UCcROxwq_GajcurqLI7zGFfw,"Những Con Đường Tuyến Phố Hà Nội, cuối năm 2022",
Hanoi,,21.0283334,105.854041,IVty0uAMt-Q,https://www.youtube.com/watch?v=IVty0uAMt-Q,0,2324,1,0,UCcROxwq_GajcurqLI7zGFfw,Nồm và Ẩm đường Hà Nội,night(label)
Hanoi,,21.0283334,105.854041,xKd6z953ZpU,https://www.youtube.com/watch?v=xKd6z953ZpU,36,3415,0,0,UCcROxwq_GajcurqLI7zGFfw,Ngày Mưa Hà Nội năm 2023,rain
Hanoi,,21.0283334,105.854041,LLoX7Y4QFyY,https://www.youtube.com/watch?v=LLoX7Y4QFyY,0,2829,1,0,UCcROxwq_GajcurqLI7zGFfw,lung linh ánh đèn Hà Nội trong nhịp sống bình thường mới,night(label)
Hanoi,,21.0283334,105.854041,-eOqbvXD2nk,https://www.youtube.com/watch?v=-eOqbvXD2nk,0,4127,1,0,UCcROxwq_GajcurqLI7zGFfw,"tờ mờ sáng Hà Nội, mùa Đông thời Covid 2021",night(label)
Hanoi,,21.0283334,105.854041,g5B6X6LpiQU,https://www.youtube.com/watch?v=g5B6X6LpiQU,0,1509,1,0,UCcROxwq_GajcurqLI7zGFfw,10PM Hà Nội tháng 6,night(label)
Hanoi,,21.0283334,105.854041,3wt4DDi3fDI,https://www.youtube.com/watch?v=3wt4DDi3fDI,0,531,0,0,UCcROxwq_GajcurqLI7zGFfw,"VÀNH ĐAI 3 (THANH XUÂN) - NGUYỄN TRÃI - TÂY SƠN, HÀ NỘI ĐẦU NĂM 2021 THỜI COVID",
Hanoi,,21.0283334,105.854041,Uq51TLdYgMQ,https://www.youtube.com/watch?v=Uq51TLdYgMQ,95,2243,0,0,UCcROxwq_GajcurqLI7zGFfw,Hà Nội vào Hè nắng nóng năm 2023,
Hanoi,,21.0283334,105.854041,eZA1n5de9zY,https://www.youtube.com/watch?v=eZA1n5de9zY,0,2547,0,0,UCcROxwq_GajcurqLI7zGFfw,"Hà Nội sáng thứ 7, cuộc sống gần như đã bình thường ....",
Hanoi,,21.0283334,105.854041,eMsnURXMhbc,https://www.youtube.com/watch?v=eMsnURXMhbc,141,4386,0,0,UCcROxwq_GajcurqLI7zGFfw,Hanoi Today 2023,
Hanoi,,21.0283334,105.854041,WfPOKEzRfaA,https://www.youtube.com/watch?v=WfPOKEzRfaA,0,1885,0,0,UCcROxwq_GajcurqLI7zGFfw,Hà Nội ngày cuối của năm 2021,
Hanoi,,21.0283334,105.854041,hmopZ0dEUm8,https://www.youtube.com/watch?v=hmopZ0dEUm8,0,531,0,0,UCcROxwq_GajcurqLI7zGFfw,"buổi chiều đường Lê Duẩn, Hà Nội",
Hanoi,,21.0283334,105.854041,WnOS4rq33Cs,https://www.youtube.com/watch?v=WnOS4rq33Cs,0,1125,0,0,UCcROxwq_GajcurqLI7zGFfw,Hà Nội ngày mồng Ba TếT Quý Mão,tet/holiday
Hanoi,,21.0283334,105.854041,8hbUIIOO-ao,https://www.youtube.com/watch?v=8hbUIIOO-ao,35,1450,0,0,UCcROxwq_GajcurqLI7zGFfw,Hà Nội ngày mồng một TếT Quý Mão,tet/holiday
Hanoi,,21.0283334,105.854041,8hbUIIOO-ao,https://www.youtube.com/watch?v=8hbUIIOO-ao,1451,2183,1,0,UCcROxwq_GajcurqLI7zGFfw,Hà Nội ngày mồng một TếT Quý Mão,tet/holiday;night(label)
Hanoi,,21.0283334,105.854041,qPqWd1Baffs,https://www.youtube.com/watch?v=qPqWd1Baffs,0,2049,1,0,UCcROxwq_GajcurqLI7zGFfw,CHUYỂN ĐỘNG HÀ NỘI ĐẦU NĂM 2024 (24 105),night(label)
Hanoi,,21.0283334,105.854041,pYVdJklumKM,https://www.youtube.com/watch?v=pYVdJklumKM,0,1590,0,0,UCcROxwq_GajcurqLI7zGFfw,"Hà Nội ơi, ngày mồng một Tết năm Ất Tỵ (25 0210)",tet/holiday
Hanoi,,21.0283334,105.854041,rWXOpvdOUhI,https://www.youtube.com/watch?v=rWXOpvdOUhI,0,173,0,0,UCcROxwq_GajcurqLI7zGFfw,Hà Nội Đầu Năm 2023,
Hanoi,,21.0283334,105.854041,rWXOpvdOUhI,https://www.youtube.com/watch?v=rWXOpvdOUhI,174,992,1,0,UCcROxwq_GajcurqLI7zGFfw,Hà Nội Đầu Năm 2023,night(label)
Hanoi,,21.0283334,105.854041,VsR_omENJMg,https://www.youtube.com/watch?v=VsR_omENJMg,0,1375,0,0,UCcROxwq_GajcurqLI7zGFfw,Hà Nội năm 2023,
Hanoi,,21.0283334,105.854041,QWuUT5TQ5Cw,https://www.youtube.com/watch?v=QWuUT5TQ5Cw,0,1020,0,0,UCcROxwq_GajcurqLI7zGFfw,Hà Nội mồng 2 Tết năm Ất Tỵ (25 02304),tet/holiday
Hanoi,,21.0283334,105.854041,HUnkZ4dl2t8,https://www.youtube.com/watch?v=HUnkZ4dl2t8,0,1965,0,0,UCcROxwq_GajcurqLI7zGFfw,Đại Lộ Thắng Long Hà Nội,
Hanoi,,21.0283334,105.854041,SljULuUQa14,https://www.youtube.com/watch?v=SljULuUQa14,0,3376,0,0,UCcROxwq_GajcurqLI7zGFfw,"Hà Nội ngày mồn 3 Tểt Nhâm Dần, năm 2022",
Hanoi,,21.0283334,105.854041,f7TMji903nU,https://www.youtube.com/watch?v=f7TMji903nU,0,2841,0,0,UCcROxwq_GajcurqLI7zGFfw,Vùng Ngoại Ô Hà Nội,
Hanoi,,21.0283334,105.854041,F-KpSdyO5HQ,https://www.youtube.com/watch?v=F-KpSdyO5HQ,0,2845,0,0,UCcROxwq_GajcurqLI7zGFfw,"HÀ NỘI SƯƠNG MÙ GIĂNG KHẮP PHỐ, ĐẸP NHƯ SA PA (24 168)",fog;mountain/pass
Hanoi,,21.0283334,105.854041,rDBzbNryfVg,https://www.youtube.com/watch?v=rDBzbNryfVg,0,250,0,0,UCcROxwq_GajcurqLI7zGFfw,"Hà Nội ơi, những con đường, những góc phố ngày giãn cách",
Hanoi,,21.0283334,105.854041,rDBzbNryfVg,https://www.youtube.com/watch?v=rDBzbNryfVg,316,2030,1,0,UCcROxwq_GajcurqLI7zGFfw,"Hà Nội ơi, những con đường, những góc phố ngày giãn cách",night(label)
Hanoi,,21.0283334,105.854041,xHPQDW0on8k,https://www.youtube.com/watch?v=xHPQDW0on8k,0,2680,1,0,UCcROxwq_GajcurqLI7zGFfw,HÀ NỘI THÁNG 5 NĂM 2024 (24 521),night(label)
Hanoi,,21.0283334,105.854041,cq64_Al6xaE,https://www.youtube.com/watch?v=cq64_Al6xaE,0,1639,0,0,UCcROxwq_GajcurqLI7zGFfw,"[Bản Full] đường phố Hà Nội ngày 9 tháng 9 sau Siêu Bão Yagi 2024, trước khi có Mưa nhiều (24 945)",rain
Hanoi,,21.0283334,105.854041,_lGx1bXXM7s,https://www.youtube.com/watch?v=_lGx1bXXM7s,142,2424,0,0,UCcROxwq_GajcurqLI7zGFfw,"Hà Nội đầu mùa Thu, tháng 8 năm 2023",
Hanoi,,21.0283334,105.854041,_lGx1bXXM7s,https://www.youtube.com/watch?v=_lGx1bXXM7s,2425,2551,1,0,UCcROxwq_GajcurqLI7zGFfw,"Hà Nội đầu mùa Thu, tháng 8 năm 2023",night(label)
Hanoi,,21.0283334,105.854041,DUEk0DGUepo,https://www.youtube.com/watch?v=DUEk0DGUepo,0,1651,1,0,UCcROxwq_GajcurqLI7zGFfw,Hà Nội ngày cận TếT Quý Mão,tet/holiday;night(label)
Hanoi,,21.0283334,105.854041,zPMrTwlUVzQ,https://www.youtube.com/watch?v=zPMrTwlUVzQ,0,774,0,0,UCcROxwq_GajcurqLI7zGFfw,"ĐƯỜNG ĐẾN CHÙA TRĂM GIAN, HUYỆN CHƯƠNG MỸ NGOẠI THÀNH HÀ NỘI",
Hanoi,,21.0283334,105.854041,HGav8Hx1g68,https://www.youtube.com/watch?v=HGav8Hx1g68,0,1729,0,0,UCcROxwq_GajcurqLI7zGFfw,HÀ THÀNH CUỐI TUẦN (24 693),
Hanoi,,21.0283334,105.854041,TjS5tgmCzUA,https://www.youtube.com/watch?v=TjS5tgmCzUA,0,1342,0,0,UCcROxwq_GajcurqLI7zGFfw,đường phố Hà Nội ngày Mưa & Rét (8 độ C) đầu Mùa Xuân Nhâm Dần,rain
Hanoi,,21.0283334,105.854041,lVTEK6CmP0A,https://www.youtube.com/watch?v=lVTEK6CmP0A,0,1881,0,0,UCcROxwq_GajcurqLI7zGFfw,"Hà Nội mỗi ngày báo cáo có hơn 30,000 F0 (tháng 3 năm 2022)",
Hanoi,,21.0283334,105.854041,pEHwS15bbuY,https://www.youtube.com/watch?v=pEHwS15bbuY,0,1846,0,0,UCcROxwq_GajcurqLI7zGFfw,HÀ NỘI THÁNG 6 NĂM 2024 (24 674),
Hanoi,,21.0283334,105.854041,wJucfNELQt4,https://www.youtube.com/watch?v=wJucfNELQt4,0,1603,1,0,UCcROxwq_GajcurqLI7zGFfw,Hà Thành chiều Chủ Nhật,night(label)
Hanoi,,21.0283334,105.854041,qvewYNcKFKw,https://www.youtube.com/watch?v=qvewYNcKFKw,0,854,0,0,UCcROxwq_GajcurqLI7zGFfw,HÀ NỘI THÁNG 4 (24 492),
Hanoi,,21.0283334,105.854041,qvewYNcKFKw,https://www.youtube.com/watch?v=qvewYNcKFKw,861,3898,1,0,UCcROxwq_GajcurqLI7zGFfw,HÀ NỘI THÁNG 4 (24 492),night(label)
Hanoi,,21.0283334,105.854041,oIAlWHjHk0g,https://www.youtube.com/watch?v=oIAlWHjHk0g,0,2131,1,0,UCcROxwq_GajcurqLI7zGFfw,Hoàng Hôn buông xuống đường Hà Nội,night(label)
Hanoi,,21.0283334,105.854041,16ghLKR242s,https://www.youtube.com/watch?v=16ghLKR242s,0,2988,1,0,UCcROxwq_GajcurqLI7zGFfw,Nhá Nhem Hà Thành,night(label)
Hanoi,,21.0283334,105.854041,X0gUOa0JpUU,https://www.youtube.com/watch?v=X0gUOa0JpUU,0,542,0,0,UCcROxwq_GajcurqLI7zGFfw,Đường phố Hà Nội đầu năm 2025 (25 0157),
Hanoi,,21.0283334,105.854041,X0gUOa0JpUU,https://www.youtube.com/watch?v=X0gUOa0JpUU,543,2308,1,0,UCcROxwq_GajcurqLI7zGFfw,Đường phố Hà Nội đầu năm 2025 (25 0157),night(label)
Hanoi,,21.0283334,105.854041,PSse-_Kpfyc,https://www.youtube.com/watch?v=PSse-_Kpfyc,129,530,0,0,UCcROxwq_GajcurqLI7zGFfw,Hà Nội ơi (944),
Hanoi,,21.0283334,105.854041,zmskE7wdhOk,https://www.youtube.com/watch?v=zmskE7wdhOk,0,5809,0,0,UCcROxwq_GajcurqLI7zGFfw,"những con đường vắng, những cửa hàng tạm đóng cửa mùa Covid ở Hà Nội (T1)",
Hanoi,,21.0283334,105.854041,8pz4LTm4tTM,https://www.youtube.com/watch?v=8pz4LTm4tTM,0,3024,0,0,UCcROxwq_GajcurqLI7zGFfw,CHUYỂN ĐỘNG HÀ NỘI CHIỀU 1 THÁNG 9 (23 031),
Hanoi,,21.0283334,105.854041,wuUBFaYDTi0,https://www.youtube.com/watch?v=wuUBFaYDTi0,0,1751,0,0,UCcROxwq_GajcurqLI7zGFfw,Nhớ về Hà Nội ngày phòng Covid,
Hanoi,,21.0283334,105.854041,wuUBFaYDTi0,https://www.youtube.com/watch?v=wuUBFaYDTi0,1754,2354,0,0,UCcROxwq_GajcurqLI7zGFfw,Nhớ về Hà Nội ngày phòng Covid,
Hanoi,,21.0283334,105.854041,wuUBFaYDTi0,https://www.youtube.com/watch?v=wuUBFaYDTi0,2431,2810,1,0,UCcROxwq_GajcurqLI7zGFfw,Nhớ về Hà Nội ngày phòng Covid,night(label)
Hanoi,,21.0283334,105.854041,aLM5V6prVrA,https://www.youtube.com/watch?v=aLM5V6prVrA,0,780,0,0,UCcROxwq_GajcurqLI7zGFfw,"ngày Mưa Ướt Át, một Hà Thành Lướt Thướt! tháng 5 năm 2022",rain
Hanoi,,21.0283334,105.854041,aLM5V6prVrA,https://www.youtube.com/watch?v=aLM5V6prVrA,781,3529,1,0,UCcROxwq_GajcurqLI7zGFfw,"ngày Mưa Ướt Át, một Hà Thành Lướt Thướt! tháng 5 năm 2022",rain;night(label)
Hanoi,,21.0283334,105.854041,Xpk4fSYjCNs,https://www.youtube.com/watch?v=Xpk4fSYjCNs,0,4169,0,0,UCcROxwq_GajcurqLI7zGFfw,Hà Nội chiều Thứ 6,
Hanoi,,21.0283334,105.854041,CvwdrHwQBHM,https://www.youtube.com/watch?v=CvwdrHwQBHM,0,3549,0,0,UCcROxwq_GajcurqLI7zGFfw,HA NOI TODAY 2023 (10),
Hanoi,,21.0283334,105.854041,9vPtfcIWSQs,https://www.youtube.com/watch?v=9vPtfcIWSQs,0,2575,0,0,UCcROxwq_GajcurqLI7zGFfw,Hà Nội đến Ecopark tháng 4 năm 2022,
Hanoi,,21.0283334,105.854041,9vPtfcIWSQs,https://www.youtube.com/watch?v=9vPtfcIWSQs,2792,3226,0,0,UCcROxwq_GajcurqLI7zGFfw,Hà Nội đến Ecopark tháng 4 năm 2022,
Hanoi,,21.0283334,105.854041,sy90teXauU4,https://www.youtube.com/watch?v=sy90teXauU4,0,1148,0,0,UCcROxwq_GajcurqLI7zGFfw,Đường phố Hà Nội mồng một Tết năm Ất Tỵ (25 0208),tet/holiday
Hanoi,,21.0283334,105.854041,OXX5XvhoV2o,https://www.youtube.com/watch?v=OXX5XvhoV2o,0,1785,1,0,UCcROxwq_GajcurqLI7zGFfw,Hà Nội ngày mồng Hai TếT Quý Mão,tet/holiday;night(label)
Hanoi,,21.0283334,105.854041,d8xwIu2uoX0,https://www.youtube.com/watch?v=d8xwIu2uoX0,0,1618,0,0,UCcROxwq_GajcurqLI7zGFfw,Hà Nội chiều Chủ Nhật,
Hanoi,,21.0283334,105.854041,K7vSmB3E7ik,https://www.youtube.com/watch?v=K7vSmB3E7ik,0,2359,0,0,UCcROxwq_GajcurqLI7zGFfw,toàn cảnh quận Long Biên tháng 10 năm 2021 (NXH2124),
Hanoi,,21.0283334,105.854041,K7vSmB3E7ik,https://www.youtube.com/watch?v=K7vSmB3E7ik,2360,3722,0,0,UCcROxwq_GajcurqLI7zGFfw,toàn cảnh quận Long Biên tháng 10 năm 2021 (NXH2124),
Hanoi,,21.0283334,105.854041,3fJ8ouDdF3k,https://www.youtube.com/watch?v=3fJ8ouDdF3k,0,2066,0,0,UCcROxwq_GajcurqLI7zGFfw,Xuân Mai Hà Nội năm 2022,
Hanoi,,21.0283334,105.854041,FGmbT5RybyA,https://www.youtube.com/watch?v=FGmbT5RybyA,0,118,0,0,UCcROxwq_GajcurqLI7zGFfw,chiều mùa hè Hà Nội ..,
Hanoi,,21.0283334,105.854041,FGmbT5RybyA,https://www.youtube.com/watch?v=FGmbT5RybyA,119,531,1,0,UCcROxwq_GajcurqLI7zGFfw,chiều mùa hè Hà Nội ..,night(label)
Hanoi,,21.0283334,105.854041,4YI-6m5dRhI,https://www.youtube.com/watch?v=4YI-6m5dRhI,0,721,0,0,UCcROxwq_GajcurqLI7zGFfw,đang mở rộng QL1A (cũ) đường qua Thanh Trì Hà Nội năm 2025 [25 572],
Hanoi,,21.0283334,105.854041,iaSfCLSsO4Q,https://www.youtube.com/watch?v=iaSfCLSsO4Q,0,279,0,0,UCcROxwq_GajcurqLI7zGFfw,Làng Cổ Đại Áng Thanh Trì Hà Nội,
Hanoi,,21.0283334,105.854041,iaSfCLSsO4Q,https://www.youtube.com/watch?v=iaSfCLSsO4Q,364,477,0,0,UCcROxwq_GajcurqLI7zGFfw,Làng Cổ Đại Áng Thanh Trì Hà Nội,
Hanoi,,21.0283334,105.854041,qJd3uIW_vws,https://www.youtube.com/watch?v=qJd3uIW_vws,0,941,0,0,UCcROxwq_GajcurqLI7zGFfw,45 phút Hà Thành,
Hanoi,,21.0283334,105.854041,qJd3uIW_vws,https://www.youtube.com/watch?v=qJd3uIW_vws,942,2785,1,0,UCcROxwq_GajcurqLI7zGFfw,45 phút Hà Thành,night(label)
Hanoi,,21.0283334,105.854041,emWB-LDOoLQ,https://www.youtube.com/watch?v=emWB-LDOoLQ,0,2220,1,0,UCcROxwq_GajcurqLI7zGFfw,Hanoi to Ecopark Hưng Yên (24 1022),night(label)
Hanoi,,21.0283334,105.854041,qnlSdpZ7AI8,https://www.youtube.com/watch?v=qnlSdpZ7AI8,5,1424,1,0,UCcROxwq_GajcurqLI7zGFfw,9h tối Hà Nội năm 2022,night
Hanoi,,21.0283334,105.854041,0sHhs_AAIbI,https://www.youtube.com/watch?v=0sHhs_AAIbI,0,1605,0,0,UCcROxwq_GajcurqLI7zGFfw,Hà Nội ngày mồng Hai TếT Quý Mão,tet/holiday
Hanoi,,21.0283334,105.854041,H9mjSBrZrDw,https://www.youtube.com/watch?v=H9mjSBrZrDw,0,1420,0,0,UCcROxwq_GajcurqLI7zGFfw,"Hà Nội ơi, năm 2022",
Hanoi,,21.0283334,105.854041,1-ykSRl5dWk,https://www.youtube.com/watch?v=1-ykSRl5dWk,0,5379,0,0,UCcROxwq_GajcurqLI7zGFfw,CHUYỂN ĐỘNG HƯNG YÊN HÀ NỘI (23 005),
Hanoi,,21.0283334,105.854041,GJtt1O3kYCw,https://www.youtube.com/watch?v=GJtt1O3kYCw,0,1968,1,0,UCcROxwq_GajcurqLI7zGFfw,Đường Phố Hà Nội cuối năm 2022,night(label)
Hanoi,,21.0283334,105.854041,0Hulli0wHeg,https://www.youtube.com/watch?v=0Hulli0wHeg,0,499,0,0,UCcROxwq_GajcurqLI7zGFfw,Cao Văn Tốc Hà Nội,
Hanoi,,21.0283334,105.854041,0Hulli0wHeg,https://www.youtube.com/watch?v=0Hulli0wHeg,501,2757,1,0,UCcROxwq_GajcurqLI7zGFfw,Cao Văn Tốc Hà Nội,night(label)
Hanoi,,21.0283334,105.854041,PTsalKVlD1E,https://www.youtube.com/watch?v=PTsalKVlD1E,0,1714,0,0,UCcROxwq_GajcurqLI7zGFfw,HANOI TODAY 2023 (JULY),
Hanoi,,21.0283334,105.854041,PTsalKVlD1E,https://www.youtube.com/watch?v=PTsalKVlD1E,2045,5404,0,0,UCcROxwq_GajcurqLI7zGFfw,HANOI TODAY 2023 (JULY),
Hanoi,,21.0283334,105.854041,LcosgJgyApU,https://www.youtube.com/watch?v=LcosgJgyApU,0,2869,1,0,UCcROxwq_GajcurqLI7zGFfw,"HÀ NỘI SẠCH ĐẸP LUNG LINH, THẤP THOÁNG HOA BẰNG LĂNG TIM TÍM, SAU CƠN MƯA THÁNG 5 (24 583)",rain;night(label)
Hanoi,,21.0283334,105.854041,8UAqLWPOMoA,https://www.youtube.com/watch?v=8UAqLWPOMoA,0,2881,1,0,UCcROxwq_GajcurqLI7zGFfw,"Hà Nội ơi, chiều thứ Sáu",night(label)
Hanoi,,21.0283334,105.854041,qfzetGjXdHw,https://www.youtube.com/watch?v=qfzetGjXdHw,10,2010,1,0,UCcROxwq_GajcurqLI7zGFfw,Đường Vành Đai 2 (ngã tư Vọng) sắp hoàn thành,night(label)
Hanoi,,21.0283334,105.854041,AN24BrcW1sQ,https://www.youtube.com/watch?v=AN24BrcW1sQ,0,3404,0,0,UCcROxwq_GajcurqLI7zGFfw,"Hà Nội đầu Xuân Nhâm Dần, năm 2022",
Hanoi,,21.0283334,105.854041,nvwW7gXJDGY,https://www.youtube.com/watch?v=nvwW7gXJDGY,0,1066,0,0,UCcROxwq_GajcurqLI7zGFfw,Cơn Mưa Khủng (90 phút) ập xuống Hà Thành (chiều Chủ Nhật 29 tháng 5 năm 2022),rain
Hanoi,,21.0283334,105.854041,afkq6BUvmNk,https://www.youtube.com/watch?v=afkq6BUvmNk,0,1388,0,0,UCcROxwq_GajcurqLI7zGFfw,Hà Đông Hà Nội tháng 7 năm 2021 mùa Covid,
Hanoi,,21.0283334,105.854041,GUvsty_bSLU,https://www.youtube.com/watch?v=GUvsty_bSLU,0,2415,1,0,UCcROxwq_GajcurqLI7zGFfw,Đường Hà Nội cuối năm 2022,night(label)
Hanoi,,21.0283334,105.854041,egmZsTTDjFM,https://www.youtube.com/watch?v=egmZsTTDjFM,0,3385,0,0,UCcROxwq_GajcurqLI7zGFfw,HÀ NỘI ĐẾN ECOPARK HƯNG YÊN (24 505),
Hanoi,,21.0283334,105.854041,u4foQ-kg-ns,https://www.youtube.com/watch?v=u4foQ-kg-ns,0,626,0,0,UCcROxwq_GajcurqLI7zGFfw,CHUYỂN ĐỘNG MÙA THU HÀ NỘI (23 018),
Hanoi,,21.0283334,105.854041,u4foQ-kg-ns,https://www.youtube.com/watch?v=u4foQ-kg-ns,627,3444,1,0,UCcROxwq_GajcurqLI7zGFfw,CHUYỂN ĐỘNG MÙA THU HÀ NỘI (23 018),night(label)
Hanoi,,21.0283334,105.854041,OM6oB97jkrE,https://www.youtube.com/watch?v=OM6oB97jkrE,0,2458,0,0,UCcROxwq_GajcurqLI7zGFfw,Lang Thang Hà Nội,
Hanoi,,21.0283334,105.854041,H13GCnsg6Ro,https://www.youtube.com/watch?v=H13GCnsg6Ro,0,106,1,0,UCcROxwq_GajcurqLI7zGFfw,"Hà Nội, 100 phút trước khi bước sang năm  Quý Mão",night(label)
Hanoi,,21.0283334,105.854041,H13GCnsg6Ro,https://www.youtube.com/watch?v=H13GCnsg6Ro,690,2923,1,0,UCcROxwq_GajcurqLI7zGFfw,"Hà Nội, 100 phút trước khi bước sang năm  Quý Mão",night(label)
Hanoi,,21.0283334,105.854041,00Rfx9EGLGk,https://www.youtube.com/watch?v=00Rfx9EGLGk,0,2130,0,0,UCcROxwq_GajcurqLI7zGFfw,Vòng Ngoài phía Tây Nam Hà Nội,
Hanoi,,21.0283334,105.854041,tzIymfWzQPk,https://www.youtube.com/watch?v=tzIymfWzQPk,150,2801,1,0,UCcROxwq_GajcurqLI7zGFfw,hơn 30 phút từ Ecopark (Hưng Yên) đến Trung tâm Hà Nội,night(label)
Hanoi,,21.0283334,105.854041,4R30S4_OxyU,https://www.youtube.com/watch?v=4R30S4_OxyU,0,531,1,0,UCcROxwq_GajcurqLI7zGFfw,"NGÃ TƯ VỌNG - NGÃ TƯ SỞ - ĐƯỜNG LÁNG, HÀ NỘI",night(label)
Hanoi,,21.0283334,105.854041,K1CguNqsUnw,https://www.youtube.com/watch?v=K1CguNqsUnw,0,258,0,0,UCcROxwq_GajcurqLI7zGFfw,giao thông Hà Nội giờ cao điểm Hè năm 2021,rush/jam
Hanoi,,21.0283334,105.854041,K1CguNqsUnw,https://www.youtube.com/watch?v=K1CguNqsUnw,259,2110,0,0,UCcROxwq_GajcurqLI7zGFfw,giao thông Hà Nội giờ cao điểm Hè năm 2021,rush/jam
Hanoi,,21.0283334,105.854041,6ixOXXmC70E,https://www.youtube.com/watch?v=6ixOXXmC70E,0,164,0,0,UCcROxwq_GajcurqLI7zGFfw,Hà Nội tháng 3 năm 2022,
Hanoi,,21.0283334,105.854041,6ixOXXmC70E,https://www.youtube.com/watch?v=6ixOXXmC70E,165,2078,1,0,UCcROxwq_GajcurqLI7zGFfw,Hà Nội tháng 3 năm 2022,night(label)
Hanoi,,21.0283334,105.854041,MpM9rB1IGhc,https://www.youtube.com/watch?v=MpM9rB1IGhc,0,2843,0,0,UCcROxwq_GajcurqLI7zGFfw,một vòng quanh Hồ Tây (12km) Hà Nội một ngày Bình Yên năm 2021,
Hanoi,,21.0283334,105.854041,62Omh3TqmBo,https://www.youtube.com/watch?v=62Omh3TqmBo,0,2131,1,0,UCcROxwq_GajcurqLI7zGFfw,Hà Nội lên Đèn,night(label)
Hanoi,,21.0283334,105.854041,waHwWIkV49g,https://www.youtube.com/watch?v=waHwWIkV49g,0,530,0,0,UCcROxwq_GajcurqLI7zGFfw,"XÃ ĐÀN - PHẠM NGỌC THẠCH - LƯƠNG ĐỊNH CỦA - ĐÔNG TÁC - PHƯƠNG ĐÌNH  HÀ NỘI, ĐẦU NĂM 2021 THỜI COVID",
Hanoi,,21.0283334,105.854041,dGHOF4StFUw,https://www.youtube.com/watch?v=dGHOF4StFUw,0,1941,1,0,UCcROxwq_GajcurqLI7zGFfw,Hà Nội năm 2022,night(label)
Hanoi,,21.0283334,105.854041,kIn2274P5H4,https://www.youtube.com/watch?v=kIn2274P5H4,0,2733,0,0,UCcROxwq_GajcurqLI7zGFfw,"Ngoại Nội Thành, năm 2022",
Hanoi,,21.0283334,105.854041,kIn2274P5H4,https://www.youtube.com/watch?v=kIn2274P5H4,2734,3551,1,0,UCcROxwq_GajcurqLI7zGFfw,"Ngoại Nội Thành, năm 2022",night(label)
Hanoi,,21.0283334,105.854041,uR81HnFGlfs,https://www.youtube.com/watch?v=uR81HnFGlfs,0,531,0,0,UCcROxwq_GajcurqLI7zGFfw,"Phố Chùa Bộc - Thái Hà, Hà Nội",
Hanoi,,21.0283334,105.854041,Mn5t4tX6rpk,https://www.youtube.com/watch?v=Mn5t4tX6rpk,0,3199,1,0,UCcROxwq_GajcurqLI7zGFfw,Mưa Lạnh Kẹt Xe đầu Hà Nội năm Nhâm Dần,rain;rush/jam;night(label)
Hanoi,,21.0283334,105.854041,B18jxKUqLQo,https://www.youtube.com/watch?v=B18jxKUqLQo,0,313,0,0,UCcROxwq_GajcurqLI7zGFfw,vẻ Đẹp của đường phố Hà Nội khi lên Đèn dưới Mưa cuối Đông,rain
Hanoi,,21.0283334,105.854041,B18jxKUqLQo,https://www.youtube.com/watch?v=B18jxKUqLQo,314,1647,1,0,UCcROxwq_GajcurqLI7zGFfw,vẻ Đẹp của đường phố Hà Nội khi lên Đèn dưới Mưa cuối Đông,rain;night(label)
Hanoi,,21.0283334,105.854041,xCO5azeDQk8,https://www.youtube.com/watch?v=xCO5azeDQk8,0,2586,1,0,UCcROxwq_GajcurqLI7zGFfw,dòng chuyển động 5km/h!,night(label)
Hanoi,,21.0283334,105.854041,3oM1ri1wyK4,https://www.youtube.com/watch?v=3oM1ri1wyK4,0,1737,0,0,UCcROxwq_GajcurqLI7zGFfw,Nội Bài Hà Nội ngày cận Tết Nhâm Dần,tet/holiday
Hanoi,,21.0283334,105.854041,3oM1ri1wyK4,https://www.youtube.com/watch?v=3oM1ri1wyK4,1738,2650,1,0,UCcROxwq_GajcurqLI7zGFfw,Nội Bài Hà Nội ngày cận Tết Nhâm Dần,tet/holiday;night(label)
Hanoi,,21.0283334,105.854041,3oM1ri1wyK4,https://www.youtube.com/watch?v=3oM1ri1wyK4,2826,3043,1,0,UCcROxwq_GajcurqLI7zGFfw,Nội Bài Hà Nội ngày cận Tết Nhâm Dần,tet/holiday;night(label)
Hanoi,,21.0283334,105.854041,rz5Js9ToIV8,https://www.youtube.com/watch?v=rz5Js9ToIV8,111,1817,0,0,UCcROxwq_GajcurqLI7zGFfw,Một Sáng Một Chiều Hà Nội,
Hanoi,,21.0283334,105.854041,7MdfFawtD6g,https://www.youtube.com/watch?v=7MdfFawtD6g,0,1693,0,0,UCcROxwq_GajcurqLI7zGFfw,"Hà Nội, thứ Bảy ngày Bảy tháng Tám năm 2021 (NXH2133)",
Hanoi,,21.0283334,105.854041,kreAb_4XKlU,https://www.youtube.com/watch?v=kreAb_4XKlU,0,4180,0,0,UCcROxwq_GajcurqLI7zGFfw,Hà Nội ngày cuối tuần tháng 3 năm 2022 (Bình Tĩnh & Tư Tin phòng Dịch),
Hanoi,,21.0283334,105.854041,ByG1ICxi4cA,https://www.youtube.com/watch?v=ByG1ICxi4cA,0,975,0,0,UCcROxwq_GajcurqLI7zGFfw,Hà Nội ngày đầu năm Quý Mão,
Hanoi,,21.0283334,105.854041,JAqBDirjEoo,https://www.youtube.com/watch?v=JAqBDirjEoo,30,104,0,0,UCcROxwq_GajcurqLI7zGFfw,"từ quốc lộ 1A cũ vào đường cao tốc (đoạn Thanh Trì, Thường Tín, Phú Xuyên) thời Covid 2021",highway
Hanoi,,21.0283334,105.854041,JAqBDirjEoo,https://www.youtube.com/watch?v=JAqBDirjEoo,105,2230,0,0,UCcROxwq_GajcurqLI7zGFfw,"từ quốc lộ 1A cũ vào đường cao tốc (đoạn Thanh Trì, Thường Tín, Phú Xuyên) thời Covid 2021",highway
Hanoi,,21.0283334,105.854041,KCvMZ0KVYA8,https://www.youtube.com/watch?v=KCvMZ0KVYA8,0,397,1,0,UCcROxwq_GajcurqLI7zGFfw,"Giao Thống Hà Nội, ước tính cứ 60 xe thì có một chiếc xe VìnFast (ô tô của người Việt)",night(label)
Hanoi,,21.0283334,105.854041,iiCkLsHnp_o,https://www.youtube.com/watch?v=iiCkLsHnp_o,0,480,0,0,UCcROxwq_GajcurqLI7zGFfw,Cửa Ngõ phía Nam Hà Nội chiều Chủ Nhật,
Hanoi,,21.0283334,105.854041,iiCkLsHnp_o,https://www.youtube.com/watch?v=iiCkLsHnp_o,481,2130,1,0,UCcROxwq_GajcurqLI7zGFfw,Cửa Ngõ phía Nam Hà Nội chiều Chủ Nhật,night(label)
Hanoi,,21.0283334,105.854041,FEpoq667ZXc,https://www.youtube.com/watch?v=FEpoq667ZXc,0,893,0,0,UCcROxwq_GajcurqLI7zGFfw,Đường Hà Nội,
Hanoi,,21.0283334,105.854041,FEpoq667ZXc,https://www.youtube.com/watch?v=FEpoq667ZXc,894,1419,1,0,UCcROxwq_GajcurqLI7zGFfw,Đường Hà Nội,night(label)
Hanoi,,21.0283334,105.854041,L6hlMJBwjJk,https://www.youtube.com/watch?v=L6hlMJBwjJk,0,1885,0,0,UCcROxwq_GajcurqLI7zGFfw,HÀ NỘI MÙA HOA THÁNG 5 NĂM 2024 (24 590),
Hanoi,,21.0283334,105.854041,B9Wt7eKaq1s,https://www.youtube.com/watch?v=B9Wt7eKaq1s,0,472,0,0,UCcROxwq_GajcurqLI7zGFfw,đường ra ngoại thành tháng 5 năm 2023,
Hanoi,,21.0283334,105.854041,B9Wt7eKaq1s,https://www.youtube.com/watch?v=B9Wt7eKaq1s,473,2787,1,0,UCcROxwq_GajcurqLI7zGFfw,đường ra ngoại thành tháng 5 năm 2023,night(label)
Hanoi,,21.0283334,105.854041,0bIfVuwtq5E,https://www.youtube.com/watch?v=0bIfVuwtq5E,0,1728,0,0,UCcROxwq_GajcurqLI7zGFfw,Hà Đông Hà Nội năm 2025 (25 0172),
Hanoi,,21.0283334,105.854041,Ze7Yi6rJrdw,https://www.youtube.com/watch?v=Ze7Yi6rJrdw,0,679,0,0,UCcROxwq_GajcurqLI7zGFfw,"cơn Mưa bất chợt Hà Thành, mùa Covid năm 2021",rain
Hanoi,,21.0283334,105.854041,FTf6NaxHdEE,https://www.youtube.com/watch?v=FTf6NaxHdEE,10,172,0,0,UCcROxwq_GajcurqLI7zGFfw,Hà Nội ơi (167) Cao Tốc,
Hanoi,,21.0283334,105.854041,FTf6NaxHdEE,https://www.youtube.com/watch?v=FTf6NaxHdEE,173,211,0,0,UCcROxwq_GajcurqLI7zGFfw,Hà Nội ơi (167) Cao Tốc,
Hanoi,,21.0283334,105.854041,FTf6NaxHdEE,https://www.youtube.com/watch?v=FTf6NaxHdEE,212,239,0,0,UCcROxwq_GajcurqLI7zGFfw,Hà Nội ơi (167) Cao Tốc,
Hanoi,,21.0283334,105.854041,FTf6NaxHdEE,https://www.youtube.com/watch?v=FTf6NaxHdEE,240,397,0,0,UCcROxwq_GajcurqLI7zGFfw,Hà Nội ơi (167) Cao Tốc,
Hanoi,,21.0283334,105.854041,FTf6NaxHdEE,https://www.youtube.com/watch?v=FTf6NaxHdEE,398,493,0,0,UCcROxwq_GajcurqLI7zGFfw,Hà Nội ơi (167) Cao Tốc,
Hanoi,,21.0283334,105.854041,FTf6NaxHdEE,https://www.youtube.com/watch?v=FTf6NaxHdEE,494,641,0,0,UCcROxwq_GajcurqLI7zGFfw,Hà Nội ơi (167) Cao Tốc,
Hanoi,,21.0283334,105.854041,FTf6NaxHdEE,https://www.youtube.com/watch?v=FTf6NaxHdEE,642,660,0,0,UCcROxwq_GajcurqLI7zGFfw,Hà Nội ơi (167) Cao Tốc,
Hanoi,,21.0283334,105.854041,FTf6NaxHdEE,https://www.youtube.com/watch?v=FTf6NaxHdEE,661,809,0,0,UCcROxwq_GajcurqLI7zGFfw,Hà Nội ơi (167) Cao Tốc,
Hanoi,,21.0283334,105.854041,FTf6NaxHdEE,https://www.youtube.com/watch?v=FTf6NaxHdEE,810,901,0,0,UCcROxwq_GajcurqLI7zGFfw,Hà Nội ơi (167) Cao Tốc,
Hanoi,,21.0283334,105.854041,MPOlPWVfXAU,https://www.youtube.com/watch?v=MPOlPWVfXAU,0,2483,0,0,UCcROxwq_GajcurqLI7zGFfw,đường vành đai 3 Hà Nội vắng lặng phòng Covid (NXH2127),
Hanoi,,21.0283334,105.854041,zdwaY3uUYfQ,https://www.youtube.com/watch?v=zdwaY3uUYfQ,0,4323,0,0,UCcROxwq_GajcurqLI7zGFfw,"VÙNG NGOẠI Ô THƯỜNG TÍN, HÀ NỘI NĂM 2021 (21 024)",
Hanoi,,21.0283334,105.854041,sa2YESIaJhg,https://www.youtube.com/watch?v=sa2YESIaJhg,0,4147,0,0,UCcROxwq_GajcurqLI7zGFfw,"Lặng lẽ mùa Thu Hà Nội, những ngày Khó khăn và Hy vọng đại dịch sớm đi qua.",
Hanoi,,21.0283334,105.854041,-KzozkSBzzI,https://www.youtube.com/watch?v=-KzozkSBzzI,0,2131,1,0,UCcROxwq_GajcurqLI7zGFfw,Thanh Trì Hà Nội đến Ecopark,night(label)
Hanoi,,21.0283334,105.854041,LxMC4Xvret4,https://www.youtube.com/watch?v=LxMC4Xvret4,0,1419,0,0,UCcROxwq_GajcurqLI7zGFfw,CHUYỂN ĐỘNG THANH TRÌ HÀ NỘI (23 004),
Hanoi,,21.0283334,105.854041,dgDYNtr4TZA,https://www.youtube.com/watch?v=dgDYNtr4TZA,0,2128,0,0,UCcROxwq_GajcurqLI7zGFfw,Mưa Xuân Đặc Sản Hà Thành (Mưa Bay Bay Nhè Nhẹ & Độ Ẩm Cao),rain
Hanoi,,21.0283334,105.854041,2kIoWU-kqX4,https://www.youtube.com/watch?v=2kIoWU-kqX4,0,831,0,0,UCcROxwq_GajcurqLI7zGFfw,50 Phút trên 10km đường Hà Nội,
Hanoi,,21.0283334,105.854041,2kIoWU-kqX4,https://www.youtube.com/watch?v=2kIoWU-kqX4,832,3130,1,0,UCcROxwq_GajcurqLI7zGFfw,50 Phút trên 10km đường Hà Nội,night(label)
Hanoi,,21.0283334,105.854041,2Ab2fA502iY,https://www.youtube.com/watch?v=2Ab2fA502iY,0,6389,0,0,UCcROxwq_GajcurqLI7zGFfw,100 phút Hà Nội đến Hoà Bình,
Hanoi,,21.0283334,105.854041,yxZyhLg7b-o,https://www.youtube.com/watch?v=yxZyhLg7b-o,0,1420,0,0,UCcROxwq_GajcurqLI7zGFfw,Hà Nội chiều 29 TếT Quý Mão,tet/holiday
Hanoi,,21.0283334,105.854041,EtK1bqMtkcM,https://www.youtube.com/watch?v=EtK1bqMtkcM,13,310,0,0,UCcROxwq_GajcurqLI7zGFfw,THÀNH CỔ SƠN TÂY VỀ HÀ NỘI,
Hanoi,,21.0283334,105.854041,EtK1bqMtkcM,https://www.youtube.com/watch?v=EtK1bqMtkcM,318,447,0,0,UCcROxwq_GajcurqLI7zGFfw,THÀNH CỔ SƠN TÂY VỀ HÀ NỘI,
Hanoi,,21.0283334,105.854041,K4LO3o2mIn8,https://www.youtube.com/watch?v=K4LO3o2mIn8,149,2839,0,0,UCcROxwq_GajcurqLI7zGFfw,Hà Nội tháng 5 năm 2023,
Hanoi,,21.0283334,105.854041,-zxadPAAPyc,https://www.youtube.com/watch?v=-zxadPAAPyc,0,529,0,0,UCcROxwq_GajcurqLI7zGFfw,HÀ NỘI NĂM 2024 (24 705),
Hanoi,,21.0283334,105.854041,-zxadPAAPyc,https://www.youtube.com/watch?v=-zxadPAAPyc,530,1729,1,0,UCcROxwq_GajcurqLI7zGFfw,HÀ NỘI NĂM 2024 (24 705),night(label)
Hanoi,,21.0283334,105.854041,ciLvmJmzSPg,https://www.youtube.com/watch?v=ciLvmJmzSPg,0,530,0,0,UCcROxwq_GajcurqLI7zGFfw,Hà Nội ơi (890),
Hanoi,,21.0283334,105.854041,o2wqa_uiwsw,https://www.youtube.com/watch?v=o2wqa_uiwsw,0,459,0,0,UCcROxwq_GajcurqLI7zGFfw,"đường Lê Duẩn Hà Nội, tháng 7 năm 2020 (thời Covid)",
Hanoi,,21.0283334,105.854041,4pIfjODchVs,https://www.youtube.com/watch?v=4pIfjODchVs,0,531,0,0,UCcROxwq_GajcurqLI7zGFfw,"PHỞ GỐC GẠO - NGỌC HÀ - ĐỘI CẤN - NGÕ VẠN BẢO, HÀ THÀNH THỜI COVID, NĂM 2020!",
Hanoi,,21.0283334,105.854041,a4_5kkqKBLk,https://www.youtube.com/watch?v=a4_5kkqKBLk,0,1662,0,0,UCcROxwq_GajcurqLI7zGFfw,Hà Nội ngày cận Tết Nhâm Dần,tet/holiday
Hanoi,,21.0283334,105.854041,a4_5kkqKBLk,https://www.youtube.com/watch?v=a4_5kkqKBLk,1663,2134,1,0,UCcROxwq_GajcurqLI7zGFfw,Hà Nội ngày cận Tết Nhâm Dần,tet/holiday;night(label)
Hanoi,,21.0283334,105.854041,8575JMKL7oc,https://www.youtube.com/watch?v=8575JMKL7oc,0,1179,0,0,UCcROxwq_GajcurqLI7zGFfw,Những Con Đường Tuyến Phố Hà Nội mùa Giáng Sinh năm 2022,tet/holiday
Hanoi,,21.0283334,105.854041,8575JMKL7oc,https://www.youtube.com/watch?v=8575JMKL7oc,1325,1657,0,0,UCcROxwq_GajcurqLI7zGFfw,Những Con Đường Tuyến Phố Hà Nội mùa Giáng Sinh năm 2022,tet/holiday
Hanoi,,21.0283334,105.854041,smBesoc9-Og,https://www.youtube.com/watch?v=smBesoc9-Og,0,1315,0,0,UCcROxwq_GajcurqLI7zGFfw,Hà Nội ngày mồng Hai TếT Quý Mão,tet/holiday
Hanoi,,21.0283334,105.854041,uSvdezOjHUA,https://www.youtube.com/watch?v=uSvdezOjHUA,0,1609,0,0,UCcROxwq_GajcurqLI7zGFfw,Hà Nội Nhộn Nhịp ngày 30 TếT Quý Mão,tet/holiday
Hanoi,,21.0283334,105.854041,eV0EomDCbkM,https://www.youtube.com/watch?v=eV0EomDCbkM,0,1701,0,0,UCcROxwq_GajcurqLI7zGFfw,Đường Vành Đai 3 Hà Nội,
Hanoi,,21.0283334,105.854041,jMIk5D9kogU,https://www.youtube.com/watch?v=jMIk5D9kogU,0,531,0,0,UCcROxwq_GajcurqLI7zGFfw,Giao thông Hà Nội giờ cao điểm 2021,rush/jam
Hanoi,,21.0283334,105.854041,wt5CzKlO8EE,https://www.youtube.com/watch?v=wt5CzKlO8EE,0,1844,0,0,UCcROxwq_GajcurqLI7zGFfw,Hà Nội chiều 30 Tết năm Nhâm Dần (P),tet/holiday
Hanoi,,21.0283334,105.854041,Xs8xiiyFzi8,https://www.youtube.com/watch?v=Xs8xiiyFzi8,0,530,1,0,UCcROxwq_GajcurqLI7zGFfw,ĐƯỜNG LÊ DUẨN - GIẢI PHÓNG HÀ NỘI LÊN ĐÈN NHỘN NHỊP...,night(label)
Hanoi,,21.0283334,105.854041,BuIEfjQ56qE,https://www.youtube.com/watch?v=BuIEfjQ56qE,0,527,0,0,UCcROxwq_GajcurqLI7zGFfw,Hà Nội tháng 5 năm 2022,
Hanoi,,21.0283334,105.854041,BuIEfjQ56qE,https://www.youtube.com/watch?v=BuIEfjQ56qE,528,3733,1,0,UCcROxwq_GajcurqLI7zGFfw,Hà Nội tháng 5 năm 2022,night(label)
Hanoi,,21.0283334,105.854041,IuCE_mNNnYc,https://www.youtube.com/watch?v=IuCE_mNNnYc,0,2117,1,0,UCcROxwq_GajcurqLI7zGFfw,Dòng Xe Dòng Người Hà Nội ngày cuối năm 2022,night(label)
Hanoi,,21.0283334,105.854041,OM-NvnONN_k,https://www.youtube.com/watch?v=OM-NvnONN_k,0,1755,1,0,UCcROxwq_GajcurqLI7zGFfw,Hà Nội ngày mồng Hai TếT Quý Mão,tet/holiday;night(label)
Hanoi,,21.0283334,105.854041,w8g2qpOFM_g,https://www.youtube.com/watch?v=w8g2qpOFM_g,0,1822,0,0,UCcROxwq_GajcurqLI7zGFfw,Hà Nội đường phố Vắng ngày phong toả thời Covid (NXH2134),
Hanoi,,21.0283334,105.854041,UAVCaprdq8c,https://www.youtube.com/watch?v=UAVCaprdq8c,0,2254,0,0,UCcROxwq_GajcurqLI7zGFfw,"Tạm Cắt Điện Đèn Đường vài Con Phố Hà Nội, tháng 6 năm 2023",
Hanoi,,21.0283334,105.854041,UAVCaprdq8c,https://www.youtube.com/watch?v=UAVCaprdq8c,2255,3320,1,0,UCcROxwq_GajcurqLI7zGFfw,"Tạm Cắt Điện Đèn Đường vài Con Phố Hà Nội, tháng 6 năm 2023",night(label)
Hanoi,,21.0283334,105.854041,Qo6bMQffXns,https://www.youtube.com/watch?v=Qo6bMQffXns,0,1729,1,0,UCcROxwq_GajcurqLI7zGFfw,Mưa Gió Hà Nội (24 687),rain;night(label)
Hanoi,,21.0283334,105.854041,RmKMfGXFrKs,https://www.youtube.com/watch?v=RmKMfGXFrKs,127,1618,0,0,UCcROxwq_GajcurqLI7zGFfw,HÀ NỘI NĂM 2024 (24 509),
Hanoi,,21.0283334,105.854041,RmKMfGXFrKs,https://www.youtube.com/watch?v=RmKMfGXFrKs,1739,3557,0,0,UCcROxwq_GajcurqLI7zGFfw,HÀ NỘI NĂM 2024 (24 509),
Hanoi,,21.0283334,105.854041,bcAfAwlYHJ4,https://www.youtube.com/watch?v=bcAfAwlYHJ4,0,1594,0,0,UCcROxwq_GajcurqLI7zGFfw,"đường phố Hà Nội, thứ Bảy ngày Bảy tháng Tám năm 2021 (T2)",
Hanoi,,21.0283334,105.854041,jpFaKWiMJL8,https://www.youtube.com/watch?v=jpFaKWiMJL8,0,1880,1,0,UCcROxwq_GajcurqLI7zGFfw,Hà Nội ơi năm 2022,night(label)
Hanoi,,21.0283334,105.854041,BMHtvmEc4WU,https://www.youtube.com/watch?v=BMHtvmEc4WU,123,340,0,0,UCcROxwq_GajcurqLI7zGFfw,Hà Nội ngày mồng Hai TếT Quý Mão,tet/holiday
Hanoi,,21.0283334,105.854041,BMHtvmEc4WU,https://www.youtube.com/watch?v=BMHtvmEc4WU,341,2130,1,0,UCcROxwq_GajcurqLI7zGFfw,Hà Nội ngày mồng Hai TếT Quý Mão,tet/holiday;night(label)
Hanoi,,21.0283334,105.854041,qw6C0cskzw4,https://www.youtube.com/watch?v=qw6C0cskzw4,0,917,0,0,UCcROxwq_GajcurqLI7zGFfw,"Trục đường chính Yên Viên, Hà Nội",
Hanoi,,21.0283334,105.854041,vjOzBMsnDRk,https://www.youtube.com/watch?v=vjOzBMsnDRk,0,888,0,0,UCcROxwq_GajcurqLI7zGFfw,Hà Nội chiều mùa Hè năm 2023,
Hanoi,,21.0283334,105.854041,vjOzBMsnDRk,https://www.youtube.com/watch?v=vjOzBMsnDRk,889,2310,1,0,UCcROxwq_GajcurqLI7zGFfw,Hà Nội chiều mùa Hè năm 2023,night(label)
Hanoi,,21.0283334,105.854041,yxpRWSZG6ww,https://www.youtube.com/watch?v=yxpRWSZG6ww,0,1371,1,0,UCcROxwq_GajcurqLI7zGFfw,Đường Phố Hà Nội ngày ông Công ông Táo,night(label)
Hanoi,,21.0283334,105.854041,5LaulnC6Qpw,https://www.youtube.com/watch?v=5LaulnC6Qpw,0,1561,0,0,UCcROxwq_GajcurqLI7zGFfw,Đường Kim Đồng Hà Nội đầu năm 2025 (25 01723),
Hanoi,,21.0283334,105.854041,pz2Z48iVfM0,https://www.youtube.com/watch?v=pz2Z48iVfM0,0,964,0,0,UCcROxwq_GajcurqLI7zGFfw,"đường vành đai 3 trên cao, Hà Nội",
Hanoi,,21.0283334,105.854041,AqTSwns8twY,https://www.youtube.com/watch?v=AqTSwns8twY,0,438,0,0,UCcROxwq_GajcurqLI7zGFfw,Đường lao ra ngoại thành Hà Nội,
Hanoi,,21.0283334,105.854041,AqTSwns8twY,https://www.youtube.com/watch?v=AqTSwns8twY,439,1419,1,0,UCcROxwq_GajcurqLI7zGFfw,Đường lao ra ngoại thành Hà Nội,night(label)
Hanoi,,21.0283334,105.854041,vrIcheXmDXo,https://www.youtube.com/watch?v=vrIcheXmDXo,0,2413,1,0,UCcROxwq_GajcurqLI7zGFfw,Hà Nội tháng 4 năm 2022,night(label)
Hanoi,,21.0283334,105.854041,11B-Mgx-mVM,https://www.youtube.com/watch?v=11B-Mgx-mVM,0,325,0,0,UCcROxwq_GajcurqLI7zGFfw,"phố Vọng & ngã tư Vọng, Hà Nội năm 2021",
Hanoi,,21.0283334,105.854041,49FSMiA7AQo,https://www.youtube.com/watch?v=49FSMiA7AQo,0,747,0,0,UCcROxwq_GajcurqLI7zGFfw,"Hà Nội có hai cây Cầu có kết cấu dầm Thép, khá giống cấu trúc cây cầu Long Biên lịch sử",
Hanoi,,21.0283334,105.854041,WYh0_AoLUEU,https://www.youtube.com/watch?v=WYh0_AoLUEU,0,2667,0,0,UCcROxwq_GajcurqLI7zGFfw,"Hà Nội không khí trầm lắng một nhịp, đề phòng em Covid [21 18]",
Hanoi,,21.0283334,105.854041,bNsD-VkdsxM,https://www.youtube.com/watch?v=bNsD-VkdsxM,0,2525,0,0,UCcROxwq_GajcurqLI7zGFfw,HÀ NỘI THÁNG 6 NĂM 2024 (24 673),
Hanoi,,21.0283334,105.854041,MT94T7IDH_c,https://www.youtube.com/watch?v=MT94T7IDH_c,0,1179,0,0,UCcROxwq_GajcurqLI7zGFfw,Hà Nội năm Quý Mão,
Hanoi,,21.0283334,105.854041,KNxR4wA5txM,https://www.youtube.com/watch?v=KNxR4wA5txM,0,445,0,0,UCcROxwq_GajcurqLI7zGFfw,"PHỐ ĐỘI CẤN - LIỄU GIAI HÀ THÀNH, THỜI COVID 2021",
Hanoi,,21.0283334,105.854041,M0FmKZ2Wq30,https://www.youtube.com/watch?v=M0FmKZ2Wq30,0,2690,0,0,UCcROxwq_GajcurqLI7zGFfw,Chương Mỹ Hà Đông Hà Nội,
Hanoi,,21.0283334,105.854041,WFtzwruss6E,https://www.youtube.com/watch?v=WFtzwruss6E,0,1142,1,0,UCcROxwq_GajcurqLI7zGFfw,Hà Nội chiều tối ngày đầu tiên năm Nhâm Dần 2022,night
Hanoi,,21.0283334,105.854041,WFtzwruss6E,https://www.youtube.com/watch?v=WFtzwruss6E,1394,2904,1,0,UCcROxwq_GajcurqLI7zGFfw,Hà Nội chiều tối ngày đầu tiên năm Nhâm Dần 2022,night
Hanoi,,21.0283334,105.854041,DR-rQSyD2Gc,https://www.youtube.com/watch?v=DR-rQSyD2Gc,0,2711,1,0,UCcROxwq_GajcurqLI7zGFfw,"Hè Nóng Xe Nhiều, Hà Nội tháng 6 năm 2023",night(label)
Hanoi,,21.0283334,105.854041,_MaZnTnqTd8,https://www.youtube.com/watch?v=_MaZnTnqTd8,0,3551,1,0,UCcROxwq_GajcurqLI7zGFfw,Hà Nội chiều thứ 6,night(label)
Hanoi,,21.0283334,105.854041,Ogyo5EI6zDY,https://www.youtube.com/watch?v=Ogyo5EI6zDY,0,2535,0,0,UCcROxwq_GajcurqLI7zGFfw,"Vắng Lặng Vành đai 3 trên cao Hà Nội, khi thành phố phong toả phòng Dịch (NXH2136)",
Hanoi,,21.0283334,105.854041,b8wR6VoG2Xk,https://www.youtube.com/watch?v=b8wR6VoG2Xk,0,651,0,0,UCcROxwq_GajcurqLI7zGFfw,"Hà Nội, đường Vành Đai 2 trên cao đang hình thành....",
Hanoi,,21.0283334,105.854041,luzVVragbC8,https://www.youtube.com/watch?v=luzVVragbC8,0,1972,0,0,UCcROxwq_GajcurqLI7zGFfw,Đường Phố Hà Nội cuối năm 2022,
Hanoi,,21.0283334,105.854041,hqf46jnjxkM,https://www.youtube.com/watch?v=hqf46jnjxkM,0,4968,1,0,UCcROxwq_GajcurqLI7zGFfw,Hanoi By Night,night
Hanoi,,21.0283334,105.854041,ex3fdmigWaQ,https://www.youtube.com/watch?v=ex3fdmigWaQ,0,463,0,0,UCcROxwq_GajcurqLI7zGFfw,"đường Chùa Bộc - Thái Hà, Hà Nội tháng 4 năm 2021",
Hanoi,,21.0283334,105.854041,ZZnGBacecJk,https://www.youtube.com/watch?v=ZZnGBacecJk,0,1470,0,0,UCcROxwq_GajcurqLI7zGFfw,Hai bên sông Hồng Hà Nội ngày mồng một Tết Nhâm Dần,tet/holiday
Hanoi,,21.0283334,105.854041,ZZnGBacecJk,https://www.youtube.com/watch?v=ZZnGBacecJk,1471,3843,1,0,UCcROxwq_GajcurqLI7zGFfw,Hai bên sông Hồng Hà Nội ngày mồng một Tết Nhâm Dần,tet/holiday;night(label)
Hanoi,,21.0283334,105.854041,h0oHXC9jX10,https://www.youtube.com/watch?v=h0oHXC9jX10,0,4082,0,0,UCcROxwq_GajcurqLI7zGFfw,CHUYỂN ĐỘNG HÀ NỘI (23 016),
Hanoi,,21.0283334,105.854041,Ntcl8HP7yTg,https://www.youtube.com/watch?v=Ntcl8HP7yTg,0,2514,1,0,UCcROxwq_GajcurqLI7zGFfw,Hà Nội ngày mồng Một TếT Quý Mão,tet/holiday;night(label)
Hanoi,,21.0283334,105.854041,L61cqTlObeA,https://www.youtube.com/watch?v=L61cqTlObeA,0,2130,1,0,UCcROxwq_GajcurqLI7zGFfw,Đường phố Hà Nội ngày Valentineee!,night(label)
Hanoi,,21.0283334,105.854041,mnxZJrqIdGA,https://www.youtube.com/watch?v=mnxZJrqIdGA,0,1267,0,0,UCcROxwq_GajcurqLI7zGFfw,HÀ NỘI MƯA GIÔNG THÁNG 6 NĂM 2024 (24 664),rain
Hanoi,,21.0283334,105.854041,mnxZJrqIdGA,https://www.youtube.com/watch?v=mnxZJrqIdGA,1268,2562,1,0,UCcROxwq_GajcurqLI7zGFfw,HÀ NỘI MƯA GIÔNG THÁNG 6 NĂM 2024 (24 664),rain;night(label)
Hanoi,,21.0283334,105.854041,3lq6mB89G0M,https://www.youtube.com/watch?v=3lq6mB89G0M,0,1777,0,0,UCcROxwq_GajcurqLI7zGFfw,CHUYỂN ĐỘNG THƯỜNG TÍN HÀ NỘI (23 019),
Hanoi,,21.0283334,105.854041,tuM01jPHLyw,https://www.youtube.com/watch?v=tuM01jPHLyw,125,2558,0,0,UCcROxwq_GajcurqLI7zGFfw,CHUYỂN ĐỘNG HÀ NỘI (23 016),
Hanoi,,21.0283334,105.854041,RZVi4_R2Cuo,https://www.youtube.com/watch?v=RZVi4_R2Cuo,0,1565,0,0,UCcROxwq_GajcurqLI7zGFfw,Đường Phố Hà Nội chiều Valentine năm 2023,
Hanoi,,21.0283334,105.854041,RZVi4_R2Cuo,https://www.youtube.com/watch?v=RZVi4_R2Cuo,1568,1753,1,0,UCcROxwq_GajcurqLI7zGFfw,Đường Phố Hà Nội chiều Valentine năm 2023,night(label)
Hanoi,,21.0283334,105.854041,RZVi4_R2Cuo,https://www.youtube.com/watch?v=RZVi4_R2Cuo,1849,2038,1,0,UCcROxwq_GajcurqLI7zGFfw,Đường Phố Hà Nội chiều Valentine năm 2023,night(label)
Hanoi,,21.0283334,105.854041,lipUTXcHufI,https://www.youtube.com/watch?v=lipUTXcHufI,0,530,1,0,UCcROxwq_GajcurqLI7zGFfw,"ĐƯỜNG TRƯỜNG CHINH VÀNH ĐAI 2 (TRÊN CAO) TỪ NGÃ TƯ VỌNG ĐẾN NGÃ TƯ SỞ, HÀ NỘI 202O THỜI COVID",night(label)
Hanoi,,21.0283334,105.854041,mf2qlqXGVF4,https://www.youtube.com/watch?v=mf2qlqXGVF4,0,2509,1,0,UCcROxwq_GajcurqLI7zGFfw,Thành Phố Lên Đèn,night(label)
Hanoi,,21.0283334,105.854041,v6Y9EbEiVEM,https://www.youtube.com/watch?v=v6Y9EbEiVEM,0,451,0,0,UCcROxwq_GajcurqLI7zGFfw,"Đường Phố Hà Nội, ngày đầu tháng 6 năm 2021",
Hanoi,,21.0283334,105.854041,RRfCSDMXiOM,https://www.youtube.com/watch?v=RRfCSDMXiOM,0,531,0,0,UCcROxwq_GajcurqLI7zGFfw,"Thái Hà - Chùa Bộc - Phạm Ngọc Thạch - Đào Duy Anh, Hà Nội",
Hanoi,,21.0283334,105.854041,2wHERdQXB_g,https://www.youtube.com/watch?v=2wHERdQXB_g,0,1018,0,0,UCcROxwq_GajcurqLI7zGFfw,Đường Giải Phóng Hà Nội năm 2023,
Hanoi,,21.0283334,105.854041,mMHrj4deGpQ,https://www.youtube.com/watch?v=mMHrj4deGpQ,0,1959,0,0,UCcROxwq_GajcurqLI7zGFfw,Hà Nội chiều Chủ Nhật,
Hanoi,,21.0283334,105.854041,mMHrj4deGpQ,https://www.youtube.com/watch?v=mMHrj4deGpQ,2216,2509,0,0,UCcROxwq_GajcurqLI7zGFfw,Hà Nội chiều Chủ Nhật,
Hanoi,,21.0283334,105.854041,OwIkDUKTkVc,https://www.youtube.com/watch?v=OwIkDUKTkVc,0,911,0,0,UCcROxwq_GajcurqLI7zGFfw,Hà Nội chiều thứ 6 năm 2023,
Hanoi,,21.0283334,105.854041,OwIkDUKTkVc,https://www.youtube.com/watch?v=OwIkDUKTkVc,912,1549,1,0,UCcROxwq_GajcurqLI7zGFfw,Hà Nội chiều thứ 6 năm 2023,night(label)
Hanoi,,21.0283334,105.854041,iIML2kL3tQU,https://www.youtube.com/watch?v=iIML2kL3tQU,0,447,0,0,UCcROxwq_GajcurqLI7zGFfw,Hà Nội ơi (697) huyện Thường Tín - Ngoại Thành,
Hanoi,,21.0283334,105.854041,zHsABSgToi8,https://www.youtube.com/watch?v=zHsABSgToi8,0,2130,0,0,UCcROxwq_GajcurqLI7zGFfw,Hà Nội ngày mồng Ba TếT Quý Mão,tet/holiday
Hanoi,,21.0283334,105.854041,CnTDkVhF9gQ,https://www.youtube.com/watch?v=CnTDkVhF9gQ,0,2278,0,0,UCcROxwq_GajcurqLI7zGFfw,70 phút đường phố Hà Thành,
Hanoi,,21.0283334,105.854041,CnTDkVhF9gQ,https://www.youtube.com/watch?v=CnTDkVhF9gQ,2279,4203,1,0,UCcROxwq_GajcurqLI7zGFfw,70 phút đường phố Hà Thành,night(label)
Hanoi,,21.0283334,105.854041,VuPZMntwVBo,https://www.youtube.com/watch?v=VuPZMntwVBo,0,1996,0,0,UCcROxwq_GajcurqLI7zGFfw,"Những con đường những tuyến phố Hà Nội, chiều mùa Hè 2021",
Hanoi,,21.0283334,105.854041,ojU-7GUdDbg,https://www.youtube.com/watch?v=ojU-7GUdDbg,0,1368,0,0,UCcROxwq_GajcurqLI7zGFfw,Nội Ngoại Thành Hà Nội năm 2022,
Hanoi,,21.0283334,105.854041,2wyec7EiqIg,https://www.youtube.com/watch?v=2wyec7EiqIg,0,1436,1,0,UCcROxwq_GajcurqLI7zGFfw,Hà Nội ngày Chủ Nhật tháng 11 năm 2021,night(label)
Hanoi,,21.0283334,105.854041,2wyec7EiqIg,https://www.youtube.com/watch?v=2wyec7EiqIg,1437,2745,1,0,UCcROxwq_GajcurqLI7zGFfw,Hà Nội ngày Chủ Nhật tháng 11 năm 2021,night(label)
Hanoi,,21.0283334,105.854041,b1jXbXpvSQg,https://www.youtube.com/watch?v=b1jXbXpvSQg,0,1470,1,0,UCcROxwq_GajcurqLI7zGFfw,Hà Nội những ngày đầu tiên của năm 2022,night(label)
Hanoi,,21.0283334,105.854041,8Cb3gmEGggU,https://www.youtube.com/watch?v=8Cb3gmEGggU,0,531,0,0,UCcROxwq_GajcurqLI7zGFfw,"đường Giải Phóng đến Văn Điển, Thanh Trì Hà Nội",
Hanoi,,21.0283334,105.854041,0TrDJBH5c7Q,https://www.youtube.com/watch?v=0TrDJBH5c7Q,0,2756,1,0,UCcROxwq_GajcurqLI7zGFfw,Hà Nội chiều tối Thứ 6,night
Hanoi,,21.0283334,105.854041,rW71iPV_pvM,https://www.youtube.com/watch?v=rW71iPV_pvM,0,5041,0,0,UCcROxwq_GajcurqLI7zGFfw,80 phút Từ Hà Đông Đi Chùa Hương,
Hanoi,,21.0283334,105.854041,m6uQfJpMhFY,https://www.youtube.com/watch?v=m6uQfJpMhFY,4,2316,0,0,UCcROxwq_GajcurqLI7zGFfw,"Đường Phố Hà Nội, năm 2023",
Hanoi,,21.0283334,105.854041,fHI6sSg_dGU,https://www.youtube.com/watch?v=fHI6sSg_dGU,0,2666,0,0,UCcROxwq_GajcurqLI7zGFfw,Cái Lạnh đầu Đông Hà Nội,
Hanoi,,21.0283334,105.854041,FIrMluaFBsY,https://www.youtube.com/watch?v=FIrMluaFBsY,0,560,0,0,UCcROxwq_GajcurqLI7zGFfw,HÀ NỘI ... Mưa Rả Rích Suốt mấy Ngày cuối tháng 10 năm 2021,rain
Hanoi,,21.0283334,105.854041,FIrMluaFBsY,https://www.youtube.com/watch?v=FIrMluaFBsY,561,2656,1,0,UCcROxwq_GajcurqLI7zGFfw,HÀ NỘI ... Mưa Rả Rích Suốt mấy Ngày cuối tháng 10 năm 2021,rain;night(label)
Hanoi,,21.0283334,105.854041,nWhje0R3K2E,https://www.youtube.com/watch?v=nWhje0R3K2E,0,530,0,0,UCcROxwq_GajcurqLI7zGFfw,"ĐƯỜNG TÔN ĐỨC THẮNG - ĐƯỜNG NGUYỄN LƯƠNG BẰNG, HÀ NỘI THỜI COVID, NĂM 2020!",
Hanoi,,21.0283334,105.854041,pQ8Y1TORp8k,https://www.youtube.com/watch?v=pQ8Y1TORp8k,0,1519,0,0,UCcROxwq_GajcurqLI7zGFfw,"Hà Nội những ngày đầu tiên của năm 2022, a Happy New Year to Hanoi",
Hanoi,,21.0283334,105.854041,jL46CvHCPuU,https://www.youtube.com/watch?v=jL46CvHCPuU,0,1554,0,0,UCcROxwq_GajcurqLI7zGFfw,chuyển động nhộn nhịp Hà Nội tháng 10 năm 2021,
Hanoi,,21.0283334,105.854041,jL46CvHCPuU,https://www.youtube.com/watch?v=jL46CvHCPuU,1555,2996,1,0,UCcROxwq_GajcurqLI7zGFfw,chuyển động nhộn nhịp Hà Nội tháng 10 năm 2021,night(label)
Hanoi,,21.0283334,105.854041,nuX75VgSD6o,https://www.youtube.com/watch?v=nuX75VgSD6o,0,531,0,0,UCcROxwq_GajcurqLI7zGFfw,"Đường ngày Tết, dọc quốc lộ 1A cũ qua Phú Xuyên Hà Nội",tet/holiday
Hanoi,,21.0283334,105.854041,zEZAtqShP5U,https://www.youtube.com/watch?v=zEZAtqShP5U,0,1724,0,0,UCcROxwq_GajcurqLI7zGFfw,"Hà Nội chủ nhật se se lạnh, mùa Đông đang đến ...",
Hanoi,,21.0283334,105.854041,EtR4ELP12ig,https://www.youtube.com/watch?v=EtR4ELP12ig,0,614,0,0,UCcROxwq_GajcurqLI7zGFfw,Hà Nội ơi (084) Gia Lâm - Yên Viên,
Hanoi,,21.0283334,105.854041,gMWV-1VipdY,https://www.youtube.com/watch?v=gMWV-1VipdY,0,1410,0,0,UCcROxwq_GajcurqLI7zGFfw,Hà Đông Hà Nội,
Hanoi,,21.0283334,105.854041,BMjRgboR1P8,https://www.youtube.com/watch?v=BMjRgboR1P8,0,1581,1,0,UCcROxwq_GajcurqLI7zGFfw,Vành Đai 2 trên Cao Hà Nội vừa thông Xe năm 2023,night(label)
Hanoi,,21.0283334,105.854041,FGZncW_xHlU,https://www.youtube.com/watch?v=FGZncW_xHlU,15,3306,1,0,UCcROxwq_GajcurqLI7zGFfw,chiều Hà Thành sau cơn Mưa,rain;night(label)
Hanoi,,21.0283334,105.854041,BNNsX0boF04,https://www.youtube.com/watch?v=BNNsX0boF04,0,1421,1,0,UCcROxwq_GajcurqLI7zGFfw,"Đường Phố Hà Nội 10h tối, cuối năm 2022",night
Hanoi,,21.0283334,105.854041,KYNtinaxxaI,https://www.youtube.com/watch?v=KYNtinaxxaI,0,517,0,0,UCcROxwq_GajcurqLI7zGFfw,"Hà Nội sáng Nắng, chiều Mưa, tối Lung Linh",rain;night
Hanoi,,21.0283334,105.854041,KYNtinaxxaI,https://www.youtube.com/watch?v=KYNtinaxxaI,538,1654,1,0,UCcROxwq_GajcurqLI7zGFfw,"Hà Nội sáng Nắng, chiều Mưa, tối Lung Linh",rain;night
Hanoi,,21.0283334,105.854041,BKAE9s1sb5Y,https://www.youtube.com/watch?v=BKAE9s1sb5Y,0,1941,0,0,UCcROxwq_GajcurqLI7zGFfw,Hà Nội Bình An,
Hanoi,,21.0283334,105.854041,Vpv_k17qhGo,https://www.youtube.com/watch?v=Vpv_k17qhGo,0,127,0,0,UCcROxwq_GajcurqLI7zGFfw,"đường từ Sơn Tây vào Hà Thành, 2019",
Hanoi,,21.0283334,105.854041,Vpv_k17qhGo,https://www.youtube.com/watch?v=Vpv_k17qhGo,128,272,0,0,UCcROxwq_GajcurqLI7zGFfw,"đường từ Sơn Tây vào Hà Thành, 2019",
Hanoi,,21.0283334,105.854041,Vpv_k17qhGo,https://www.youtube.com/watch?v=Vpv_k17qhGo,273,291,0,0,UCcROxwq_GajcurqLI7zGFfw,"đường từ Sơn Tây vào Hà Thành, 2019",
Hanoi,,21.0283334,105.854041,Vpv_k17qhGo,https://www.youtube.com/watch?v=Vpv_k17qhGo,292,934,0,0,UCcROxwq_GajcurqLI7zGFfw,"đường từ Sơn Tây vào Hà Thành, 2019",
Hanoi,,21.0283334,105.854041,QpSvRopEuhE,https://www.youtube.com/watch?v=QpSvRopEuhE,0,2130,0,0,UCcROxwq_GajcurqLI7zGFfw,Đường Hà Nội Hà Đông năm 2022,
Hanoi,,21.0283334,105.854041,HOQ6Q_D70UE,https://www.youtube.com/watch?v=HOQ6Q_D70UE,0,1664,0,0,UCcROxwq_GajcurqLI7zGFfw,Hà Đông Hà Nội giờ Cao Điểm,rush/jam
Hanoi,,21.0283334,105.854041,HOQ6Q_D70UE,https://www.youtube.com/watch?v=HOQ6Q_D70UE,1665,3730,1,0,UCcROxwq_GajcurqLI7zGFfw,Hà Đông Hà Nội giờ Cao Điểm,rush/jam;night(label)
Hanoi,,21.0283334,105.854041,V7O9deBdA6Q,https://www.youtube.com/watch?v=V7O9deBdA6Q,120,4209,1,0,UCcROxwq_GajcurqLI7zGFfw,Hanoi by night 2022,night
Hanoi,,21.0283334,105.854041,2WtXuJ7gDn4,https://www.youtube.com/watch?v=2WtXuJ7gDn4,0,530,0,0,UCcROxwq_GajcurqLI7zGFfw,"MỞ ĐƯỜNG ĐẠI LA - MINH KHAI LÊN CẦU VĨNH TUY,  ĐƯỜNG VÀNH ĐAI 2, HÀ NỘI",
Hanoi,,21.0283334,105.854041,-0wz8Q_sYxw,https://www.youtube.com/watch?v=-0wz8Q_sYxw,628,1520,0,0,UCcROxwq_GajcurqLI7zGFfw,VÀO HÀ NỘI THEO ĐƯỜNG VÀNH ĐAI 3,
Hanoi,,21.0283334,105.854041,nNaaF4wI_Ws,https://www.youtube.com/watch?v=nNaaF4wI_Ws,0,941,1,0,UCcROxwq_GajcurqLI7zGFfw,Ngày mồng Hai TếT Quý Mão (Được Kiểm Tra Nồng Độ Cồn),tet/holiday;night(label)
Hanoi,,21.0283334,105.854041,Q1k0sa1vMuk,https://www.youtube.com/watch?v=Q1k0sa1vMuk,0,2403,1,0,UCcROxwq_GajcurqLI7zGFfw,Vào Hà Nội Chiều Chủ Nhật,night(label)
Hanoi,,21.0283334,105.854041,yoXrWpkVkic,https://www.youtube.com/watch?v=yoXrWpkVkic,0,1158,0,0,UCcROxwq_GajcurqLI7zGFfw,Vĩnh Tuy Vành Đai 2 Hà Nội,
Hanoi,,21.0283334,105.854041,hBNJE4P0mEU,https://www.youtube.com/watch?v=hBNJE4P0mEU,0,2838,1,0,UCcROxwq_GajcurqLI7zGFfw,Đường Phố Hà Nội đầu năm 2023,night(label)
Hanoi,,21.0283334,105.854041,A5OJw6wzcqQ,https://www.youtube.com/watch?v=A5OJw6wzcqQ,0,531,0,0,UCcROxwq_GajcurqLI7zGFfw,"ĐƯỜNG PHẠM NGỌC THẠCH - ĐƯỜNG XÃ ĐÀN - HẦM KIM LIÊN - ĐẠI CỒ VIỆT, HÀ NỘI THỜI COVID, NĂM 2020!",
Hanoi,,21.0283334,105.854041,WBy8kfuGXd4,https://www.youtube.com/watch?v=WBy8kfuGXd4,0,2576,0,0,UCcROxwq_GajcurqLI7zGFfw,30 phút trên quốc lộ 1A (cũ) từ Phú Xuyên đến Thường Tín Hà Nội,
Hanoi,,21.0283334,105.854041,UvWjMofti_k,https://www.youtube.com/watch?v=UvWjMofti_k,0,1333,0,0,UCcROxwq_GajcurqLI7zGFfw,Đường Phố Hà Nội năm 2023,
Hanoi,,21.0283334,105.854041,A66LcNShTRk,https://www.youtube.com/watch?v=A66LcNShTRk,0,532,0,0,UCcROxwq_GajcurqLI7zGFfw,Hà Nội giờ cao điểm ngày cận Tết Nhâm Dần,rush/jam;tet/holiday
Hanoi,,21.0283334,105.854041,A66LcNShTRk,https://www.youtube.com/watch?v=A66LcNShTRk,533,3009,1,0,UCcROxwq_GajcurqLI7zGFfw,Hà Nội giờ cao điểm ngày cận Tết Nhâm Dần,rush/jam;tet/holiday;night(label)
Hanoi,,21.0283334,105.854041,EHBItBjTw_s,https://www.youtube.com/watch?v=EHBItBjTw_s,0,503,1,0,UCcROxwq_GajcurqLI7zGFfw,HÀ NỘI ĐI NAM ĐỊNH NĂM 2024 (24 645),night(label)
Hanoi,,21.0283334,105.854041,34Pdda6lZXg,https://www.youtube.com/watch?v=34Pdda6lZXg,4033,4334,0,0,UCcROxwq_GajcurqLI7zGFfw,đường từ Nam Định đến Hà Nội,
Hanoi,,21.0283334,105.854041,Iuz2lG7FR5g,https://www.youtube.com/watch?v=Iuz2lG7FR5g,0,639,0,0,UCcROxwq_GajcurqLI7zGFfw,Dòng Xe Đường Phố Hà Nội năm 2026 [26 44],
Hanoi,,21.0283334,105.854041,7pieCEknSyY,https://www.youtube.com/watch?v=7pieCEknSyY,0,824,0,0,UCcROxwq_GajcurqLI7zGFfw,"Hà Nội ơi, thông thoáng ngày gần Tết Bính Ngọ [26 2]",tet/holiday
Hanoi,,21.0283334,105.854041,rRbmSXAVdn0,https://www.youtube.com/watch?v=rRbmSXAVdn0,0,1752,0,0,UCcROxwq_GajcurqLI7zGFfw,Hà Nội năm 2025 [25 8411],
Hanoi,,21.0283334,105.854041,JNZL_k7LgZg,https://www.youtube.com/watch?v=JNZL_k7LgZg,0,726,0,0,UCcROxwq_GajcurqLI7zGFfw,Đường phố Hà Nội tháng 8 năm 2025 [25 8902],
Hanoi,,21.0283334,105.854041,8wg40gCt2nI,https://www.youtube.com/watch?v=8wg40gCt2nI,0,2004,0,0,UCcROxwq_GajcurqLI7zGFfw,Dòng Xe Dòng Người Hà Nội năm 2025 [25 8812],
Hanoi,,21.0283334,105.854041,cqtzp44Zcb8,https://www.youtube.com/watch?v=cqtzp44Zcb8,0,1764,0,0,UCcROxwq_GajcurqLI7zGFfw,Dòng Xe Dòng Người Hà Nội năm 2025 [25 884],
Hanoi,,21.0283334,105.854041,bG_3si1y5HU,https://www.youtube.com/watch?v=bG_3si1y5HU,118,2178,0,0,UCcROxwq_GajcurqLI7zGFfw,Hà Nội ngày Mưa Gió [25 1155],rain
Hanoi,,21.0283334,105.854041,ZywC_-HFo68,https://www.youtube.com/watch?v=ZywC_-HFo68,30,2241,0,0,UCcROxwq_GajcurqLI7zGFfw,Hoà Bình về Hà Nội cuối Thu [25 1169],
Hanoi,,21.0283334,105.854041,p5h_95E2vLk,https://www.youtube.com/watch?v=p5h_95E2vLk,0,1232,0,0,UCcROxwq_GajcurqLI7zGFfw,Gia Lâm Hà Nội năm 2025 [25 791],
Hanoi,,21.0283334,105.854041,zlGSEF4LqOY,https://www.youtube.com/watch?v=zlGSEF4LqOY,0,2374,1,0,UCcROxwq_GajcurqLI7zGFfw,"Hà Nội ơi, vào Đông nhé [25 11812]",night(label)
Hanoi,,21.0283334,105.854041,IZTUSdjM9SA,https://www.youtube.com/watch?v=IZTUSdjM9SA,0,1659,1,0,UCcROxwq_GajcurqLI7zGFfw,Hà Nội năm 2025 [25 1217],night(label)
Hanoi,,21.0283334,105.854041,4n_M7wrc5E4,https://www.youtube.com/watch?v=4n_M7wrc5E4,0,602,0,0,UCcROxwq_GajcurqLI7zGFfw,Dòng Xe Dòng Người Hà Nội năm 2025 [25 882],
Hanoi,,21.0283334,105.854041,4n_M7wrc5E4,https://www.youtube.com/watch?v=4n_M7wrc5E4,603,2137,1,0,UCcROxwq_GajcurqLI7zGFfw,Dòng Xe Dòng Người Hà Nội năm 2025 [25 882],night(label)
Hanoi,,21.0283334,105.854041,9tDXzc5Utpw,https://www.youtube.com/watch?v=9tDXzc5Utpw,0,736,0,0,UCcROxwq_GajcurqLI7zGFfw,Hà Nội ngày Mưa Gió [25 1153],rain
Hanoi,,21.0283334,105.854041,EWPmgNFP264,https://www.youtube.com/watch?v=EWPmgNFP264,0,1237,0,0,UCcROxwq_GajcurqLI7zGFfw,Hà Nội mùa Thu [25 1143],
Hanoi,,21.0283334,105.854041,ZOdzNTVeYbc,https://www.youtube.com/watch?v=ZOdzNTVeYbc,0,1800,0,0,UCcROxwq_GajcurqLI7zGFfw,Dòng Xe Dòng Người Hà Nội năm 2025 [25 8813],
Hanoi,,21.0283334,105.854041,Mm8Mk3EzFLQ,https://www.youtube.com/watch?v=Mm8Mk3EzFLQ,0,2945,0,0,UCcROxwq_GajcurqLI7zGFfw,Đường phố Hà Nội tháng 8 năm 2025 [25 8903],
Hanoi,,21.0283334,105.854041,XBp9cYg9a5Y,https://www.youtube.com/watch?v=XBp9cYg9a5Y,0,1765,1,0,UCcROxwq_GajcurqLI7zGFfw,Dòng Xe Dòng Người Hà Nội năm 2025 [25 883],night(label)
Hanoi,,21.0283334,105.854041,Bp734Znxddc,https://www.youtube.com/watch?v=Bp734Znxddc,0,2568,0,0,UCcROxwq_GajcurqLI7zGFfw,Dòng Xe Dòng Người Hà Nội năm 2025 [25 889],
Hanoi,,21.0283334,105.854041,meh_Ec7wAdo,https://www.youtube.com/watch?v=meh_Ec7wAdo,0,1431,1,0,UCcROxwq_GajcurqLI7zGFfw,Hà Nội vừa Quen vừa Lạ [25 664],night(label)
Hanoi,,21.0283334,105.854041,Ylm6gbTiEWU,https://www.youtube.com/watch?v=Ylm6gbTiEWU,0,1130,1,0,UCcROxwq_GajcurqLI7zGFfw,Hà Nội năm 2025 [25 732],night(label)
Hanoi,,21.0283334,105.854041,PJH93NoLxZM,https://www.youtube.com/watch?v=PJH93NoLxZM,0,2012,0,0,UCcROxwq_GajcurqLI7zGFfw,Hà Nội cuối mùa Thu [25 1080],
Hanoi,,21.0283334,105.854041,3fUaXD9LAqU,https://www.youtube.com/watch?v=3fUaXD9LAqU,0,1770,0,0,UCcROxwq_GajcurqLI7zGFfw,Hà Nội ngày mùa Thu [25 9908],
Hanoi,,21.0283334,105.854041,xZiuaYOQW5w,https://www.youtube.com/watch?v=xZiuaYOQW5w,0,1605,0,0,UCcROxwq_GajcurqLI7zGFfw,Đường phố Hà Nội tháng 8 năm 2025 [25 891],
Hanoi,,21.0283334,105.854041,38a0KgdLm4Y,https://www.youtube.com/watch?v=38a0KgdLm4Y,80,1273,0,0,UCcROxwq_GajcurqLI7zGFfw,đường phố Hà Nội mùa Thu năm 2025 [25 914],
Hanoi,,21.0283334,105.854041,SJejJ0Xl_OM,https://www.youtube.com/watch?v=SJejJ0Xl_OM,0,604,0,0,UCcROxwq_GajcurqLI7zGFfw,Hà Nội đầu mùa Thu [25 839],
Hanoi,,21.0283334,105.854041,Yz-rPIoDFdw,https://www.youtube.com/watch?v=Yz-rPIoDFdw,0,2292,0,0,UCcROxwq_GajcurqLI7zGFfw,Hà Nội Hưng Yên ngày mùa Thu [25 9902],
Hanoi,,21.0283334,105.854041,9v7e0jF7emk,https://www.youtube.com/watch?v=9v7e0jF7emk,0,1286,0,0,UCcROxwq_GajcurqLI7zGFfw,Dòng Xe Dòng Người Hà Nội năm 2025 [25 8811],
Hanoi,,21.0283334,105.854041,3v4BwrlVC74,https://www.youtube.com/watch?v=3v4BwrlVC74,0,915,0,0,UCcROxwq_GajcurqLI7zGFfw,Dòng Xe Dòng Người Hà Nội năm 2025 [25 887],
Hanoi,,21.0283334,105.854041,XEFJD7dlZHs,https://www.youtube.com/watch?v=XEFJD7dlZHs,0,720,0,0,UCcROxwq_GajcurqLI7zGFfw,Dòng Xe Dòng Người Hà Nội năm 2025 [25 880],
Hanoi,,21.0283334,105.854041,kPEJRxbVtNI,https://www.youtube.com/watch?v=kPEJRxbVtNI,0,2882,0,0,UCcROxwq_GajcurqLI7zGFfw,Đường phố Hà Nội tháng 8 năm 2025 [25 894],
Hanoi,,21.0283334,105.854041,pMUch4PAgEs,https://www.youtube.com/watch?v=pMUch4PAgEs,0,1477,0,0,UCcROxwq_GajcurqLI7zGFfw,Hà Nội ngày mùa Thu [25 9916],
Hanoi,,21.0283334,105.854041,V4kHwXOvzX4,https://www.youtube.com/watch?v=V4kHwXOvzX4,0,748,0,0,UCcROxwq_GajcurqLI7zGFfw,"Hà Nội ơi, vừa Quen vừa Lạ [25 7416]",
Hanoi,,21.0283334,105.854041,nPQ5Zz_H7_c,https://www.youtube.com/watch?v=nPQ5Zz_H7_c,0,1745,0,0,UCcROxwq_GajcurqLI7zGFfw,Văn Điển Thường Tín Hà Nội [25 9910],
Hanoi,,21.0283334,105.854041,-iYpAB_52js,https://www.youtube.com/watch?v=-iYpAB_52js,0,1182,1,0,UCcROxwq_GajcurqLI7zGFfw,Hà Nội mùa Thu năm 2025 [S 25 9223],night(label)
Hanoi,,21.0283334,105.854041,-iYpAB_52js,https://www.youtube.com/watch?v=-iYpAB_52js,1510,1913,1,0,UCcROxwq_GajcurqLI7zGFfw,Hà Nội mùa Thu năm 2025 [S 25 9223],night(label)
Hanoi,,21.0283334,105.854041,mrQ2M14wico,https://www.youtube.com/watch?v=mrQ2M14wico,0,1727,0,0,UCcROxwq_GajcurqLI7zGFfw,"Hà Nội ơi, vừa Quen vừa Lạ [25 7417]",
Hanoi,,21.0283334,105.854041,mrQ2M14wico,https://www.youtube.com/watch?v=mrQ2M14wico,1993,2371,1,0,UCcROxwq_GajcurqLI7zGFfw,"Hà Nội ơi, vừa Quen vừa Lạ [25 7417]",night(label)
Hanoi,,21.0283334,105.854041,jGWhQV4z_RE,https://www.youtube.com/watch?v=jGWhQV4z_RE,0,871,0,0,UCcROxwq_GajcurqLI7zGFfw,"Hà Nội vào Thu, năm 2025 [25 9402]",
Hanoi,,21.0283334,105.854041,jGWhQV4z_RE,https://www.youtube.com/watch?v=jGWhQV4z_RE,1849,2567,0,0,UCcROxwq_GajcurqLI7zGFfw,"Hà Nội vào Thu, năm 2025 [25 9402]",
Hanoi,,21.0283334,105.854041,mi6hfkAaMvI,https://www.youtube.com/watch?v=mi6hfkAaMvI,0,2370,0,0,UCcROxwq_GajcurqLI7zGFfw,Đường phố Hà Nội tháng 8 năm 2025 [25 8911],
Hanoi,,21.0283334,105.854041,oyybt_lKp5E,https://www.youtube.com/watch?v=oyybt_lKp5E,0,614,0,0,UCcROxwq_GajcurqLI7zGFfw,Hà Nội mùa Thu năm 2025 [25 909],
Hanoi,,21.0283334,105.854041,Wee97wHYb50,https://www.youtube.com/watch?v=Wee97wHYb50,0,1628,0,0,UCcROxwq_GajcurqLI7zGFfw,"Hà Nội mưa vào mùa Thu, năm 2025 [25 9404]",rain
Hanoi,,21.0283334,105.854041,qYlaMcvebis,https://www.youtube.com/watch?v=qYlaMcvebis,0,1393,0,0,UCcROxwq_GajcurqLI7zGFfw,Hà Nội tháng 8 đầu mùa Thu [25 8311],
Hanoi,,21.0283334,105.854041,KtELY2G6qwg,https://www.youtube.com/watch?v=KtELY2G6qwg,213,726,0,0,UCcROxwq_GajcurqLI7zGFfw,Hà Nội năm 2025 [25 736],
Hanoi,,21.0283334,105.854041,bVC0-OZhvE8,https://www.youtube.com/watch?v=bVC0-OZhvE8,0,2860,0,0,UCcROxwq_GajcurqLI7zGFfw,Mưa trên Hà Nội năm 2025 [25 8102],rain
Hanoi,,21.0283334,105.854041,7Tx8c-kU0iU,https://www.youtube.com/watch?v=7Tx8c-kU0iU,0,2254,0,0,UCcROxwq_GajcurqLI7zGFfw,đường phố Hà Nội mùa Thu năm 2025 [25 904],
Hanoi,,21.0283334,105.854041,Q6dQMkcurz8,https://www.youtube.com/watch?v=Q6dQMkcurz8,0,1286,0,0,UCcROxwq_GajcurqLI7zGFfw,Hà Nội mùa Thu năm 2025 [25 905],
Hanoi,,21.0283334,105.854041,NgsxqkbIVQY,https://www.youtube.com/watch?v=NgsxqkbIVQY,0,3612,0,0,UCcROxwq_GajcurqLI7zGFfw,"bất chấp mọi thời tiết, Người Người các Tỉnh đổ về Hà Nội....",
Hanoi,,21.0283334,105.854041,Vdj4nxjTEpw,https://www.youtube.com/watch?v=Vdj4nxjTEpw,0,735,0,0,UCcROxwq_GajcurqLI7zGFfw,đường phố Hà Nội mùa Thu năm 2025 [25 901],
Hanoi,,21.0283334,105.854041,ioq5mcBn5Yw,https://www.youtube.com/watch?v=ioq5mcBn5Yw,0,1540,0,0,UCcROxwq_GajcurqLI7zGFfw,"A80 dòng Người đổ về phố Văn Cao, Liễu Giai, Kim Mã, ngày 1 tháng 9 năm 2025 [25 922]",
Hanoi,,21.0283334,105.854041,SDODFcSrN8s,https://www.youtube.com/watch?v=SDODFcSrN8s,0,2498,0,0,UCcROxwq_GajcurqLI7zGFfw,Hà Nội mùa Hè năm 2025 [25 811],
Hanoi,,21.0283334,105.854041,xOnck3Iszbk,https://www.youtube.com/watch?v=xOnck3Iszbk,0,2997,0,0,UCcROxwq_GajcurqLI7zGFfw,đường phố Hà Nội ngày 29 tháng 8 mùa Thu năm 2025 [25 81],
Hanoi,,21.0283334,105.854041,fTdHqV9wKYQ,https://www.youtube.com/watch?v=fTdHqV9wKYQ,0,2392,0,0,UCcROxwq_GajcurqLI7zGFfw,Hà Nội tháng 8 đầu mùa Thu [25 834],
Hanoi,,21.0283334,105.854041,MBvjLha4BoQ,https://www.youtube.com/watch?v=MBvjLha4BoQ,0,1140,0,0,UCcROxwq_GajcurqLI7zGFfw,Hà Nội ngày Mưa Bão [25 788],rain
Hanoi,,21.0283334,105.854041,MBvjLha4BoQ,https://www.youtube.com/watch?v=MBvjLha4BoQ,1141,2535,1,0,UCcROxwq_GajcurqLI7zGFfw,Hà Nội ngày Mưa Bão [25 788],rain;night(label)
Hanoi,,21.0283334,105.854041,-Jt6TBv2Tco,https://www.youtube.com/watch?v=-Jt6TBv2Tco,0,754,0,0,UCcROxwq_GajcurqLI7zGFfw,Đường phố Hà Nội tháng 8 năm 2025 [25 8901],
Hanoi,,21.0283334,105.854041,UsctkdCZ3Xg,https://www.youtube.com/watch?v=UsctkdCZ3Xg,0,2902,0,0,UCcROxwq_GajcurqLI7zGFfw,"Dòng Người Dòng Xe, Rợp Sắc Cờ Đỏ Hà Nội",
Hanoi,,21.0283334,105.854041,WrJhOe8ZooE,https://www.youtube.com/watch?v=WrJhOe8ZooE,0,1584,0,0,UCcROxwq_GajcurqLI7zGFfw,Đường phố Hà Nội tháng 8 năm 2025 [25 8913],
Hanoi,,21.0283334,105.854041,8g51fvh29GY,https://www.youtube.com/watch?v=8g51fvh29GY,0,1120,0,0,UCcROxwq_GajcurqLI7zGFfw,Hà Nội năm 2025 [25 733],
Hanoi,,21.0283334,105.854041,8g51fvh29GY,https://www.youtube.com/watch?v=8g51fvh29GY,1581,2059,0,0,UCcROxwq_GajcurqLI7zGFfw,Hà Nội năm 2025 [25 733],
Hanoi,,21.0283334,105.854041,kM8fucagxvY,https://www.youtube.com/watch?v=kM8fucagxvY,0,2410,0,0,UCcROxwq_GajcurqLI7zGFfw,QUẢNG TRƯỜNG BA ĐÌNH LỊCH SỬ,
Hanoi,,21.0283334,105.854041,7fuNeQB-62I,https://www.youtube.com/watch?v=7fuNeQB-62I,0,747,0,0,UCcROxwq_GajcurqLI7zGFfw,"Hà Nội ơi, vừa Quen vừa Lạ [25 7422]",
Hanoi,,21.0283334,105.854041,zqUhWoqGV14,https://www.youtube.com/watch?v=zqUhWoqGV14,0,760,0,0,UCcROxwq_GajcurqLI7zGFfw,Hà Nội tháng 8 đầu mùa Thu [25 833],
Hanoi,,21.0283334,105.854041,6zloDV2ZE5c,https://www.youtube.com/watch?v=6zloDV2ZE5c,0,1096,1,0,UCcROxwq_GajcurqLI7zGFfw,"Hà Nội ơi, vừa Quen vừa Lạ [25 7418]",night(label)
Hanoi,,21.0283334,105.854041,yld4rT0A4Qc,https://www.youtube.com/watch?v=yld4rT0A4Qc,0,1859,0,0,UCcROxwq_GajcurqLI7zGFfw,"Người Người đổ về Quảng Trường Ba Đình chụp ảnh, tháng 8 năm 2025",
Hanoi,,21.0283334,105.854041,pWMWOdnUzyk,https://www.youtube.com/watch?v=pWMWOdnUzyk,0,2622,0,0,UCcROxwq_GajcurqLI7zGFfw,Vinhomes Ocean Park1 Hà Nội [25 794],
Hanoi,,21.0283334,105.854041,LMvJhHjA7T0,https://www.youtube.com/watch?v=LMvJhHjA7T0,0,2369,0,0,UCcROxwq_GajcurqLI7zGFfw,Hà Nội tháng 8 đầu mùa Thu [25 838],
Hanoi,,21.0283334,105.854041,yTLyWSfk6O0,https://www.youtube.com/watch?v=yTLyWSfk6O0,0,2226,0,0,UCcROxwq_GajcurqLI7zGFfw,Hà Nội tháng 8 năm 2025 [25 8314],
Hanoi,,21.0283334,105.854041,m3luFR_I45g,https://www.youtube.com/watch?v=m3luFR_I45g,0,1646,0,0,UCcROxwq_GajcurqLI7zGFfw,"Hà Nội ơi, vừa Quen vừa Lạ [25 7424]",
Hanoi,,21.0283334,105.854041,BTR9HBNyt8s,https://www.youtube.com/watch?v=BTR9HBNyt8s,0,731,0,0,UCcROxwq_GajcurqLI7zGFfw,Hà Nội đang chuẩn bị cho sự kiện kỷ niệm 80 năm thành lập Nước [25 822],
Hanoi,,21.0283334,105.854041,buVP1ZUspr0,https://www.youtube.com/watch?v=buVP1ZUspr0,0,1214,1,0,UCcROxwq_GajcurqLI7zGFfw,Mưa Bão Hà Nội năm 2025 [25 789],rain;night(label)
Hanoi,,21.0283334,105.854041,O9Nr46ZYAY8,https://www.youtube.com/watch?v=O9Nr46ZYAY8,0,1368,0,0,UCcROxwq_GajcurqLI7zGFfw,Hà Nội  năm 2025 [25 813],
Hanoi,,21.0283334,105.854041,O9Nr46ZYAY8,https://www.youtube.com/watch?v=O9Nr46ZYAY8,1661,1696,0,0,UCcROxwq_GajcurqLI7zGFfw,Hà Nội  năm 2025 [25 813],
Hanoi,,21.0283334,105.854041,DJofsruaRPI,https://www.youtube.com/watch?v=DJofsruaRPI,0,1369,0,0,UCcROxwq_GajcurqLI7zGFfw,QL1A (cũ) qua địa phận Hà Nội đến Ninh Bình (mới) tháng 7 năm 2025 [25 787],
Hanoi,,21.0283334,105.854041,mSss5_i9ZMs,https://www.youtube.com/watch?v=mSss5_i9ZMs,0,704,0,0,UCcROxwq_GajcurqLI7zGFfw,Hà Nội tháng 7 có gì lạ ... [25 752],
Hanoi,,21.0283334,105.854041,qfMhO9BiRas,https://www.youtube.com/watch?v=qfMhO9BiRas,0,4918,0,0,UCcROxwq_GajcurqLI7zGFfw,"so sánh EcoPark và Ocean Park, hai khu đáng sống chỉ cách nhau 10 phút [25 793]",
Hanoi,,21.0283334,105.854041,FTw9Gru0Th4,https://www.youtube.com/watch?v=FTw9Gru0Th4,0,2805,0,0,UCcROxwq_GajcurqLI7zGFfw,Hà Nội Gia Lâm Yên Viên có gì lạ ... [25 7517],
Hanoi,,21.0283334,105.854041,HoVXcg1Nk84,https://www.youtube.com/watch?v=HoVXcg1Nk84,0,2497,0,0,UCcROxwq_GajcurqLI7zGFfw,Yên Viên Hà Nội năm 2025 [25 751],
Hanoi,,21.0283334,105.854041,RcxlD1PJIOQ,https://www.youtube.com/watch?v=RcxlD1PJIOQ,0,1280,0,0,UCcROxwq_GajcurqLI7zGFfw,Hà Nội tháng 7 năm 2025 [25 734],
Hanoi,,21.0283334,105.854041,w3rJLP_2e9k,https://www.youtube.com/watch?v=w3rJLP_2e9k,0,1663,0,0,UCcROxwq_GajcurqLI7zGFfw,Chợ Ninh Hiệp Hà Nội tháng 7 có gì lạ ... [25 7514],
Hanoi,,21.0283334,105.854041,SAhQ2j4ZcFo,https://www.youtube.com/watch?v=SAhQ2j4ZcFo,0,222,0,0,UCcROxwq_GajcurqLI7zGFfw,Hà Nội tháng 7 năm 2025 [25 7022],
Hanoi,,21.0283334,105.854041,SAhQ2j4ZcFo,https://www.youtube.com/watch?v=SAhQ2j4ZcFo,1022,2805,0,0,UCcROxwq_GajcurqLI7zGFfw,Hà Nội tháng 7 năm 2025 [25 7022],
Hanoi,,21.0283334,105.854041,SAhQ2j4ZcFo,https://www.youtube.com/watch?v=SAhQ2j4ZcFo,4296,5556,0,0,UCcROxwq_GajcurqLI7zGFfw,Hà Nội tháng 7 năm 2025 [25 7022],
Hanoi,,21.0283334,105.854041,fUlOn8aBCCI,https://www.youtube.com/watch?v=fUlOn8aBCCI,0,1868,0,0,UCcROxwq_GajcurqLI7zGFfw,Hà Nội vừa Quen vừa Lạ [25 697],
Hanoi,,21.0283334,105.854041,rj_lHxG8bV8,https://www.youtube.com/watch?v=rj_lHxG8bV8,0,778,0,0,UCcROxwq_GajcurqLI7zGFfw,Hà Nội vừa Quen vừa Lạ [25 696],
Hanoi,,21.0283334,105.854041,rj_lHxG8bV8,https://www.youtube.com/watch?v=rj_lHxG8bV8,1540,1998,0,0,UCcROxwq_GajcurqLI7zGFfw,Hà Nội vừa Quen vừa Lạ [25 696],
Hanoi,,21.0283334,105.854041,pcwm6QY_pus,https://www.youtube.com/watch?v=pcwm6QY_pus,0,2251,0,0,UCcROxwq_GajcurqLI7zGFfw,Hà Nội vừa Quen vừa Lạ [25 693],
Hanoi,,21.0283334,105.854041,eErgKJYnV8E,https://www.youtube.com/watch?v=eErgKJYnV8E,0,2353,0,0,UCcROxwq_GajcurqLI7zGFfw,Hà Nội vừa Quen vừa Lạ [25 6912],
Hanoi,,21.0283334,105.854041,6ReexQWwACk,https://www.youtube.com/watch?v=6ReexQWwACk,0,1131,0,0,UCcROxwq_GajcurqLI7zGFfw,Hà Nội năm 2024 (24 1073),
Hanoi,,21.0283334,105.854041,6ReexQWwACk,https://www.youtube.com/watch?v=6ReexQWwACk,1132,2138,1,0,UCcROxwq_GajcurqLI7zGFfw,Hà Nội năm 2024 (24 1073),night(label)
Hanoi,,21.0283334,105.854041,VKeGKIpYpTU,https://www.youtube.com/watch?v=VKeGKIpYpTU,15,3302,1,0,UC-kzQ44ZN45LW283kytkLjQ,Driving Vietnam 4K Hanoi city at Friday evening,night
Hanoi,,21.0283334,105.854041,lSSMrD0cfhk,https://www.youtube.com/watch?v=lSSMrD0cfhk,23,1241,0,0,UC-kzQ44ZN45LW283kytkLjQ,Vietnam - Hanoi city. My Movie 18,
Hanoi,,21.0283334,105.854041,lSSMrD0cfhk,https://www.youtube.com/watch?v=lSSMrD0cfhk,1242,2421,1,0,UC-kzQ44ZN45LW283kytkLjQ,Vietnam - Hanoi city. My Movie 18,night(label)
Hanoi,,21.0283334,105.854041,HfGyxojEtR8,https://www.youtube.com/watch?v=HfGyxojEtR8,161,1410,0,0,UCcROxwq_GajcurqLI7zGFfw,những con Phố con Đường Hà Nội [26 64],
Hanoi,,21.0283334,105.854041,-Gu28hbQXLs,https://www.youtube.com/watch?v=-Gu28hbQXLs,0,531,1,0,UCcROxwq_GajcurqLI7zGFfw,"HÀ NỘI KHI THÀNH PHỐ LÊN ĐÈN, THÁNG 12 NĂM 2020 THỜI COVID!",night(label)
Hanoi,,21.0283334,105.854041,JvsEpYDZFCk,https://www.youtube.com/watch?v=JvsEpYDZFCk,0,1971,0,0,UCcROxwq_GajcurqLI7zGFfw,Đường từ Xuân Mai vào trung tâm Hà Nội [26 76],
Hanoi,,21.0283334,105.854041,CC7d0QRgBk4,https://www.youtube.com/watch?v=CC7d0QRgBk4,0,1117,0,0,UCcROxwq_GajcurqLI7zGFfw,Hà Nội mùa Hè nắng nóng năm 2026 [26 57],
Hanoi,,21.0283334,105.854041,CBtcGlBnt6c,https://www.youtube.com/watch?v=CBtcGlBnt6c,0,602,0,0,UCcROxwq_GajcurqLI7zGFfw,Đường Văn Cao Hà Nội tháng 7 [26 75],
Hanoi,,21.0283334,105.854041,3pFrhA57zcI,https://www.youtube.com/watch?v=3pFrhA57zcI,0,2437,0,0,UCcROxwq_GajcurqLI7zGFfw,Đông Anh tháng 7 có gì mới? [26 75],
Hanoi,,21.0283334,105.854041,6vL5Sw1kI3k,https://www.youtube.com/watch?v=6vL5Sw1kI3k,0,716,0,0,UCcROxwq_GajcurqLI7zGFfw,"Hà Nội, trục đường Hoàng Sa và Trường Sa tháng 7 năm 2026 [26 75]",
Hanoi,,21.0283334,105.854041,Jkm5uUe2nLc,https://www.youtube.com/watch?v=Jkm5uUe2nLc,0,2335,0,0,UCcROxwq_GajcurqLI7zGFfw,Chuyển động Hà Nội tháng 8 năm 2023,
Hanoi,,21.0283334,105.854041,Jkm5uUe2nLc,https://www.youtube.com/watch?v=Jkm5uUe2nLc,2336,3067,1,0,UCcROxwq_GajcurqLI7zGFfw,Chuyển động Hà Nội tháng 8 năm 2023,night(label)
Hanoi,,21.0283334,105.854041,a_3V1r3Kpi4,https://www.youtube.com/watch?v=a_3V1r3Kpi4,0,1260,0,0,UCcROxwq_GajcurqLI7zGFfw,nhiều con phố con đường Hà Nội đang mở rất rộng [26 75],
Hanoi,,21.0283334,105.854041,LygXPc0-Zjc,https://www.youtube.com/watch?v=LygXPc0-Zjc,0,2038,0,0,UCcROxwq_GajcurqLI7zGFfw,Tp Đồng Hới tỉnh Quảng Bình cuối năm 2025 [25 128],
Hanoi,,21.0283334,105.854041,kfXUclrS_H4,https://www.youtube.com/watch?v=kfXUclrS_H4,0,1331,0,0,UCcROxwq_GajcurqLI7zGFfw,Hà Nội tháng 7 năm 2026 [26 72],
Hanoi,,21.0283334,105.854041,b7xT-aQFh5o,https://www.youtube.com/watch?v=b7xT-aQFh5o,0,3051,0,0,UCcROxwq_GajcurqLI7zGFfw,QL6 qua địa phận Hà Nội năm 2026 đang ngổn ngang...,
Hanoi,,21.0283334,105.854041,7p7bdJEVqYA,https://www.youtube.com/watch?v=7p7bdJEVqYA,0,1571,0,0,UCcROxwq_GajcurqLI7zGFfw,Hà Nội vào Hè nắng nóng năm 2026 [26 58],
Hanoi,,21.0283334,105.854041,xmmFoSvDxuU,https://www.youtube.com/watch?v=xmmFoSvDxuU,0,1363,1,0,UCcROxwq_GajcurqLI7zGFfw,Hà Nội năm 2024 (24 868),night(label)
Hanoi,,21.0283334,105.854041,9PkwLjHQsJ4,https://www.youtube.com/watch?v=9PkwLjHQsJ4,0,3801,1,0,UCcROxwq_GajcurqLI7zGFfw,CHUYỂN ĐỘNG HÀ NỘI (23 068),night(label)
Hanoi,,21.0283334,105.854041,Qz5bWeznZDM,https://www.youtube.com/watch?v=Qz5bWeznZDM,0,2111,0,0,UCcROxwq_GajcurqLI7zGFfw,đường phố Hà Nội mùa Hè có gì mới lạ? [25 6325],
Hanoi,,21.0283334,105.854041,avbyD9eO-8M,https://www.youtube.com/watch?v=avbyD9eO-8M,98,1188,0,0,UCcROxwq_GajcurqLI7zGFfw,đường phố Hà Nội mùa Hè có gì mới lạ? [25 641],
Hanoi,,21.0283334,105.854041,Xw1q1xVsVD4,https://www.youtube.com/watch?v=Xw1q1xVsVD4,0,998,0,0,UCcROxwq_GajcurqLI7zGFfw,Hà Nội vừa Quen vừa Lạ [25 694],
Hanoi,,21.0283334,105.854041,Xw1q1xVsVD4,https://www.youtube.com/watch?v=Xw1q1xVsVD4,999,1126,1,0,UCcROxwq_GajcurqLI7zGFfw,Hà Nội vừa Quen vừa Lạ [25 694],night(label)
Hanoi,,21.0283334,105.854041,G4Yq4QrFsg8,https://www.youtube.com/watch?v=G4Yq4QrFsg8,0,1367,0,0,UCcROxwq_GajcurqLI7zGFfw,Đường phố Hà Nội lúc 5h chiều [25 02706],
Hanoi,,21.0283334,105.854041,G4Yq4QrFsg8,https://www.youtube.com/watch?v=G4Yq4QrFsg8,1368,1728,1,0,UCcROxwq_GajcurqLI7zGFfw,Đường phố Hà Nội lúc 5h chiều [25 02706],night(label)
Hanoi,,21.0283334,105.854041,0M-OfaNcjZc,https://www.youtube.com/watch?v=0M-OfaNcjZc,0,907,0,0,UCcROxwq_GajcurqLI7zGFfw,"quận Hoàn Kiếm và Ba Đình, Hà Nội năm 2026 [26 06]",
Hanoi,,21.0283334,105.854041,moJtnaWKf5s,https://www.youtube.com/watch?v=moJtnaWKf5s,0,1594,0,0,UCcROxwq_GajcurqLI7zGFfw,"Ngõ phố nhỏ Định Công Hà Nội, Khi Hàng Quán Đóng Cửa ....",
Hanoi,,21.0283334,105.854041,Qg6AMvDwz_U,https://www.youtube.com/watch?v=Qg6AMvDwz_U,0,1388,0,0,UCcROxwq_GajcurqLI7zGFfw,Hà Nội tháng 7 có gì lạ ... [25 755],
Hanoi,,21.0283334,105.854041,3K0Yf8xNMBc,https://www.youtube.com/watch?v=3K0Yf8xNMBc,0,1157,1,0,UCcROxwq_GajcurqLI7zGFfw,ĐƯỜNG RA NGOẠI THÀNH (23 079),night(label)
Hanoi,,21.0283334,105.854041,iEBVQ3Az0jc,https://www.youtube.com/watch?v=iEBVQ3Az0jc,0,390,0,0,UCcROxwq_GajcurqLI7zGFfw,những con Phố con Đường Hà Nội [26 64],
Hanoi,,21.0283334,105.854041,iEBVQ3Az0jc,https://www.youtube.com/watch?v=iEBVQ3Az0jc,771,802,0,0,UCcROxwq_GajcurqLI7zGFfw,những con Phố con Đường Hà Nội [26 64],
Hanoi,,21.0283334,105.854041,PQVgldk_nGc,https://www.youtube.com/watch?v=PQVgldk_nGc,0,887,0,0,UCcROxwq_GajcurqLI7zGFfw,Dòng Xe Đường Phố Hà Nội năm 2026 [26 44],
Hanoi,,21.0283334,105.854041,2nxrxaPm7vU,https://www.youtube.com/watch?v=2nxrxaPm7vU,0,2292,0,0,UCcROxwq_GajcurqLI7zGFfw,Hà Nội vào Hè [25 8214],
Hanoi,,21.0283334,105.854041,X2oK33ru9lY,https://www.youtube.com/watch?v=X2oK33ru9lY,0,741,0,0,UCcROxwq_GajcurqLI7zGFfw,Hà Nội ơi .... vào Hè nhé [26 65],
Hanoi,,21.0283334,105.854041,h3MhbfJnhB0,https://www.youtube.com/watch?v=h3MhbfJnhB0,0,1892,0,0,UCcROxwq_GajcurqLI7zGFfw,Hà Nội tháng 7 năm 2022 (S),
Hanoi,,21.0283334,105.854041,V22noSJADo4,https://www.youtube.com/watch?v=V22noSJADo4,0,531,0,0,UCcROxwq_GajcurqLI7zGFfw,"NHỮNG NẺO ĐƯỜNG HÀ NỘI MÙA THU, TẤP NẬP THỜI COVID (2020)",
Hanoi,,21.0283334,105.854041,Mg5-QxgoQ9E,https://www.youtube.com/watch?v=Mg5-QxgoQ9E,0,1422,0,0,UCcROxwq_GajcurqLI7zGFfw,Đường Hà Nội năm 2026 [26 36],
Hanoi,,21.0283334,105.854041,BxUTyIzJXeU,https://www.youtube.com/watch?v=BxUTyIzJXeU,0,2621,0,0,UCcROxwq_GajcurqLI7zGFfw,ĐƯỜNG PHỐ HÀ NỘI NGÀY HÈ NĂM 2024 (24 625),
Hanoi,,21.0283334,105.854041,es0IYeJu3qk,https://www.youtube.com/watch?v=es0IYeJu3qk,0,807,0,0,UCcROxwq_GajcurqLI7zGFfw,Phố quanh chùa Ngũ Xã nổi tiếng đất Hà Thành [26 64],
Hanoi,,21.0283334,105.854041,C7_lh91d_yU,https://www.youtube.com/watch?v=C7_lh91d_yU,0,1196,0,0,UCcROxwq_GajcurqLI7zGFfw,Đường Phố Hà Nội ngày Hè nắng nóng gần 39độC [26 58],
Hanoi,,21.0283334,105.854041,n1fbwsol6F0,https://www.youtube.com/watch?v=n1fbwsol6F0,138,1507,0,0,UCcROxwq_GajcurqLI7zGFfw,HÀ NỘI NĂM 2024 (24 676)F,
Hanoi,,21.0283334,105.854041,n1fbwsol6F0,https://www.youtube.com/watch?v=n1fbwsol6F0,1784,2372,0,0,UCcROxwq_GajcurqLI7zGFfw,HÀ NỘI NĂM 2024 (24 676)F,
Hanoi,,21.0283334,105.854041,eIjTEBU_B6Y,https://www.youtube.com/watch?v=eIjTEBU_B6Y,0,1188,0,0,UCcROxwq_GajcurqLI7zGFfw,đường vào thành phố Hà Nội mùa Xuân năm 2026 [26 42],
Hanoi,,21.0283334,105.854041,gzFFfytKnpQ,https://www.youtube.com/watch?v=gzFFfytKnpQ,0,531,0,0,UCcROxwq_GajcurqLI7zGFfw,"Hà Nội, thứ 7 ngày 12 tháng 6 năm 2021",
Hanoi,,21.0283334,105.854041,JiUM8o9MCH4,https://www.youtube.com/watch?v=JiUM8o9MCH4,0,937,0,0,UCcROxwq_GajcurqLI7zGFfw,Đường Phố Hà Nội ngày Hè nắng nóng gần 39độC [26 58],
Hanoi,,21.0283334,105.854041,1W0jxblYU7E,https://www.youtube.com/watch?v=1W0jxblYU7E,0,652,0,0,UCcROxwq_GajcurqLI7zGFfw,Hà Nội năm 2024 (24 1037),
Hanoi,,21.0283334,105.854041,GaSRSNz5yIU,https://www.youtube.com/watch?v=GaSRSNz5yIU,0,531,0,0,UCcROxwq_GajcurqLI7zGFfw,CAMERA HÀNH TRÌNH LANG THANG!,
Hanoi,,21.0283334,105.854041,1uVwisXNX2k,https://www.youtube.com/watch?v=1uVwisXNX2k,0,1992,0,0,UCcROxwq_GajcurqLI7zGFfw,Đường Phố Hà Nội ngày Hè nắng nóng gần 39độC [26 58],
Hanoi,,21.0283334,105.854041,17kNXQXxPA0,https://www.youtube.com/watch?v=17kNXQXxPA0,0,899,0,0,UCcROxwq_GajcurqLI7zGFfw,Hà Thành cuối tháng 5 năm 2022,
Hanoi,,21.0283334,105.854041,17kNXQXxPA0,https://www.youtube.com/watch?v=17kNXQXxPA0,1409,1555,0,0,UCcROxwq_GajcurqLI7zGFfw,Hà Thành cuối tháng 5 năm 2022,
Hanoi,,21.0283334,105.854041,Np1lG1T5P7U,https://www.youtube.com/watch?v=Np1lG1T5P7U,0,975,0,0,UCcROxwq_GajcurqLI7zGFfw,"đang mở rộng 40m đường Tam Chinh Hà Nội, sẽ hoàn thành trong năm 2026 [26 62]",
Hanoi,,21.0283334,105.854041,_keLtOexD7I,https://www.youtube.com/watch?v=_keLtOexD7I,0,1035,0,0,UCcROxwq_GajcurqLI7zGFfw,Giao Thông Đường Phố Hà Thành [26 62],
Hanoi,,21.0283334,105.854041,uzcnWm4dUww,https://www.youtube.com/watch?v=uzcnWm4dUww,0,17,0,0,UCcROxwq_GajcurqLI7zGFfw,xã Nga Sơn Thanh Hoá [26 61],
Hanoi,,21.0283334,105.854041,uzcnWm4dUww,https://www.youtube.com/watch?v=uzcnWm4dUww,740,1086,0,0,UCcROxwq_GajcurqLI7zGFfw,xã Nga Sơn Thanh Hoá [26 61],
Hanoi,,21.0283334,105.854041,FJu7I_-FT5w,https://www.youtube.com/watch?v=FJu7I_-FT5w,11,1699,0,0,UCcROxwq_GajcurqLI7zGFfw,những con đường con phố Hà Nội [25 309],
Hanoi,,21.0283334,105.854041,4sy7HbrGYNo,https://www.youtube.com/watch?v=4sy7HbrGYNo,0,639,0,0,UCcROxwq_GajcurqLI7zGFfw,đường phố Hà Nội vừa Quen vừa Lạ [25 655],
Hanoi,,21.0283334,105.854041,00lWQ7WFVxo,https://www.youtube.com/watch?v=00lWQ7WFVxo,0,1448,0,0,UCcROxwq_GajcurqLI7zGFfw,Đường Phố và Cuộc Sống Đời Thường Hà Nội [26 32],
Hanoi,,21.0283334,105.854041,KcgRpl0jKdk,https://www.youtube.com/watch?v=KcgRpl0jKdk,0,1904,0,0,UCcROxwq_GajcurqLI7zGFfw,Đường Phố Hà Nội ngày Hè nắng nóng gần 39độC [26 58],
Hanoi,,21.0283334,105.854041,f--3VWxw3_g,https://www.youtube.com/watch?v=f--3VWxw3_g,0,669,0,0,UCcROxwq_GajcurqLI7zGFfw,Hà Nội vào Hè nắng nóng năm 2026 [26 58],
Hanoi,,21.0283334,105.854041,vh9_24ybz7U,https://www.youtube.com/watch?v=vh9_24ybz7U,0,1389,0,0,UCcROxwq_GajcurqLI7zGFfw,Đường Phố Hà Nội ngày Hè nắng nóng gần 39độC [26 58],
Hanoi,,21.0283334,105.854041,z7yvdWnf6Tw,https://www.youtube.com/watch?v=z7yvdWnf6Tw,0,381,0,0,UCcROxwq_GajcurqLI7zGFfw,Đường Phố Hà Nội ngày Hè nắng nóng gần 40độC [26 58],
Hanoi,,21.0283334,105.854041,yosZ4ENQWlI,https://www.youtube.com/watch?v=yosZ4ENQWlI,0,984,0,0,UCcROxwq_GajcurqLI7zGFfw,Hà Nội vào Hè nắng nóng năm 2026 [26 58],
Hanoi,,21.0283334,105.854041,63d5N9Rgkmc,https://www.youtube.com/watch?v=63d5N9Rgkmc,0,2561,0,0,UCcROxwq_GajcurqLI7zGFfw,đường phố Hà Nội vừa Quen vừa Lạ... [25 657],
Hanoi,,21.0283334,105.854041,UBovPJJ09mE,https://www.youtube.com/watch?v=UBovPJJ09mE,0,1783,0,0,UCcROxwq_GajcurqLI7zGFfw,Đường Phố Hà Nội ngày Hè nắng nóng gần 39độC [26 58],
Hanoi,,21.0283334,105.854041,a2nTy3zzJQA,https://www.youtube.com/watch?v=a2nTy3zzJQA,0,1673,0,0,UCcROxwq_GajcurqLI7zGFfw,"Đại Lộ Thăng Long Hà Nội Hoà Lạc, năm 2026 [26 58]",
Hanoi,,21.0283334,105.854041,ZS1xK3Wu5OA,https://www.youtube.com/watch?v=ZS1xK3Wu5OA,0,2172,0,0,UCcROxwq_GajcurqLI7zGFfw,đến với Thành phố Tam Kỳ Quảng Nam [25 1281],
Hanoi,,21.0283334,105.854041,CxheGwVAjZ4,https://www.youtube.com/watch?v=CxheGwVAjZ4,0,857,0,0,UCcROxwq_GajcurqLI7zGFfw,"Điểm Đến Thiên Nhiên Hàng Đầu Thế Giới, Mộc Châu [26 36]",
Hanoi,,21.0283334,105.854041,12yQ67bfxVU,https://www.youtube.com/watch?v=12yQ67bfxVU,0,910,0,0,UCcROxwq_GajcurqLI7zGFfw,Hoà Lạc Hà Nội năm 2026 [26 09],
Hanoi,,21.0283334,105.854041,4o9czHIRSkM,https://www.youtube.com/watch?v=4o9czHIRSkM,0,963,0,0,UCcROxwq_GajcurqLI7zGFfw,"Hà Nội mùa Xuân, năm 2026 [26 48]",
Hanoi,,21.0283334,105.854041,2eGYi9lsZqQ,https://www.youtube.com/watch?v=2eGYi9lsZqQ,0,1131,0,0,UCcROxwq_GajcurqLI7zGFfw,Hà Đông Hà Nội giờ cao điểm (25 0170),rush/jam
Hanoi,,21.0283334,105.854041,FqUGr0y1Nao,https://www.youtube.com/watch?v=FqUGr0y1Nao,0,1151,0,0,UCcROxwq_GajcurqLI7zGFfw,"phố Thuỵ Khuê và đường Hoàng Hoa Thám, Hà Nội năm 2026 [26 06]",
Hanoi,,21.0283334,105.854041,KG2n6xq6fng,https://www.youtube.com/watch?v=KG2n6xq6fng,0,712,0,0,UCcROxwq_GajcurqLI7zGFfw,Tạm Biệt Mộc Châu Sơn La hướng về Vân Hồ [25 020611],
Hanoi,,21.0283334,105.854041,4zqEtg0eY4A,https://www.youtube.com/watch?v=4zqEtg0eY4A,0,640,0,0,UCcROxwq_GajcurqLI7zGFfw,"đường phố Hoàn Kiếm & Hồ Tây, Hà Nội năm 2026 [26 094]",
Hanoi,,21.0283334,105.854041,CH-IH5deVYk,https://www.youtube.com/watch?v=CH-IH5deVYk,0,1792,0,0,UCcROxwq_GajcurqLI7zGFfw,Hà Nội đầu năm 2025 (25 257),
Hanoi,,21.0283334,105.854041,dEHPM0E5PZY,https://www.youtube.com/watch?v=dEHPM0E5PZY,0,1350,0,0,UCcROxwq_GajcurqLI7zGFfw,Hà Nội ơi vào Hạ [25 8],
Hanoi,,21.0283334,105.854041,fhypNyeprnw,https://www.youtube.com/watch?v=fhypNyeprnw,0,2457,1,0,UCcROxwq_GajcurqLI7zGFfw,7h tối đường Đại La Minh Khai Hà Nội năm 2021 [21 1023],night
Hanoi,,21.0283334,105.854041,6yQ-Y9k9aBc,https://www.youtube.com/watch?v=6yQ-Y9k9aBc,0,574,0,0,UCcROxwq_GajcurqLI7zGFfw,"Loanh quanh khu Ba Đình, trung tâm thủ đô Hà Nội [26 04]",
Hanoi,,21.0283334,105.854041,6yQ-Y9k9aBc,https://www.youtube.com/watch?v=6yQ-Y9k9aBc,584,723,1,0,UCcROxwq_GajcurqLI7zGFfw,"Loanh quanh khu Ba Đình, trung tâm thủ đô Hà Nội [26 04]",night(label)
Hanoi,,21.0283334,105.854041,uQTEaYe0rKA,https://www.youtube.com/watch?v=uQTEaYe0rKA,0,413,0,0,UCcROxwq_GajcurqLI7zGFfw,"ĐƯỜNG TRƯỜNG CHINH - GIẢI PHÓNG HÀ NỘI NĂM 2021, THỜI COVID",
Hanoi,,21.0283334,105.854041,c3GSIboenuw,https://www.youtube.com/watch?v=c3GSIboenuw,0,908,0,0,UCcROxwq_GajcurqLI7zGFfw,Hà Nội năm 2025 [25 433],
Hanoi,,21.0283334,105.854041,GnxbooI35mc,https://www.youtube.com/watch?v=GnxbooI35mc,0,621,0,0,UCcROxwq_GajcurqLI7zGFfw,Hà Nội đầu năm 2026,
Hanoi,,21.0283334,105.854041,PWScUeMqo90,https://www.youtube.com/watch?v=PWScUeMqo90,1685,6969,0,0,UCcROxwq_GajcurqLI7zGFfw,HOÀ BÌNH VỀ HÀ NỘI (24 454),
Hanoi,,21.0283334,105.854041,JvOSRGkfxBU,https://www.youtube.com/watch?v=JvOSRGkfxBU,0,2448,1,0,UCcROxwq_GajcurqLI7zGFfw,Hà Nội năm 2024 (24 135),night(label)
Hanoi,,21.0283334,105.854041,bzj50yo7k2I,https://www.youtube.com/watch?v=bzj50yo7k2I,80,3384,1,0,UC-DGxdhwQN_LRi34NKziE-g,Lost in Hanoi | 4K Night Drive Through Vietnam's Vibrant Capital,night
Don Duong,,20.3409854,105.6982214,cdgh526cINQ,https://www.youtube.com/watch?v=cdgh526cINQ,0,1026,0,0,UClmMbvhWa5NU-bIJcaIUNbg,Scenic Drive Through Don Duong | Vietnam’s Central Highlands POV Adventure,
Nha Trang,,12.227286,109.188914,jleeBxpw4YA,https://www.youtube.com/watch?v=jleeBxpw4YA,0,2355,0,3,UClmMbvhWa5NU-bIJcaIUNbg,Exploring Nha Trang - Vietnam’s Vibrant Coastal City Uncovered!,
Nha Trang,,12.227286,109.188914,5tEwtaRLzNI,https://www.youtube.com/watch?v=5tEwtaRLzNI,0,521,1,0,UClmMbvhWa5NU-bIJcaIUNbg,Night Drive in Nha Trang | Vietnam’s Coastal City After Dark,night
Nha Trang,,12.227286,109.188914,miSVVmEJTfo,https://www.youtube.com/watch?v=miSVVmEJTfo,0,891,0,0,UClmMbvhWa5NU-bIJcaIUNbg,Afternoon Drive to Do Theatre | Nha Trang Coastal Adventure,
Nha Trang,,12.227286,109.188914,xMZeAo9Lc7I,https://www.youtube.com/watch?v=xMZeAo9Lc7I,0,834,0,0,UClmMbvhWa5NU-bIJcaIUNbg,Nha Trang Drive - Discovering Vietnam’s Stunning Coastal City,
Nha Trang,,12.227286,109.188914,PXR7pxqHAWE,https://www.youtube.com/watch?v=PXR7pxqHAWE,0,180,1,0,UC9gk28cRJKuFhN6uHZ0A9IQ,"Lái Xe Nissan Sunny Khi Trời Tối Về Tân Lập , Khi Trời Sáng Đi Long Biên",night
Nha Trang,,12.227286,109.188914,PXR7pxqHAWE,https://www.youtube.com/watch?v=PXR7pxqHAWE,181,270,1,0,UC9gk28cRJKuFhN6uHZ0A9IQ,"Lái Xe Nissan Sunny Khi Trời Tối Về Tân Lập , Khi Trời Sáng Đi Long Biên",night
Nha Trang,,12.227286,109.188914,PXR7pxqHAWE,https://www.youtube.com/watch?v=PXR7pxqHAWE,271,655,1,0,UC9gk28cRJKuFhN6uHZ0A9IQ,"Lái Xe Nissan Sunny Khi Trời Tối Về Tân Lập , Khi Trời Sáng Đi Long Biên",night
Nha Trang,,12.227286,109.188914,PXR7pxqHAWE,https://www.youtube.com/watch?v=PXR7pxqHAWE,790,810,0,0,UC9gk28cRJKuFhN6uHZ0A9IQ,"Lái Xe Nissan Sunny Khi Trời Tối Về Tân Lập , Khi Trời Sáng Đi Long Biên",night
Nha Trang,,12.227286,109.188914,PXR7pxqHAWE,https://www.youtube.com/watch?v=PXR7pxqHAWE,811,900,0,0,UC9gk28cRJKuFhN6uHZ0A9IQ,"Lái Xe Nissan Sunny Khi Trời Tối Về Tân Lập , Khi Trời Sáng Đi Long Biên",night
Nha Trang,,12.227286,109.188914,PXR7pxqHAWE,https://www.youtube.com/watch?v=PXR7pxqHAWE,901,1170,0,0,UC9gk28cRJKuFhN6uHZ0A9IQ,"Lái Xe Nissan Sunny Khi Trời Tối Về Tân Lập , Khi Trời Sáng Đi Long Biên",night
Nha Trang,,12.227286,109.188914,PXR7pxqHAWE,https://www.youtube.com/watch?v=PXR7pxqHAWE,1171,1350,0,0,UC9gk28cRJKuFhN6uHZ0A9IQ,"Lái Xe Nissan Sunny Khi Trời Tối Về Tân Lập , Khi Trời Sáng Đi Long Biên",night
Nha Trang,,12.227286,109.188914,PXR7pxqHAWE,https://www.youtube.com/watch?v=PXR7pxqHAWE,1351,1440,0,0,UC9gk28cRJKuFhN6uHZ0A9IQ,"Lái Xe Nissan Sunny Khi Trời Tối Về Tân Lập , Khi Trời Sáng Đi Long Biên",night
Nha Trang,,12.227286,109.188914,PXR7pxqHAWE,https://www.youtube.com/watch?v=PXR7pxqHAWE,1441,1620,0,0,UC9gk28cRJKuFhN6uHZ0A9IQ,"Lái Xe Nissan Sunny Khi Trời Tối Về Tân Lập , Khi Trời Sáng Đi Long Biên",night
Nha Trang,,12.227286,109.188914,EVFBFzF7vMs,https://www.youtube.com/watch?v=EVFBFzF7vMs,90,230,0,0,UCobltUguQJPJGnVO4_GwNww,Tp. Nha Trang - Khanh Vinh,
Nha Trang,,12.227286,109.188914,EVFBFzF7vMs,https://www.youtube.com/watch?v=EVFBFzF7vMs,340,1190,0,0,UCobltUguQJPJGnVO4_GwNww,Tp. Nha Trang - Khanh Vinh,
Nha Trang,,12.227286,109.188914,6pzibZbf28A,https://www.youtube.com/watch?v=6pzibZbf28A,0,1040,0,0,UCKizy4nsW1DkbxhK7mmhcYQ,"Taxi - Nha Trang - Cam Ranh, Vietnam",
Nha Trang,,12.227286,109.188914,hsKRlTjRg2g,https://www.youtube.com/watch?v=hsKRlTjRg2g,0,1856,0,0,UCcROxwq_GajcurqLI7zGFfw,"Đường miền Trung: Nha Trang Phú Yên Quảng Ngãi, năm 2026 [26 032]",
Nha Trang,,12.227286,109.188914,ujgpA80V5p0,https://www.youtube.com/watch?v=ujgpA80V5p0,10,714,0,0,UCcHVmtqDtocVp7Q_6auEWbA,Nha Trang summer 2015,
Nha Trang,,12.227286,109.188914,ujgpA80V5p0,https://www.youtube.com/watch?v=ujgpA80V5p0,739,1458,0,0,UCcHVmtqDtocVp7Q_6auEWbA,Nha Trang summer 2015,
Nha Trang,,12.227286,109.188914,MEc4d4lpMlE,https://www.youtube.com/watch?v=MEc4d4lpMlE,0,2441,0,0,UCM5LM0KkRbn1odSzREn7ufg,🌊 4K Scenic Drive from Nha Trang to Cam Ranh Airport via Cu Hin Pass | Coastal Road Loop,mountain/pass
Nha Trang,,12.227286,109.188914,vuigiV3UGxY,https://www.youtube.com/watch?v=vuigiV3UGxY,0,3808,0,0,UCM5LM0KkRbn1odSzREn7ufg,🌴 4K Sunny Coastal Drive in Nha Trang | Tran Phu Beach Road & Ocean Views,
Dien Bien Phu,,21.391065,103.015012,jybDy3E7rm8,https://www.youtube.com/watch?v=jybDy3E7rm8,30,135,0,0,UCJgifjFqUCenQGrJc-k6-GQ,Dien Bien 4k Road Trip - Part 3 - Sunset Ride to City View Point.,
Dien Bien Phu,,21.391065,103.015012,zXuLK2iKu1I,https://www.youtube.com/watch?v=zXuLK2iKu1I,3000,3526,0,0,UCJgifjFqUCenQGrJc-k6-GQ,Dien Bien 4K - Road Trip 2023 - Part 2 - Ang To Commune - Dien Bien City,
Moc Chau,,20.8543609,104.618272,Sm0d7-9PkU8,https://www.youtube.com/watch?v=Sm0d7-9PkU8,1190,2060,0,0,UCYC64qfHHC5Aj84ouBpigIw,Driving from Hanoi to Mộc Châu | Part 7 | Vietnam 🇻🇳,
Moc Chau,,20.8543609,104.618272,OpQYNr7cX9M,https://www.youtube.com/watch?v=OpQYNr7cX9M,0,2941,0,0,UCYC64qfHHC5Aj84ouBpigIw,Driving around Mộc Châu | Part 4 | Vietnam 🇻🇳,
Moc Chau,,20.8543609,104.618272,6d9TKUSM9Es,https://www.youtube.com/watch?v=6d9TKUSM9Es,0,920,0,0,UCYC64qfHHC5Aj84ouBpigIw,Driving from Mộc Châu to Hanoi | Part 1 | Vietnam 🇻🇳,
Moc Chau,,20.8543609,104.618272,4luwTFSeqZM,https://www.youtube.com/watch?v=4luwTFSeqZM,0,765,0,0,UCYC64qfHHC5Aj84ouBpigIw,Driving around Mộc Châu | Part 5 | Vietnam 🇻🇳,
Moc Chau,,20.8543609,104.618272,4luwTFSeqZM,https://www.youtube.com/watch?v=4luwTFSeqZM,887,1249,0,0,UCYC64qfHHC5Aj84ouBpigIw,Driving around Mộc Châu | Part 5 | Vietnam 🇻🇳,
Moc Chau,,20.8543609,104.618272,j8yMnCr4F5g,https://www.youtube.com/watch?v=j8yMnCr4F5g,0,641,0,0,UCcROxwq_GajcurqLI7zGFfw,"Điểm Đến Thiên Nhiên Hàng Đầu Thế Giới, Mộc Châu [26 36]",
Moc Chau,,20.8543609,104.618272,avketidOGJE,https://www.youtube.com/watch?v=avketidOGJE,0,608,0,0,UCcROxwq_GajcurqLI7zGFfw,"Điểm Đến Thiên Nhiên Hàng Đầu Thế Giới, Mộc Châu [26 36]",
Moc Chau,,20.8543609,104.618272,6o_rlGepF2w,https://www.youtube.com/watch?v=6o_rlGepF2w,0,607,0,0,UCcROxwq_GajcurqLI7zGFfw,"Điểm Đến Thiên Nhiên Hàng Đầu Thế Giới, Mộc Châu [26 36]",
Haiphong,,20.8623278,106.6799266,T9ae1KzR-So,https://www.youtube.com/watch?v=T9ae1KzR-So,6095,6260,0,0,UCy2xtpM1jw01CYigIij1XuQ,100min Driving in 4K from Hanoi city Center to Got Ferry - Hai Phong | Cat Ba Island | Wide Angle,
Haiphong,,20.8623278,106.6799266,onzBXqfB52s,https://www.youtube.com/watch?v=onzBXqfB52s,0,2968,0,0,UCcROxwq_GajcurqLI7zGFfw,thành phố cảng Hải Phòng [25 12],
Sontay,,21.0968103,105.4721912,nH21lkR8c_w,https://www.youtube.com/watch?v=nH21lkR8c_w,2680,3007,0,0,UCwx08GebSXNDIGErBrK6cfA,"4K | Drive from Hanoi city to Chuathong street, Sontay town | vietnamtravel",
Sontay,,21.0968103,105.4721912,88wfLMt1mGE,https://www.youtube.com/watch?v=88wfLMt1mGE,0,830,0,0,UCwx08GebSXNDIGErBrK6cfA,"4K | Drive from Sontay town to Caugiay district, Hanoi city | vietnamtravel",
Lao Cai,,22.48556,103.97066,KJf8qV2Orv8,https://www.youtube.com/watch?v=KJf8qV2Orv8,28,510,0,0,UCrkUFP7piSih9JKfIwAsWGg,Driving tour along the VIETNAM - CHINA border l From Lao Cai city to Bat Xat town,
Lao Cai,,22.48556,103.97066,fREqO1oV8Is,https://www.youtube.com/watch?v=fREqO1oV8Is,1242,1697,0,0,UCo7SpKcFK4S3DANa9LMSR0A,Driving from Pho Lu to Lao Cai city,
Ha Giang,,22.816219,104.981085,AbzBg_PJQCo,https://www.youtube.com/watch?v=AbzBg_PJQCo,53,678,0,0,UCo7SpKcFK4S3DANa9LMSR0A,"Driving from Ha Giang city to Pho Lu, Lao Cai (Lái xe từ TP Hà Giang tới Phố Lu, Lào Cai)",mountain/pass
Ha Giang,,22.816219,104.981085,AbzBg_PJQCo,https://www.youtube.com/watch?v=AbzBg_PJQCo,679,1787,0,0,UCo7SpKcFK4S3DANa9LMSR0A,"Driving from Ha Giang city to Pho Lu, Lao Cai (Lái xe từ TP Hà Giang tới Phố Lu, Lào Cai)",mountain/pass
Ha Giang,,22.816219,104.981085,0A1kLXkTY3A,https://www.youtube.com/watch?v=0A1kLXkTY3A,10920,14025,0,0,UCo7SpKcFK4S3DANa9LMSR0A,Driving from Tuyen Quang city to Ha Giang city (Lái xe từ TP Tuyên Quang tới TP Hà Giang),mountain/pass
Pho Lu,,22.3207036,104.1865508,AbzBg_PJQCo,https://www.youtube.com/watch?v=AbzBg_PJQCo,14740,16592,0,0,UCo7SpKcFK4S3DANa9LMSR0A,"Driving from Ha Giang city to Pho Lu, Lao Cai (Lái xe từ TP Hà Giang tới Phố Lu, Lào Cai)",mountain/pass
Tuyen Quang,,21.820389,105.21572,0A1kLXkTY3A,https://www.youtube.com/watch?v=0A1kLXkTY3A,95,2400,0,0,UCo7SpKcFK4S3DANa9LMSR0A,Driving from Tuyen Quang city to Ha Giang city (Lái xe từ TP Tuyên Quang tới TP Hà Giang),mountain/pass
Hoi An,,15.879121,108.331371,rsSJg95PeHM,https://www.youtube.com/watch?v=rsSJg95PeHM,0,1400,0,0,UCFLK_KxbWS08Vxhnp2lGjzQ,[4K] Drive to Hoi An Ancient Town Basket Boat Tour | 2022,
Hoi An,,15.879121,108.331371,aj76i9ffdU0,https://www.youtube.com/watch?v=aj76i9ffdU0,0,2894,1,0,UCcROxwq_GajcurqLI7zGFfw,Khi Màn Đêm buông xuống Hội An,night
Hoi An,,15.879121,108.331371,YpGkIj2hXMw,https://www.youtube.com/watch?v=YpGkIj2hXMw,0,2375,0,0,UCcROxwq_GajcurqLI7zGFfw,Hội An tháng 5 năm 2022,
Hoi An,,15.879121,108.331371,JOkPOVIZaL0,https://www.youtube.com/watch?v=JOkPOVIZaL0,0,2473,0,0,UCcROxwq_GajcurqLI7zGFfw,chiều Hội An Quảng Nam,
Tam Dao,,21.455146,105.644145,z8Kw_z7vCwA,https://www.youtube.com/watch?v=z8Kw_z7vCwA,4427,5010,0,0,UCjF-r-Yznk2Kx5PGv6hzuHQ,Hà Nội - Tam Đảo 2024,
Tam Dao,,21.455146,105.644145,8KJCqRkNf_M,https://www.youtube.com/watch?v=8KJCqRkNf_M,0,500,0,0,UCjF-r-Yznk2Kx5PGv6hzuHQ,Tam Đảo - Hà Nội 2024,
Tam Dao,,21.455146,105.644145,cBWNNkkw0Lc,https://www.youtube.com/watch?v=cBWNNkkw0Lc,0,1301,0,0,UCjF-r-Yznk2Kx5PGv6hzuHQ,VI VU TAM ĐẢO 2024,
Tam Dao,,21.455146,105.644145,cBWNNkkw0Lc,https://www.youtube.com/watch?v=cBWNNkkw0Lc,1689,1995,0,0,UCjF-r-Yznk2Kx5PGv6hzuHQ,VI VU TAM ĐẢO 2024,
Tam Dao,,21.455146,105.644145,cBWNNkkw0Lc,https://www.youtube.com/watch?v=cBWNNkkw0Lc,2056,2402,0,0,UCjF-r-Yznk2Kx5PGv6hzuHQ,VI VU TAM ĐẢO 2024,
Ha Trung,,20.0551795,105.811306,8P4ewgxNvKg,https://www.youtube.com/watch?v=8P4ewgxNvKg,500,1200,0,0,UCo7SpKcFK4S3DANa9LMSR0A,"Driving from Gia Mieu, Ha Trung, Thanh hoa to Ninh Binh city",
Bim Son,,20.0860228,105.8540047,8P4ewgxNvKg,https://www.youtube.com/watch?v=8P4ewgxNvKg,5,340,0,0,UCo7SpKcFK4S3DANa9LMSR0A,"Driving from Gia Mieu, Ha Trung, Thanh hoa to Ninh Binh city",
Na Sam,,22.0567572,106.6156378,uwjWpRVPeIw,https://www.youtube.com/watch?v=uwjWpRVPeIw,5,315,0,0,UCo7SpKcFK4S3DANa9LMSR0A,Driving from Na Sam to Lang Son city,
Lang Son,,21.850027,106.761139,uwjWpRVPeIw,https://www.youtube.com/watch?v=uwjWpRVPeIw,1760,2296,0,0,UCo7SpKcFK4S3DANa9LMSR0A,Driving from Na Sam to Lang Son city,
Lang Son,,21.850027,106.761139,dMhFIbg63Y4,https://www.youtube.com/watch?v=dMhFIbg63Y4,5,350,1,0,UCo7SpKcFK4S3DANa9LMSR0A,"Driving from Lang Son city to Chi Lang - November 25th, 2024",night(label)
Son La,,21.325898,103.9130132,RxmuAQb5YHg,https://www.youtube.com/watch?v=RxmuAQb5YHg,10,1135,0,3,UCA4sQYq_22UgI1hMx0MDGvA,2018 12 16 SonLa to YenThang,
Vĩnh Long,,10.251411,105.967073,lW68i6cM8Ew,https://www.youtube.com/watch?v=lW68i6cM8Ew,40,2144,0,3,UCY3cXZ7eoQ09mmQXNecl92g,"Lái Xe Quanh Phường An Hội, Phường Sơn Đông, Phường Bến Tre Vĩnh Long #569",
Vĩnh Long,,10.251411,105.967073,PRrc3FFxnrY,https://www.youtube.com/watch?v=PRrc3FFxnrY,0,1928,0,3,UCY3cXZ7eoQ09mmQXNecl92g,"Lái Xe Quanh Phường Bến Tre Và Phường An Hội, Vĩnh Long #593",
Vĩnh Long,,10.251411,105.967073,i7jjjRrAEu0,https://www.youtube.com/watch?v=i7jjjRrAEu0,300,707,0,3,UCY3cXZ7eoQ09mmQXNecl92g,"Lái Xe Qua Lại Vĩnh Long Và Đồng Tháp, Chiều Tham Quan Một Vòng Cầu Rạch Miễu #587",
Ben Tre,,10.2434655,106.3748606,jkHflBZdLyk,https://www.youtube.com/watch?v=jkHflBZdLyk,0,1156,0,3,UCY3cXZ7eoQ09mmQXNecl92g,"Lái Xe Từ Ngã 3 Phú Hưng Đến Cầu Nhà Thương Phường An Hội, Vĩnh Long #598",
Ben Tre,,10.2434655,106.3748606,_coFKY2UZnc,https://www.youtube.com/watch?v=_coFKY2UZnc,0,460,0,3,UCY3cXZ7eoQ09mmQXNecl92g,"Lái Xe Từ Phường An Hội Đến Chợ Giữa Phú Hưng, Vĩnh Long #597",
Ben Tre,,10.2434655,106.3748606,_coFKY2UZnc,https://www.youtube.com/watch?v=_coFKY2UZnc,550,1465,0,3,UCY3cXZ7eoQ09mmQXNecl92g,"Lái Xe Từ Phường An Hội Đến Chợ Giữa Phú Hưng, Vĩnh Long #597",
Ben Tre,,10.2434655,106.3748606,oW2BXyEAgAI,https://www.youtube.com/watch?v=oW2BXyEAgAI,0,1614,0,3,UCY3cXZ7eoQ09mmQXNecl92g,"Lái Xe Quanh Phường An Hội Và Khám Phá Các Con Hẻm Phường Bến Tre, Vĩnh Long #594",
Ben Tre,,10.2434655,106.3748606,KZ1i-Cq8H-4,https://www.youtube.com/watch?v=KZ1i-Cq8H-4,0,1825,0,3,UCY3cXZ7eoQ09mmQXNecl92g,"Lái Xe Từ Vòng Xoay Tân Thành Đến Chợ Ba Lai, Phường Sơn Đông, Vĩnh Long #592",
Ben Tre,,10.2434655,106.3748606,q5HIU9AAwtw,https://www.youtube.com/watch?v=q5HIU9AAwtw,0,2450,0,3,UCY3cXZ7eoQ09mmQXNecl92g,"Lái Xe Quanh TP Bến Tre Cũ Tỉnh Vĩnh Long, Một Buổi Chiều Đầu Tuần #586",
Ben Tre,,10.2434655,106.3748606,fRv6I7NuMdg,https://www.youtube.com/watch?v=fRv6I7NuMdg,24,1535,0,3,UCY3cXZ7eoQ09mmQXNecl92g,Đường Phố Bến Tre Sáng Ngày 14-04-2026 #102,
Ben Tre,,10.2434655,106.3748606,JXbuZHjeWJs,https://www.youtube.com/watch?v=JXbuZHjeWJs,0,1650,0,3,UCY3cXZ7eoQ09mmQXNecl92g,Đường Phố Mỏ Cày Bến Tre Ngày 11-04-2026 #101,
Ben Tre,,10.2434655,106.3748606,jKEIlZY2c9U,https://www.youtube.com/watch?v=jKEIlZY2c9U,125,1535,0,3,UCY3cXZ7eoQ09mmQXNecl92g,Đường Phố Bến Tre Sáng Ngày 08-04-2026 #98,
Ben Tre,,10.2434655,106.3748606,F-S5GEeO5bI,https://www.youtube.com/watch?v=F-S5GEeO5bI,10,1470,0,3,UCY3cXZ7eoQ09mmQXNecl92g,Đường Phố Bến Tre Ngày 08-04-2026 #97,
Ben Tre,,10.2434655,106.3748606,dKGpiXQl09k,https://www.youtube.com/watch?v=dKGpiXQl09k,0,1535,0,3,UCY3cXZ7eoQ09mmQXNecl92g,Đường Phố Bến Tre Sáng 08-04-2026 #96,
Ben Tre,,10.2434655,106.3748606,AI8AI9AaLso,https://www.youtube.com/watch?v=AI8AI9AaLso,0,975,0,3,UCY3cXZ7eoQ09mmQXNecl92g,Đường Phố Bến Tre Ngày 05-04-2026 #94,
Ben Tre,,10.2434655,106.3748606,AI8AI9AaLso,https://www.youtube.com/watch?v=AI8AI9AaLso,1068,1238,0,3,UCY3cXZ7eoQ09mmQXNecl92g,Đường Phố Bến Tre Ngày 05-04-2026 #94,
Ben Tre,,10.2434655,106.3748606,AI8AI9AaLso,https://www.youtube.com/watch?v=AI8AI9AaLso,1381,1431,0,3,UCY3cXZ7eoQ09mmQXNecl92g,Đường Phố Bến Tre Ngày 05-04-2026 #94,
Ben Tre,,10.2434655,106.3748606,9Id1fm6CjVA,https://www.youtube.com/watch?v=9Id1fm6CjVA,0,390,0,3,UCY3cXZ7eoQ09mmQXNecl92g,Đường Phố Tam Phước Bến Tre Ngày 05-04-2026 #93,
Ben Tre,,10.2434655,106.3748606,9Id1fm6CjVA,https://www.youtube.com/watch?v=9Id1fm6CjVA,477,1535,0,3,UCY3cXZ7eoQ09mmQXNecl92g,Đường Phố Tam Phước Bến Tre Ngày 05-04-2026 #93,
Ben Tre,,10.2434655,106.3748606,0uQmVmrSyJ8,https://www.youtube.com/watch?v=0uQmVmrSyJ8,0,1535,0,3,UCY3cXZ7eoQ09mmQXNecl92g,Đường Phố Bến Tre Sáng Thứ Sáu Ngày 03-04-2026 #92,
Ben Tre,,10.2434655,106.3748606,YisDolMhXnE,https://www.youtube.com/watch?v=YisDolMhXnE,0,1535,0,3,UCY3cXZ7eoQ09mmQXNecl92g,Đường Phố Bến Tre Sáng Ngày 03-04-2026 #91,
Ben Tre,,10.2434655,106.3748606,ZbQjA3k67d8,https://www.youtube.com/watch?v=ZbQjA3k67d8,0,1670,0,3,UCY3cXZ7eoQ09mmQXNecl92g,Đường Phố Bến Tre Chiều Ngày 30-03-2026 #90,
Ben Tre,,10.2434655,106.3748606,HaY2g2YPNkQ,https://www.youtube.com/watch?v=HaY2g2YPNkQ,0,1522,1,3,UCY3cXZ7eoQ09mmQXNecl92g,Đường Phố Bến Tre Buổi Tối Ngày 29-03-2026 #89,night
Ben Tre,,10.2434655,106.3748606,xA3hkaBUfYQ,https://www.youtube.com/watch?v=xA3hkaBUfYQ,0,1535,0,3,UCY3cXZ7eoQ09mmQXNecl92g,Đường Phố Bến Tre Ngày 29-03-2026 #88,
Ben Tre,,10.2434655,106.3748606,3DdO1RE7L_s,https://www.youtube.com/watch?v=3DdO1RE7L_s,0,1349,0,3,UCY3cXZ7eoQ09mmQXNecl92g,Đường Phố Bến Tre Chiều Ngày 29-03-2026 #87,
Ben Tre,,10.2434655,106.3748606,kNQQnUIa4uw,https://www.youtube.com/watch?v=kNQQnUIa4uw,60,1168,1,3,UCY3cXZ7eoQ09mmQXNecl92g,Đường Phố Bến Tre Chiều Ngày 27-03-2026 #86,night(label)
Ben Tre,,10.2434655,106.3748606,mgX6xH5dDEY,https://www.youtube.com/watch?v=mgX6xH5dDEY,0,1492,0,3,UCY3cXZ7eoQ09mmQXNecl92g,Đường Phố Bến Tre Chiều Ngày 26-03-2026 #84,
Ben Tre,,10.2434655,106.3748606,SNnpirRydIg,https://www.youtube.com/watch?v=SNnpirRydIg,0,1196,0,3,UCY3cXZ7eoQ09mmQXNecl92g,Đường Phố Bến Tre Trưa Ngày 25-03-2026 #83,
Ben Tre,,10.2434655,106.3748606,muzGvRQWTQQ,https://www.youtube.com/watch?v=muzGvRQWTQQ,0,1535,0,3,UCY3cXZ7eoQ09mmQXNecl92g,Đường Phố Bến Tre Sáng 25-03-2026 #82,
Ben Tre,,10.2434655,106.3748606,dR2OQoCcuqY,https://www.youtube.com/watch?v=dR2OQoCcuqY,0,1535,0,3,UCY3cXZ7eoQ09mmQXNecl92g,Đường Phố Bến Tre Sáng 24-03-2026 #81,
Ben Tre,,10.2434655,106.3748606,ndcL-rsZ1nw,https://www.youtube.com/watch?v=ndcL-rsZ1nw,0,643,0,3,UCY3cXZ7eoQ09mmQXNecl92g,Đường Phố Bến Tre Buổi Chiều Đại Lộ Đông Tây Ngày 21-03-2026 #80,
Ben Tre,,10.2434655,106.3748606,ndcL-rsZ1nw,https://www.youtube.com/watch?v=ndcL-rsZ1nw,644,1535,1,3,UCY3cXZ7eoQ09mmQXNecl92g,Đường Phố Bến Tre Buổi Chiều Đại Lộ Đông Tây Ngày 21-03-2026 #80,night(label)
Ben Tre,,10.2434655,106.3748606,BaxFCVTWU0I,https://www.youtube.com/watch?v=BaxFCVTWU0I,0,1535,0,3,UCY3cXZ7eoQ09mmQXNecl92g,Đường Phố Bến Tre Chiều 21-03-2026 #79,
Ben Tre,,10.2434655,106.3748606,Hf2kZf-W75o,https://www.youtube.com/watch?v=Hf2kZf-W75o,0,1161,0,3,UCY3cXZ7eoQ09mmQXNecl92g,Đường Phố Bến Tre Từ Viện Bảo Tàng Về Tân Long 2 Ngày 19-03-2026 #78,
Ben Tre,,10.2434655,106.3748606,Hf2kZf-W75o,https://www.youtube.com/watch?v=Hf2kZf-W75o,1162,1418,0,3,UCY3cXZ7eoQ09mmQXNecl92g,Đường Phố Bến Tre Từ Viện Bảo Tàng Về Tân Long 2 Ngày 19-03-2026 #78,
Ben Tre,,10.2434655,106.3748606,i0SXYTXtVf0,https://www.youtube.com/watch?v=i0SXYTXtVf0,0,602,0,3,UCY3cXZ7eoQ09mmQXNecl92g,Đường Phố Bến Tre Sáng Ngày 19-03-2026 #77,
Ben Tre,,10.2434655,106.3748606,i0SXYTXtVf0,https://www.youtube.com/watch?v=i0SXYTXtVf0,734,1375,0,3,UCY3cXZ7eoQ09mmQXNecl92g,Đường Phố Bến Tre Sáng Ngày 19-03-2026 #77,
Ben Tre,,10.2434655,106.3748606,6vKSO3oT3cI,https://www.youtube.com/watch?v=6vKSO3oT3cI,0,1535,0,3,UCY3cXZ7eoQ09mmQXNecl92g,Đường Phố Bến Tre Sáng 19-03-2026 #76,
Ben Tre,,10.2434655,106.3748606,j8jYcminqmc,https://www.youtube.com/watch?v=j8jYcminqmc,20,1739,0,3,UCY3cXZ7eoQ09mmQXNecl92g,Đường Phố Chợ Bến Tre Đến Siêu Thị Go QL60 Ngày 14-03-2026 #75,
Ben Tre,,10.2434655,106.3748606,-xca7rj1DJc,https://www.youtube.com/watch?v=-xca7rj1DJc,0,522,0,3,UCY3cXZ7eoQ09mmQXNecl92g,Đường Phố Chợ Bến Tre Sáng 14-03-2026 #74,
Ben Tre,,10.2434655,106.3748606,-xca7rj1DJc,https://www.youtube.com/watch?v=-xca7rj1DJc,670,901,0,3,UCY3cXZ7eoQ09mmQXNecl92g,Đường Phố Chợ Bến Tre Sáng 14-03-2026 #74,
Ben Tre,,10.2434655,106.3748606,-xca7rj1DJc,https://www.youtube.com/watch?v=-xca7rj1DJc,927,1143,0,3,UCY3cXZ7eoQ09mmQXNecl92g,Đường Phố Chợ Bến Tre Sáng 14-03-2026 #74,
Ben Tre,,10.2434655,106.3748606,JKFd2ps-_1U,https://www.youtube.com/watch?v=JKFd2ps-_1U,0,1340,0,3,UCY3cXZ7eoQ09mmQXNecl92g,"Đường Phố Bến Tre Sáng 14 03 2026, QL60 Đến Cầu Bến Tre #72",
Ben Tre,,10.2434655,106.3748606,JKFd2ps-_1U,https://www.youtube.com/watch?v=JKFd2ps-_1U,1531,1604,0,3,UCY3cXZ7eoQ09mmQXNecl92g,"Đường Phố Bến Tre Sáng 14 03 2026, QL60 Đến Cầu Bến Tre #72",
Ben Tre,,10.2434655,106.3748606,8uxT40RBpxc,https://www.youtube.com/watch?v=8uxT40RBpxc,47,1535,0,3,UCY3cXZ7eoQ09mmQXNecl92g,"Đường Phố Bến Tre Sáng 14-03-2026, Chợ Tân Thành #71",
Ben Tre,,10.2434655,106.3748606,JEQ2MHLnekc,https://www.youtube.com/watch?v=JEQ2MHLnekc,0,1535,0,3,UCY3cXZ7eoQ09mmQXNecl92g,Đường Phố Bến Tre Sáng 11-03-2026 #69,
Ben Tre,,10.2434655,106.3748606,TWrq9WmGsZM,https://www.youtube.com/watch?v=TWrq9WmGsZM,0,1936,0,3,UCY3cXZ7eoQ09mmQXNecl92g,Đường Phố Bến Tre Ngày 09-03-2026 #68,
Ben Tre,,10.2434655,106.3748606,u8-k6t05oPg,https://www.youtube.com/watch?v=u8-k6t05oPg,0,1535,0,3,UCY3cXZ7eoQ09mmQXNecl92g,Đường Phố Bến Tre Sáng Ngày 09-03-2026 #67,
Ben Tre,,10.2434655,106.3748606,mQZ0kRV0tos,https://www.youtube.com/watch?v=mQZ0kRV0tos,0,705,0,3,UCY3cXZ7eoQ09mmQXNecl92g,Đường Phố Bến Tre Chiều Ngày 21-02-2026 #66,
Ben Tre,,10.2434655,106.3748606,mQZ0kRV0tos,https://www.youtube.com/watch?v=mQZ0kRV0tos,706,1977,1,3,UCY3cXZ7eoQ09mmQXNecl92g,Đường Phố Bến Tre Chiều Ngày 21-02-2026 #66,night(label)
Ben Tre,,10.2434655,106.3748606,DvsHwiGy4eo,https://www.youtube.com/watch?v=DvsHwiGy4eo,0,2365,0,3,UCY3cXZ7eoQ09mmQXNecl92g,Đường Phố Bến Tre Sáng Ngày 20-02-2026 #65,
Ben Tre,,10.2434655,106.3748606,U-17fNwLqG4,https://www.youtube.com/watch?v=U-17fNwLqG4,0,2740,0,3,UCY3cXZ7eoQ09mmQXNecl92g,Đường Phố Bến Tre QL60 Đi Tiền Giang Chiều Ngày 22-02-2026 #64,
Ben Tre,,10.2434655,106.3748606,SwEBGkFHVTw,https://www.youtube.com/watch?v=SwEBGkFHVTw,0,2017,0,3,UCY3cXZ7eoQ09mmQXNecl92g,Đường Phố Bến Tre Ngày 19-02-2026 #63,
Ben Tre,,10.2434655,106.3748606,SwEBGkFHVTw,https://www.youtube.com/watch?v=SwEBGkFHVTw,2018,2675,1,3,UCY3cXZ7eoQ09mmQXNecl92g,Đường Phố Bến Tre Ngày 19-02-2026 #63,night(label)
Ben Tre,,10.2434655,106.3748606,JEDMmWtUrqc,https://www.youtube.com/watch?v=JEDMmWtUrqc,0,1917,1,3,UCY3cXZ7eoQ09mmQXNecl92g,Lái Xe Đêm Dạo Quanh TP Bến Tre Ngày 15-12-2025 #62,night
Ben Tre,,10.2434655,106.3748606,C46SuM6Sg_w,https://www.youtube.com/watch?v=C46SuM6Sg_w,0,3335,1,3,UCY3cXZ7eoQ09mmQXNecl92g,Lái Xe Đêm Dạo Quanh TP Bến Tre Ngày 13-02-2026 #61,night
Ben Tre,,10.2434655,106.3748606,Y0ez4YVMwX4,https://www.youtube.com/watch?v=Y0ez4YVMwX4,80,2232,0,3,UCY3cXZ7eoQ09mmQXNecl92g,Lái Xe Dạo Quanh TP Bến Tre Sáng Ngày 21-02-2026 #60,
Ben Tre,,10.2434655,106.3748606,byhbygSg6Z8,https://www.youtube.com/watch?v=byhbygSg6Z8,0,2438,0,3,UCY3cXZ7eoQ09mmQXNecl92g,Lái Xe Dạo Quanh TP Bến Tre Sáng Ngày 18-02-2026 #59,
Ben Tre,,10.2434655,106.3748606,638VtrIK-Fo,https://www.youtube.com/watch?v=638VtrIK-Fo,0,2662,0,3,UCY3cXZ7eoQ09mmQXNecl92g,Lái Xe Dạo Quanh TP Bến Tre Sáng Ngày 19-02-2026 #58,
Ben Tre,,10.2434655,106.3748606,azT2o-dv8Pg,https://www.youtube.com/watch?v=azT2o-dv8Pg,64,2381,0,3,UCY3cXZ7eoQ09mmQXNecl92g,Đường Phố Bến Tre Sáng Mùng 10 Tết 2026 Từ Chợ Đầu Mối Về Tân Long Mỏ Cày #56,tet/holiday
Ben Tre,,10.2434655,106.3748606,Y_SR4Mstwic,https://www.youtube.com/watch?v=Y_SR4Mstwic,0,1535,0,3,UCY3cXZ7eoQ09mmQXNecl92g,Đường Phố Bến Tre Sáng Mùng 10 Tết 2026 #55,tet/holiday
Ben Tre,,10.2434655,106.3748606,P9OcupON-F8,https://www.youtube.com/watch?v=P9OcupON-F8,0,1535,0,3,UCY3cXZ7eoQ09mmQXNecl92g,Đường Phố Buổi Sáng Mùng 08 Tết 2026 Từ Cầu Hàm Luông Đến Chợ Bến Tre #54,tet/holiday
Ben Tre,,10.2434655,106.3748606,vsKDCOAWWWA,https://www.youtube.com/watch?v=vsKDCOAWWWA,0,1535,0,3,UCY3cXZ7eoQ09mmQXNecl92g,Đường Phố Bến Tre Sáng Mùng 08 Tết 2026 #53,tet/holiday
Ben Tre,,10.2434655,106.3748606,uXFZ8_mDClE,https://www.youtube.com/watch?v=uXFZ8_mDClE,0,1535,0,3,UCY3cXZ7eoQ09mmQXNecl92g,QL1 Tiền Giang Đông Nghẹt Người Miền Tây Trở Lại Sài Gòn Chiều Mùng 06 Tết 2026 #52,tet/holiday
Ben Tre,,10.2434655,106.3748606,FLM07qwu3GU,https://www.youtube.com/watch?v=FLM07qwu3GU,0,253,0,3,UCY3cXZ7eoQ09mmQXNecl92g,Đường Phố Bến Tre Sáng Mùng 06 Tết 2026  QL60 Chợ Xếp Mỏ Cày #51,tet/holiday
Ben Tre,,10.2434655,106.3748606,FLM07qwu3GU,https://www.youtube.com/watch?v=FLM07qwu3GU,1895,2146,0,3,UCY3cXZ7eoQ09mmQXNecl92g,Đường Phố Bến Tre Sáng Mùng 06 Tết 2026  QL60 Chợ Xếp Mỏ Cày #51,tet/holiday
Ben Tre,,10.2434655,106.3748606,PH0QHI6uKHE,https://www.youtube.com/watch?v=PH0QHI6uKHE,0,1535,0,3,UCY3cXZ7eoQ09mmQXNecl92g,Đường Phố Bến Tre Sáng Mùng 04 Tết 2026 #49,tet/holiday
Ben Tre,,10.2434655,106.3748606,h1RqAIZPbMQ,https://www.youtube.com/watch?v=h1RqAIZPbMQ,0,1535,0,3,UCY3cXZ7eoQ09mmQXNecl92g,Đường Phố Bến Tre Sáng Mùng 02 Tết 2026 #47,tet/holiday
Ben Tre,,10.2434655,106.3748606,HWOZCQX-C6w,https://www.youtube.com/watch?v=HWOZCQX-C6w,0,1848,0,3,UCY3cXZ7eoQ09mmQXNecl92g,Đường Phố Bến Tre Sáng Mùng 01 Tết 2026 #46,tet/holiday
Ben Tre,,10.2434655,106.3748606,HzRT6F7hmnc,https://www.youtube.com/watch?v=HzRT6F7hmnc,0,3598,1,3,UCY3cXZ7eoQ09mmQXNecl92g,Đường Phố Bến Tre Đêm 27 Tết 2026 #45,night;tet/holiday
Ben Tre,,10.2434655,106.3748606,MRyiRgVk83s,https://www.youtube.com/watch?v=MRyiRgVk83s,0,1991,0,3,UCY3cXZ7eoQ09mmQXNecl92g,Lái Xe Dạo Quanh Mỏ Cày Bến Tre Ngày 24 Tết 2026 #43,tet/holiday
Ben Tre,,10.2434655,106.3748606,6fS18hSwBIk,https://www.youtube.com/watch?v=6fS18hSwBIk,0,1246,0,3,UCY3cXZ7eoQ09mmQXNecl92g,Lái Xe Dạo Quanh TP Bến Tre Sáng 23 Tết 2026 #41,tet/holiday
Ben Tre,,10.2434655,106.3748606,6fS18hSwBIk,https://www.youtube.com/watch?v=6fS18hSwBIk,1247,4400,0,3,UCY3cXZ7eoQ09mmQXNecl92g,Lái Xe Dạo Quanh TP Bến Tre Sáng 23 Tết 2026 #41,tet/holiday
Ben Tre,,10.2434655,106.3748606,zW3D8b0rkF4,https://www.youtube.com/watch?v=zW3D8b0rkF4,0,4600,1,3,UCY3cXZ7eoQ09mmQXNecl92g,"Lái Xe Đêm Dạo Quanh TP Bến Tre, Tối 21 Tết 2026, Đường Chợ Bông Kẹt Cứng Ngắt #39",night;tet/holiday
Ben Tre,,10.2434655,106.3748606,dQtQ8parG74,https://www.youtube.com/watch?v=dQtQ8parG74,0,1535,0,3,UCY3cXZ7eoQ09mmQXNecl92g,"Lái Xe Dạo Quanh Chợ Hoa Tết 2026, Bến Tre Sáng 20-12-2025 #38",tet/holiday
Ben Tre,,10.2434655,106.3748606,fseLddt7wgQ,https://www.youtube.com/watch?v=fseLddt7wgQ,0,1294,0,3,UCY3cXZ7eoQ09mmQXNecl92g,Lái Xe Từ Đường Nguyễn Huệ TP Bến Tre Đến Cầu Cái Cấm Ngày 18-12-2025 #37,
Ben Tre,,10.2434655,106.3748606,XxqanRICR0U,https://www.youtube.com/watch?v=XxqanRICR0U,56,1535,0,3,UCY3cXZ7eoQ09mmQXNecl92g,"Lái Xe Dạo Quanh Chợ Bến Tre, Chợ Tết 2026, Sáng Ngày 18-1-2025 #36",tet/holiday
Ben Tre,,10.2434655,106.3748606,qgELunLo-MQ,https://www.youtube.com/watch?v=qgELunLo-MQ,0,1535,0,3,UCY3cXZ7eoQ09mmQXNecl92g,"Lái Xe Dạo Quanh Chơ Hoa Tết 2026, Bến Tre Sáng 18-12-2025 #35",tet/holiday
Ben Tre,,10.2434655,106.3748606,Vre8XMMnqnI,https://www.youtube.com/watch?v=Vre8XMMnqnI,0,1799,1,3,UCY3cXZ7eoQ09mmQXNecl92g,Lái Xe Đường Chợ Bông Bến Tre Từ Cầu Mỹ Hóa Đến Chợ Đầu Mối Chiều Ngày 15-12-2025 #34,night(label)
Ben Tre,,10.2434655,106.3748606,H5gufvLt-iM,https://www.youtube.com/watch?v=H5gufvLt-iM,0,1158,0,3,UCY3cXZ7eoQ09mmQXNecl92g,Lái Xe Từ Tân Long Mỏ Cày Đến Con Đường Chợ Bông Bến Tre Chiều Ngày 15-12-2025 #33,
Ben Tre,,10.2434655,106.3748606,H5gufvLt-iM,https://www.youtube.com/watch?v=H5gufvLt-iM,1159,1220,0,3,UCY3cXZ7eoQ09mmQXNecl92g,Lái Xe Từ Tân Long Mỏ Cày Đến Con Đường Chợ Bông Bến Tre Chiều Ngày 15-12-2025 #33,
Ben Tre,,10.2434655,106.3748606,H5gufvLt-iM,https://www.youtube.com/watch?v=H5gufvLt-iM,1221,1606,0,3,UCY3cXZ7eoQ09mmQXNecl92g,Lái Xe Từ Tân Long Mỏ Cày Đến Con Đường Chợ Bông Bến Tre Chiều Ngày 15-12-2025 #33,
Ben Tre,,10.2434655,106.3748606,HAOa8YQ0jB0,https://www.youtube.com/watch?v=HAOa8YQ0jB0,0,1628,0,3,UCY3cXZ7eoQ09mmQXNecl92g,Lái Xe Quanh TP Bến Tre Từ Tân Thành Đến Cầu Bến Tre Sáng Ngày 13-12-2025 #32,
Ben Tre,,10.2434655,106.3748606,j_CHWjptmkE,https://www.youtube.com/watch?v=j_CHWjptmkE,79,1782,0,3,UCY3cXZ7eoQ09mmQXNecl92g,Lái Xe Dạo Quanh Con Đường Chợ Bông Bến Tre Sáng Ngày 13-12-2025 #31,
Ben Tre,,10.2434655,106.3748606,jzkLXHhjjW0,https://www.youtube.com/watch?v=jzkLXHhjjW0,0,1535,0,3,UCY3cXZ7eoQ09mmQXNecl92g,Lái Xe Dạo Quanh Chợ Xếp Mỏ Cày Bến Tre Sáng Ngày 13-12-2025 #30,
Ben Tre,,10.2434655,106.3748606,ckS8bQvMeHA,https://www.youtube.com/watch?v=ckS8bQvMeHA,0,913,0,3,UCY3cXZ7eoQ09mmQXNecl92g,Lái Xe Buổi Chiều Từ P Phú Tân Đến Đường Chợ Bông P Bến Tre Về Cầu Hàm Luông #29,
Ben Tre,,10.2434655,106.3748606,ckS8bQvMeHA,https://www.youtube.com/watch?v=ckS8bQvMeHA,914,1535,1,3,UCY3cXZ7eoQ09mmQXNecl92g,Lái Xe Buổi Chiều Từ P Phú Tân Đến Đường Chợ Bông P Bến Tre Về Cầu Hàm Luông #29,night(label)
Ben Tre,,10.2434655,106.3748606,YUpEQdaTVtM,https://www.youtube.com/watch?v=YUpEQdaTVtM,0,2200,0,3,UCY3cXZ7eoQ09mmQXNecl92g,Lái Xe Từ QL57C Đến Chợ Cái Nứa Sơn Hòa Về Cầu Hàm Luông Bến Tre #28,
Ben Tre,,10.2434655,106.3748606,1eSPvBuR6Dk,https://www.youtube.com/watch?v=1eSPvBuR6Dk,0,1920,0,3,UCY3cXZ7eoQ09mmQXNecl92g,Lái Xe Dạo Quanh TP Bến Tre Từ Cầu Cá Lóc Đến Sơn Hòa Ngày 08-12-2025 #27,
Ben Tre,,10.2434655,106.3748606,E8zglQ1KY0A,https://www.youtube.com/watch?v=E8zglQ1KY0A,0,1535,0,3,UCY3cXZ7eoQ09mmQXNecl92g,Lái Xe Dạo Quanh TP Bến Tre Chiều Thứ 2 Ngày 08-12-2025 #26,
Ben Tre,,10.2434655,106.3748606,v6kIefi4OjU,https://www.youtube.com/watch?v=v6kIefi4OjU,0,1859,0,3,UCY3cXZ7eoQ09mmQXNecl92g,Lái Xe Từ Chợ Bến Tre Đến Siêu Thị Go Ngày 06-12-2025 #25,
Ben Tre,,10.2434655,106.3748606,X1wmKGnHrQo,https://www.youtube.com/watch?v=X1wmKGnHrQo,0,1716,0,3,UCY3cXZ7eoQ09mmQXNecl92g,Lái Xe Dạo TP Bến Tre Từ Phú Khương Đến Chợ Đầu Mối Ngày 06-12-2025 #24,
Ben Tre,,10.2434655,106.3748606,67Cznja9jmI,https://www.youtube.com/watch?v=67Cznja9jmI,0,191,0,3,UCY3cXZ7eoQ09mmQXNecl92g,Lái Xe Dạo Một Vòng TP Bến Tre Chiều Tối Cuối Tuần Ngày 06-12-2025 #23,night
Ben Tre,,10.2434655,106.3748606,67Cznja9jmI,https://www.youtube.com/watch?v=67Cznja9jmI,192,805,1,3,UCY3cXZ7eoQ09mmQXNecl92g,Lái Xe Dạo Một Vòng TP Bến Tre Chiều Tối Cuối Tuần Ngày 06-12-2025 #23,night
Ben Tre,,10.2434655,106.3748606,67Cznja9jmI,https://www.youtube.com/watch?v=67Cznja9jmI,1053,2654,1,3,UCY3cXZ7eoQ09mmQXNecl92g,Lái Xe Dạo Một Vòng TP Bến Tre Chiều Tối Cuối Tuần Ngày 06-12-2025 #23,night
Ben Tre,,10.2434655,106.3748606,H6Z1cNN3za0,https://www.youtube.com/watch?v=H6Z1cNN3za0,0,1535,0,3,UCY3cXZ7eoQ09mmQXNecl92g,Lái Xe Từ Cầu Cái Cá P. An Hội Đến Tân Thành Bến Tre Ngày 03-12-2025 #22,
Ben Tre,,10.2434655,106.3748606,gFGN3byjGaY,https://www.youtube.com/watch?v=gFGN3byjGaY,0,861,0,3,UCY3cXZ7eoQ09mmQXNecl92g,Lái Xe Từ QL60 Tân Thành Bình Đến Đường 173 P. Phú Tân Bến Tre #21,
Ben Tre,,10.2434655,106.3748606,gFGN3byjGaY,https://www.youtube.com/watch?v=gFGN3byjGaY,865,1414,1,3,UCY3cXZ7eoQ09mmQXNecl92g,Lái Xe Từ QL60 Tân Thành Bình Đến Đường 173 P. Phú Tân Bến Tre #21,night(label)
Ben Tre,,10.2434655,106.3748606,AYNnVyPOso0,https://www.youtube.com/watch?v=AYNnVyPOso0,0,1132,0,3,UCY3cXZ7eoQ09mmQXNecl92g,Lái Xe Dạo Quanh TP Bến Tre Ngày 02-12-2025 #20,
Ben Tre,,10.2434655,106.3748606,AYNnVyPOso0,https://www.youtube.com/watch?v=AYNnVyPOso0,1133,2733,0,3,UCY3cXZ7eoQ09mmQXNecl92g,Lái Xe Dạo Quanh TP Bến Tre Ngày 02-12-2025 #20,
Ben Tre,,10.2434655,106.3748606,Nvl7qnuqdiE,https://www.youtube.com/watch?v=Nvl7qnuqdiE,0,2147,0,3,UCY3cXZ7eoQ09mmQXNecl92g,Lái Xe Từ Cầu Mỏ Cày 3 Đến Ngã 3 Sơn Hòa Bến Tre #19,
Ben Tre,,10.2434655,106.3748606,QF__mW7vzGY,https://www.youtube.com/watch?v=QF__mW7vzGY,0,1535,0,3,UCY3cXZ7eoQ09mmQXNecl92g,Lái Xe Dạo Một Vòng Mỏ Cày Từ Tân Thành Bình Đến Cầu Mỏ Cày 3 Bến Tre #18,
Ben Tre,,10.2434655,106.3748606,OfhP7gbx4o8,https://www.youtube.com/watch?v=OfhP7gbx4o8,0,1693,0,3,UCY3cXZ7eoQ09mmQXNecl92g,Lái Xe Dạo Một Vòng Bến Tre Từ Cầu Cái Cấm Đến Ấp Hòa Chánh Sơn Hòa #17,
Ben Tre,,10.2434655,106.3748606,OfhP7gbx4o8,https://www.youtube.com/watch?v=OfhP7gbx4o8,1703,2543,1,3,UCY3cXZ7eoQ09mmQXNecl92g,Lái Xe Dạo Một Vòng Bến Tre Từ Cầu Cái Cấm Đến Ấp Hòa Chánh Sơn Hòa #17,night(label)
Ben Tre,,10.2434655,106.3748606,XrpvH3GUV2Q,https://www.youtube.com/watch?v=XrpvH3GUV2Q,0,1995,0,3,UCY3cXZ7eoQ09mmQXNecl92g,Lái Xe Từ Cầu Cái Cấm Dạo Quanh TP Bến Tre Đến Đường Dẫn Cầu Rạch Miễu 2 #16,
Ben Tre,,10.2434655,106.3748606,tC1QWxpDMoc,https://www.youtube.com/watch?v=tC1QWxpDMoc,0,2844,0,3,UCY3cXZ7eoQ09mmQXNecl92g,Lái Xe Dạo Quanh TP Bến Tre Sáng 12-01-2026 #15,
Ben Tre,,10.2434655,106.3748606,dxif84VswXA,https://www.youtube.com/watch?v=dxif84VswXA,0,2250,0,3,UCY3cXZ7eoQ09mmQXNecl92g,Lái Xe Dạo Quanh TP Bến Tre Sáng 10-01-2026 #14,
Ben Tre,,10.2434655,106.3748606,dQ09JTWnCX4,https://www.youtube.com/watch?v=dQ09JTWnCX4,0,1481,0,3,UCY3cXZ7eoQ09mmQXNecl92g,Lái Xe Từ Đại Lộ Đồng Khởi P Phú Tân TP Bến Tre Về Tân Thành Bình Mỏ Cày #13,
Ben Tre,,10.2434655,106.3748606,tMKnwlxWSL0,https://www.youtube.com/watch?v=tMKnwlxWSL0,0,706,0,3,UCY3cXZ7eoQ09mmQXNecl92g,Lái Xe Chiều Tối Từ Vĩnh Thành Chợ Lách Về Tới Cầu Ông Thảo Đường DH34 Bến Tre #12,night
Ben Tre,,10.2434655,106.3748606,tMKnwlxWSL0,https://www.youtube.com/watch?v=tMKnwlxWSL0,707,2195,1,3,UCY3cXZ7eoQ09mmQXNecl92g,Lái Xe Chiều Tối Từ Vĩnh Thành Chợ Lách Về Tới Cầu Ông Thảo Đường DH34 Bến Tre #12,night
Ben Tre,,10.2434655,106.3748606,hRxNSog5X0g,https://www.youtube.com/watch?v=hRxNSog5X0g,0,1373,0,3,UCY3cXZ7eoQ09mmQXNecl92g,Lái Xe Từ An Ngãi Trung Đến Ngã 3 Nhà Việt An Thủy Ba Tri Bến Tre #06,
Ben Tre,,10.2434655,106.3748606,N5TQ-kuuUTo,https://www.youtube.com/watch?v=N5TQ-kuuUTo,0,3660,1,3,UCY3cXZ7eoQ09mmQXNecl92g,Lái Xe Dạo Quanh TP Bến Tre Đêm 31-12-2025 #679,night
Ben Tre,,10.2434655,106.3748606,QA_YBgysecY,https://www.youtube.com/watch?v=QA_YBgysecY,0,2436,0,3,UCY3cXZ7eoQ09mmQXNecl92g,Lái Xe Quanh TP Bến Tre Đến Tân Thành Bình Vĩnh Long #579,
Tra On,,9.965542,105.9223145,mRgezX7yhH8,https://www.youtube.com/watch?v=mRgezX7yhH8,0,917,0,3,UCY3cXZ7eoQ09mmQXNecl92g,"Lái Xe Từ Khu Dân Cư Sao Mai, Phường Bến Tre Đến Ủy Ban Xã Phúc Túc, Vĩnh Long #595",
Vinh Hau,,9.2090448,105.6576963,5lAVEQFWbbY,https://www.youtube.com/watch?v=5lAVEQFWbbY,15,200,0,3,UCY3cXZ7eoQ09mmQXNecl92g,Lái Xe Từ Chợ Vĩnh Hậu Đến Mẹ Nam Hải Bạc Liêu #591,
Vinh Hau,,9.2090448,105.6576963,mqbyZt_enLw,https://www.youtube.com/watch?v=mqbyZt_enLw,1165,1504,0,3,UCY3cXZ7eoQ09mmQXNecl92g,"Lái Xe Từ Long Điền Đông, Đông Hải Đến Vĩnh Hậu, Hòa Bình, Bạc Liêu #590",
Nha Mat,,9.2097974,105.7423352,5lAVEQFWbbY,https://www.youtube.com/watch?v=5lAVEQFWbbY,1120,1720,0,3,UCY3cXZ7eoQ09mmQXNecl92g,Lái Xe Từ Chợ Vĩnh Hậu Đến Mẹ Nam Hải Bạc Liêu #591,
Long Dien Dong A,,9.1505367,105.5366591,mqbyZt_enLw,https://www.youtube.com/watch?v=mqbyZt_enLw,0,435,0,3,UCY3cXZ7eoQ09mmQXNecl92g,"Lái Xe Từ Long Điền Đông, Đông Hải Đến Vĩnh Hậu, Hòa Bình, Bạc Liêu #590",
Long Dien Dong A,,9.1505367,105.5366591,SUy97u40Zbw,https://www.youtube.com/watch?v=SUy97u40Zbw,260,600,0,3,UCY3cXZ7eoQ09mmQXNecl92g,"Lái Xe Từ Long Điền Tây Đến Long Điền Đông, Đông Hải Bạc Liêu #589",
Ganh Hao,,9.0269956,105.4205375,bAjvZ6gjv-o,https://www.youtube.com/watch?v=bAjvZ6gjv-o,0,710,0,3,UCY3cXZ7eoQ09mmQXNecl92g,Lái Xe Tham Quan Đê Biển Gành Hào Bạc Liêu Và Về Lại TP Bến Tre #588,
An Thai Trung,,10.3129009,105.8834262,i7jjjRrAEu0,https://www.youtube.com/watch?v=i7jjjRrAEu0,1150,2071,1,3,UCY3cXZ7eoQ09mmQXNecl92g,"Lái Xe Qua Lại Vĩnh Long Và Đồng Tháp, Chiều Tham Quan Một Vòng Cầu Rạch Miễu #587",night(label)
Hue,,16.4639321,107.5863388,OCEZ4xIWJvY,https://www.youtube.com/watch?v=OCEZ4xIWJvY,0,1957,0,3,UC-IQ-I4W1gO7mzLpkNP8hcw,HUE City - Vietnam - Driving Tour 4k,
Hue,,16.4639321,107.5863388,QwEbvihP2CM,https://www.youtube.com/watch?v=QwEbvihP2CM,4400,5790,1,0,UCXW2m1zsXysRgPpXmZBh2jw,live: to hue via hai van pass,mountain/pass;night(label)
Pleiku,,13.976382,108.000056,_mebcceE40A,https://www.youtube.com/watch?v=_mebcceE40A,620,1260,0,3,UCd6RVGa-dYrID92qGIoqPlQ,"🇻🇳 Pleiku, Vietnam - Driving Tour",
Pleiku,,13.976382,108.000056,2LvsMqIy5IY,https://www.youtube.com/watch?v=2LvsMqIy5IY,0,2188,0,0,UCcROxwq_GajcurqLI7zGFfw,Loanh Quanh Thành Phố Pleiku (24 734),
Phan Thiet,,10.927034,108.104817,szOITf616sI,https://www.youtube.com/watch?v=szOITf616sI,935,1465,0,3,UCu-rgtJZN2QVNzCgOY3znsg,Vietnam street 4K: Moto trip from Ho Chi Minh City to Phan Thiet City,
Phan Thiet,,10.927034,108.104817,NtYErt1FqXY,https://www.youtube.com/watch?v=NtYErt1FqXY,0,329,0,3,UCu-rgtJZN2QVNzCgOY3znsg,"4K Vietnam Street in Phan Thiet City, Mui Ne",
Phan Thiet,,10.927034,108.104817,NtYErt1FqXY,https://www.youtube.com/watch?v=NtYErt1FqXY,330,1526,0,3,UCu-rgtJZN2QVNzCgOY3znsg,"4K Vietnam Street in Phan Thiet City, Mui Ne",
Phan Thiet,,10.927034,108.104817,LDTpcIhS2qg,https://www.youtube.com/watch?v=LDTpcIhS2qg,0,2117,0,0,UCcHVmtqDtocVp7Q_6auEWbA,Phan Thiet Phu long 2015,
Thuan An,,10.9423711,106.6837106,N0itQtJ2TBE,https://www.youtube.com/watch?v=N0itQtJ2TBE,5,2785,0,3,UCsmavQ_K3NRJbV4dWdmf5NA,"Drive from Thuan An, Binh Duong To Lang Lon, Chau Duc, Ba Ria–Vung Tau (2022)",
Lang Lon,,10.7751324,107.2421939,N0itQtJ2TBE,https://www.youtube.com/watch?v=N0itQtJ2TBE,6330,7902,0,3,UCsmavQ_K3NRJbV4dWdmf5NA,"Drive from Thuan An, Binh Duong To Lang Lon, Chau Duc, Ba Ria–Vung Tau (2022)",
Plei Can,,13.8584796,107.9427247,p-HG2To-ea0,https://www.youtube.com/watch?v=p-HG2To-ea0,10233,11108,0,3,UCA4sQYq_22UgI1hMx0MDGvA,2019 01 03 Attapeu to KonTum,
Kon Tum,,14.3474674,108.0010393,p-HG2To-ea0,https://www.youtube.com/watch?v=p-HG2To-ea0,14745,15785,0,3,UCA4sQYq_22UgI1hMx0MDGvA,2019 01 03 Attapeu to KonTum,
My Tho,,10.357476,106.364827,KsN756M5EVA,https://www.youtube.com/watch?v=KsN756M5EVA,7,358,0,0,UC_NX7yUvlmYwZEmjuxSdiug,,
Ho Xa,,17.0642974,107.0151177,4I3ptBZ9d9w,https://www.youtube.com/watch?v=4I3ptBZ9d9w,482,1040,0,0,UCKVEEegDRBQCuRPeknMp-KQ,"Quốc lộ 1A [Nam-Bắc], huyện Vĩnh Linh, tỉnh Quảng Trị",
Dong Hoi,,17.459894,106.612376,OEgWvr0ob2Y,https://www.youtube.com/watch?v=OEgWvr0ob2Y,1053,1911,0,0,UC9LSDZ7iZRmEd4xOQUT5dMw,Lái xe từ Xã Bắc Trạch về Thành Phố Đồng Hới,
Ha Tinh,,18.3504832,105.7623047,x_4MSrUH4xg,https://www.youtube.com/watch?v=x_4MSrUH4xg,0,1420,0,0,UCcROxwq_GajcurqLI7zGFfw,QL1A qua Hà Tĩnh,
Vinh,,18.7358406,105.6906101,MB3GWVePeLE,https://www.youtube.com/watch?v=MB3GWVePeLE,1677,2315,0,0,UCo7SpKcFK4S3DANa9LMSR0A,Driving from Dien Chau to Vinh city (Lái xe từ Diễn Châu tới TP Vinh),
Khanh Vinh,,12.2772637,108.9038873,EVFBFzF7vMs,https://www.youtube.com/watch?v=EVFBFzF7vMs,2920,3114,0,0,UCobltUguQJPJGnVO4_GwNww,Tp. Nha Trang - Khanh Vinh,
Gia Nghia,,12.00104,107.686287,7BmBNsoVKO0,https://www.youtube.com/watch?v=7BmBNsoVKO0,1100,1621,0,0,UCZoO9xl5LhvOLa6_8K2kX2Q,"Driving alone from Bu Dang district to Gia Nghia city, Dak Nong province",
Gia Nghia,,12.00104,107.686287,KJzztloK3NY,https://www.youtube.com/watch?v=KJzztloK3NY,0,1140,0,0,UCZoO9xl5LhvOLa6_8K2kX2Q,Driving alone from Gia Nghia City to Buon Ma Thuot City,
Buon Ma Thuot,,12.6612624,108.0310213,KJzztloK3NY,https://www.youtube.com/watch?v=KJzztloK3NY,2737,3969,0,0,UCZoO9xl5LhvOLa6_8K2kX2Q,Driving alone from Gia Nghia City to Buon Ma Thuot City,
Vung Tau,,10.3478994,107.0744665,8e_0Pb7lSsc,https://www.youtube.com/watch?v=8e_0Pb7lSsc,4940,6619,0,0,UCJO4rct6YbHXiMv9QF-2QHg,Sài Gòn -  Vũng Tàu (10/08/2024) từ vòng xoay An Phú đến Vũng Tàu,
Vung Tau,,10.3478994,107.0744665,sN_a04-yJig,https://www.youtube.com/watch?v=sN_a04-yJig,0,1515,0,0,UCV8IBsRBqbnxRJqti7-oq7w,2020 03 Vung Tau,
Vung Tau,,10.3478994,107.0744665,3pG19ZcN0CU,https://www.youtube.com/watch?v=3pG19ZcN0CU,27,551,0,0,UCv4VbLmP58ef1ZA686dcvvQ,Vung Tao Vietnam Vũng Tàu Beach Full Tour Driving 4k,
Vung Tau,,10.3478994,107.0744665,3pG19ZcN0CU,https://www.youtube.com/watch?v=3pG19ZcN0CU,685,847,0,0,UCv4VbLmP58ef1ZA686dcvvQ,Vung Tao Vietnam Vũng Tàu Beach Full Tour Driving 4k,
Vung Tau,,10.3478994,107.0744665,3pG19ZcN0CU,https://www.youtube.com/watch?v=3pG19ZcN0CU,893,1016,0,0,UCv4VbLmP58ef1ZA686dcvvQ,Vung Tao Vietnam Vũng Tàu Beach Full Tour Driving 4k,
Vung Tau,,10.3478994,107.0744665,3pG19ZcN0CU,https://www.youtube.com/watch?v=3pG19ZcN0CU,1047,1240,0,0,UCv4VbLmP58ef1ZA686dcvvQ,Vung Tao Vietnam Vũng Tàu Beach Full Tour Driving 4k,
Phu Quoc,,10.214922,103.961519,5UUfQtYlMzY,https://www.youtube.com/watch?v=5UUfQtYlMzY,875,1341,0,0,UCnYuI2IE5aj58FmdYUY4JIw,[4K] Driving around Phu Quoc City while on the way to  Phu Quoc International Airport #phuquoc,
Phu Quoc,,10.214922,103.961519,H65fhMfKC0E,https://www.youtube.com/watch?v=H65fhMfKC0E,25,2304,0,0,UCbK-TRePP0wZZwL__cE2oZA,DRIVING AROUND PHU QUOC ISLAND VIETNAM PART 2,
Phu Quoc,,10.214922,103.961519,Zz77IgQ33w0,https://www.youtube.com/watch?v=Zz77IgQ33w0,0,299,0,0,UC4FxWOUtLgrekl-WmhFYEGg,20230529142729 0002518F,
Phu Quoc,,10.214922,103.961519,I9fsNnFb67c,https://www.youtube.com/watch?v=I9fsNnFb67c,0,299,0,0,UC4FxWOUtLgrekl-WmhFYEGg,20230529144229 0002524F,
Phu Quoc,,10.214922,103.961519,Kh15PlVJx_c,https://www.youtube.com/watch?v=Kh15PlVJx_c,94,299,0,0,UC4FxWOUtLgrekl-WmhFYEGg,20231110150226 0003620F,
Phu Quoc,,10.214922,103.961519,hSXQuvqqS5c,https://www.youtube.com/watch?v=hSXQuvqqS5c,0,300,1,0,UC4FxWOUtLgrekl-WmhFYEGg,20231020205156 0001932F,night(label)
Phu Quoc,,10.214922,103.961519,z3yxTVC4pro,https://www.youtube.com/watch?v=z3yxTVC4pro,0,299,0,0,UC4FxWOUtLgrekl-WmhFYEGg,"Kẹt xe giờ tan trường của học sinh THCS Dương Đông 1, TP. Phú Quốc",rush/jam
Phu Quoc,,10.214922,103.961519,Yu8c3uHkdNM,https://www.youtube.com/watch?v=Yu8c3uHkdNM,0,299,1,0,UC4FxWOUtLgrekl-WmhFYEGg,20230602205618 0002803F,night(label)
Phu Quoc,,10.214922,103.961519,qKQPuH_BkXo,https://www.youtube.com/watch?v=qKQPuH_BkXo,0,184,1,0,UC4FxWOUtLgrekl-WmhFYEGg,20230602210118 0002805F,night(label)
Phu Quoc,,10.214922,103.961519,l0IXOHn49cw,https://www.youtube.com/watch?v=l0IXOHn49cw,0,188,1,0,UC4FxWOUtLgrekl-WmhFYEGg,20230602205118 0002801F,night(label)
Phu Quoc,,10.214922,103.961519,s1GrDIITQ4Q,https://www.youtube.com/watch?v=s1GrDIITQ4Q,0,300,1,0,UC4FxWOUtLgrekl-WmhFYEGg,20230602204618 0002799F,night(label)
Phu Quoc,,10.214922,103.961519,lXhwk_wCqrY,https://www.youtube.com/watch?v=lXhwk_wCqrY,0,299,1,0,UC4FxWOUtLgrekl-WmhFYEGg,20230602204118 0002797F,night(label)
Phu Quoc,,10.214922,103.961519,Mo7MfWk-hsk,https://www.youtube.com/watch?v=Mo7MfWk-hsk,0,300,1,0,UC4FxWOUtLgrekl-WmhFYEGg,20230602203618 0002795F,night(label)
Phu Quoc,,10.214922,103.961519,aBLETGzAjZ8,https://www.youtube.com/watch?v=aBLETGzAjZ8,0,300,1,0,UC4FxWOUtLgrekl-WmhFYEGg,20230602202618 0002791F,night(label)
Phu Quoc,,10.214922,103.961519,3gfcenIHB6Y,https://www.youtube.com/watch?v=3gfcenIHB6Y,0,299,1,0,UC4FxWOUtLgrekl-WmhFYEGg,20230602203118 0002793F,night(label)
Phu Quoc,,10.214922,103.961519,j_TvmRUoryg,https://www.youtube.com/watch?v=j_TvmRUoryg,37,299,1,0,UC4FxWOUtLgrekl-WmhFYEGg,20230602201618 0002787F,night(label)
Phu Quoc,,10.214922,103.961519,-jnrcvesw4E,https://www.youtube.com/watch?v=-jnrcvesw4E,0,300,1,0,UC4FxWOUtLgrekl-WmhFYEGg,20230602202118 0002789F,night(label)
Phu Quoc,,10.214922,103.961519,M2ms3ywyG84,https://www.youtube.com/watch?v=M2ms3ywyG84,0,300,1,0,UC4FxWOUtLgrekl-WmhFYEGg,20230602201619 0002788R,night(label)
Phu Quoc,,10.214922,103.961519,vkOLuRaTGqE,https://www.youtube.com/watch?v=vkOLuRaTGqE,0,74,0,0,UC4FxWOUtLgrekl-WmhFYEGg,20230602143859 0002783F,
Phu Quoc,,10.214922,103.961519,vkOLuRaTGqE,https://www.youtube.com/watch?v=vkOLuRaTGqE,280,299,0,0,UC4FxWOUtLgrekl-WmhFYEGg,20230602143859 0002783F,
Phu Quoc,,10.214922,103.961519,wejKNvvnf8o,https://www.youtube.com/watch?v=wejKNvvnf8o,0,299,0,0,UC4FxWOUtLgrekl-WmhFYEGg,20230602143359 0002781F,
Phu Quoc,,10.214922,103.961519,tG6QZ6_pyQc,https://www.youtube.com/watch?v=tG6QZ6_pyQc,0,299,0,0,UC4FxWOUtLgrekl-WmhFYEGg,20230602142859 0002779F,
Phu Quoc,,10.214922,103.961519,bUk_aiZP9ko,https://www.youtube.com/watch?v=bUk_aiZP9ko,0,299,0,0,UC4FxWOUtLgrekl-WmhFYEGg,20230602142359 0002777F,
Phu Quoc,,10.214922,103.961519,x8sTiPu9QXw,https://www.youtube.com/watch?v=x8sTiPu9QXw,0,299,0,0,UC4FxWOUtLgrekl-WmhFYEGg,20230602125405 0002767F,
Phu Quoc,,10.214922,103.961519,l6t1hqt-BkE,https://www.youtube.com/watch?v=l6t1hqt-BkE,0,299,0,0,UC4FxWOUtLgrekl-WmhFYEGg,20230602124905 0002765F,
Phu Quoc,,10.214922,103.961519,d1oFpJN3XdM,https://www.youtube.com/watch?v=d1oFpJN3XdM,0,202,0,0,UC4FxWOUtLgrekl-WmhFYEGg,20230602111230 0002759F,
Phu Quoc,,10.214922,103.961519,Ag3puh0KkFU,https://www.youtube.com/watch?v=Ag3puh0KkFU,0,299,0,0,UC4FxWOUtLgrekl-WmhFYEGg,20230602110730 0002757F,
Phu Quoc,,10.214922,103.961519,6TDa93qFhdQ,https://www.youtube.com/watch?v=6TDa93qFhdQ,0,299,0,0,UC4FxWOUtLgrekl-WmhFYEGg,20230602110230 0002755F,
Phu Quoc,,10.214922,103.961519,6zhrSkd9QiI,https://www.youtube.com/watch?v=6zhrSkd9QiI,0,299,0,0,UC4FxWOUtLgrekl-WmhFYEGg,20230602105730 0002753F,
Phu Quoc,,10.214922,103.961519,FpDcC8YyJgU,https://www.youtube.com/watch?v=FpDcC8YyJgU,166,288,1,0,UC4FxWOUtLgrekl-WmhFYEGg,20230601201049 0002717F,night(label)
Phu Quoc,,10.214922,103.961519,wyWLI-ZN6bQ,https://www.youtube.com/watch?v=wyWLI-ZN6bQ,0,158,1,0,UC4FxWOUtLgrekl-WmhFYEGg,20230601200549 0002715F,night(label)
Phu Quoc,,10.214922,103.961519,X4lTFRDZFHc,https://www.youtube.com/watch?v=X4lTFRDZFHc,143,299,1,0,UC4FxWOUtLgrekl-WmhFYEGg,20230601200049 0002713F,night(label)
Phu Quoc,,10.214922,103.961519,MdiSnvIgLXg,https://www.youtube.com/watch?v=MdiSnvIgLXg,0,299,0,0,UC4FxWOUtLgrekl-WmhFYEGg,20230530160813 0002691F,
Phu Quoc,,10.214922,103.961519,Zc0vtYacpZs,https://www.youtube.com/watch?v=Zc0vtYacpZs,0,299,0,0,UC4FxWOUtLgrekl-WmhFYEGg,20230530160313 0002689F,
Phu Quoc,,10.214922,103.961519,VBZ7KSGvaeM,https://www.youtube.com/watch?v=VBZ7KSGvaeM,0,299,0,0,UC4FxWOUtLgrekl-WmhFYEGg,20230530155813 0002687F,
Phu Quoc,,10.214922,103.961519,7hAUjyZr9xM,https://www.youtube.com/watch?v=7hAUjyZr9xM,0,299,0,0,UC4FxWOUtLgrekl-WmhFYEGg,20230530155313 0002685F,
Phu Quoc,,10.214922,103.961519,xgvtruiLlmI,https://www.youtube.com/watch?v=xgvtruiLlmI,0,299,0,0,UC4FxWOUtLgrekl-WmhFYEGg,20230530154813 0002683F,
Phu Quoc,,10.214922,103.961519,frP4LSTWALQ,https://www.youtube.com/watch?v=frP4LSTWALQ,0,299,0,0,UC4FxWOUtLgrekl-WmhFYEGg,20230530154313 0002681F,
Phu Quoc,,10.214922,103.961519,4GmzGqlOxNo,https://www.youtube.com/watch?v=4GmzGqlOxNo,0,299,0,0,UC4FxWOUtLgrekl-WmhFYEGg,20230530153813 0002679F,
Phu Quoc,,10.214922,103.961519,vizZCTgKZzk,https://www.youtube.com/watch?v=vizZCTgKZzk,0,299,0,0,UC4FxWOUtLgrekl-WmhFYEGg,20230530153313 0002677F,
Phu Quoc,,10.214922,103.961519,AtnfZv0TVDA,https://www.youtube.com/watch?v=AtnfZv0TVDA,180,299,0,0,UC4FxWOUtLgrekl-WmhFYEGg,20230530152811 0002675F,
Phu Quoc,,10.214922,103.961519,0uk8q35JLRg,https://www.youtube.com/watch?v=0uk8q35JLRg,0,299,0,0,UC4FxWOUtLgrekl-WmhFYEGg,20230530083447 0002613F,
Phu Quoc,,10.214922,103.961519,ANbrmQLOOsE,https://www.youtube.com/watch?v=ANbrmQLOOsE,0,300,1,0,UC4FxWOUtLgrekl-WmhFYEGg,20230529183217 0002590F,night(label)
Phu Quoc,,10.214922,103.961519,fhQfMSmOkH0,https://www.youtube.com/watch?v=fhQfMSmOkH0,0,299,1,0,UC4FxWOUtLgrekl-WmhFYEGg,20230529182717 0002588F,night(label)
Phu Quoc,,10.214922,103.961519,hGLgLlqbxV0,https://www.youtube.com/watch?v=hGLgLlqbxV0,0,299,0,0,UC4FxWOUtLgrekl-WmhFYEGg,20230529182217 0002586F,
Phu Quoc,,10.214922,103.961519,XofKpQrVwFY,https://www.youtube.com/watch?v=XofKpQrVwFY,0,299,0,0,UC4FxWOUtLgrekl-WmhFYEGg,20230529181217 0002582F,
Phu Quoc,,10.214922,103.961519,mzxA6lira6w,https://www.youtube.com/watch?v=mzxA6lira6w,0,299,0,0,UC4FxWOUtLgrekl-WmhFYEGg,20230529181717 0002584F,
Phu Quoc,,10.214922,103.961519,0Z2Bivjvy2U,https://www.youtube.com/watch?v=0Z2Bivjvy2U,0,300,0,0,UC4FxWOUtLgrekl-WmhFYEGg,20230529180717 0002580F,
Phu Quoc,,10.214922,103.961519,xNinC2We1iw,https://www.youtube.com/watch?v=xNinC2We1iw,0,300,0,0,UC4FxWOUtLgrekl-WmhFYEGg,20230529180217 0002578F,
Phu Quoc,,10.214922,103.961519,zDREtx_CXx0,https://www.youtube.com/watch?v=zDREtx_CXx0,0,299,0,0,UC4FxWOUtLgrekl-WmhFYEGg,20230529175717 0002576F,
Phu Quoc,,10.214922,103.961519,8G2mb8l819w,https://www.youtube.com/watch?v=8G2mb8l819w,34,299,0,0,UC4FxWOUtLgrekl-WmhFYEGg,20230529175217 0002574F,
Phu Quoc,,10.214922,103.961519,CwDpykf5MYg,https://www.youtube.com/watch?v=CwDpykf5MYg,82,299,0,0,UC4FxWOUtLgrekl-WmhFYEGg,20230529173324 0002568F,
Phu Quoc,,10.214922,103.961519,eeEs8BUFXqw,https://www.youtube.com/watch?v=eeEs8BUFXqw,0,299,0,0,UC4FxWOUtLgrekl-WmhFYEGg,20230529163048 0002564F,
Phu Quoc,,10.214922,103.961519,Kxb-sp6NJSI,https://www.youtube.com/watch?v=Kxb-sp6NJSI,120,299,0,0,UC4FxWOUtLgrekl-WmhFYEGg,20230529162548 0002562F,
Phu Quoc,,10.214922,103.961519,62vBHkaee34,https://www.youtube.com/watch?v=62vBHkaee34,0,299,0,0,UC4FxWOUtLgrekl-WmhFYEGg,20230529152809 0002558F,
Phu Quoc,,10.214922,103.961519,4sOMg7Kil4s,https://www.youtube.com/watch?v=4sOMg7Kil4s,0,299,0,0,UC4FxWOUtLgrekl-WmhFYEGg,20230529152309 0002556F,
Phu Quoc,,10.214922,103.961519,ShM-LVLkJsY,https://www.youtube.com/watch?v=ShM-LVLkJsY,0,299,0,0,UC4FxWOUtLgrekl-WmhFYEGg,20230529151809 0002554F,
Phu Quoc,,10.214922,103.961519,sqa7Taxgkq8,https://www.youtube.com/watch?v=sqa7Taxgkq8,0,299,0,0,UC4FxWOUtLgrekl-WmhFYEGg,20230529151309 0002552F,
Phu Quoc,,10.214922,103.961519,fU2OPgkegXY,https://www.youtube.com/watch?v=fU2OPgkegXY,0,299,0,0,UC4FxWOUtLgrekl-WmhFYEGg,20230529143729 0002522F,
Phu Quoc,,10.214922,103.961519,sdSqPbZp8hQ,https://www.youtube.com/watch?v=sdSqPbZp8hQ,0,299,0,0,UC4FxWOUtLgrekl-WmhFYEGg,20230529143229 0002520F,
Phu Quoc,,10.214922,103.961519,xj4UvljZLKA,https://www.youtube.com/watch?v=xj4UvljZLKA,0,299,1,0,UC4FxWOUtLgrekl-WmhFYEGg,20230518192505 0001972F,night(label)
Phu Quoc,,10.214922,103.961519,2HWybWNKqoY,https://www.youtube.com/watch?v=2HWybWNKqoY,0,299,1,0,UC4FxWOUtLgrekl-WmhFYEGg,20230518192005 0001970F,night(label)
Phu Quoc,,10.214922,103.961519,JAk8oL_WEgc,https://www.youtube.com/watch?v=JAk8oL_WEgc,0,299,1,0,UC4FxWOUtLgrekl-WmhFYEGg,20230518193005 0001974F,night(label)
Phu Quoc,,10.214922,103.961519,Dvom6xaB5E4,https://www.youtube.com/watch?v=Dvom6xaB5E4,0,300,0,0,UC4FxWOUtLgrekl-WmhFYEGg,20230518181847 0001962F,
Phu Quoc,,10.214922,103.961519,0cyRBgEkLIM,https://www.youtube.com/watch?v=0cyRBgEkLIM,0,299,0,0,UC4FxWOUtLgrekl-WmhFYEGg,20230518181347 0001960F,
Phu Quoc,,10.214922,103.961519,3dhr7kmDcbE,https://www.youtube.com/watch?v=3dhr7kmDcbE,195,299,0,0,UC4FxWOUtLgrekl-WmhFYEGg,20230518180847 0001958F,
Phu Quoc,,10.214922,103.961519,HfoR8lt9ess,https://www.youtube.com/watch?v=HfoR8lt9ess,0,299,0,0,UC4FxWOUtLgrekl-WmhFYEGg,20230518103030 0001954F,
Phu Quoc,,10.214922,103.961519,KBDFFhewYK8,https://www.youtube.com/watch?v=KBDFFhewYK8,144,299,0,0,UC4FxWOUtLgrekl-WmhFYEGg,20230518102530 0001952F,
Phu Quoc,,10.214922,103.961519,szFupwF-UhA,https://www.youtube.com/watch?v=szFupwF-UhA,0,299,0,0,UC4FxWOUtLgrekl-WmhFYEGg,20230518102030 0001950F,
Phu Quoc,,10.214922,103.961519,UKSWrE4voAU,https://www.youtube.com/watch?v=UKSWrE4voAU,0,299,0,0,UC4FxWOUtLgrekl-WmhFYEGg,20230518101529 0001948F,
Phu Quoc,,10.214922,103.961519,m0gzVEDnUUo,https://www.youtube.com/watch?v=m0gzVEDnUUo,0,300,1,0,UC4FxWOUtLgrekl-WmhFYEGg,20230517210724 0001946F,night(label)
Phu Quoc,,10.214922,103.961519,JPG0NxgIaIs,https://www.youtube.com/watch?v=JPG0NxgIaIs,0,299,1,0,UC4FxWOUtLgrekl-WmhFYEGg,20230517210224 0001944F,night(label)
Phu Quoc,,10.214922,103.961519,b4QoUJBj6xc,https://www.youtube.com/watch?v=b4QoUJBj6xc,0,300,1,0,UC4FxWOUtLgrekl-WmhFYEGg,20230517205724 0001942F,night(label)
Phu Quoc,,10.214922,103.961519,RVWM3YBVK6s,https://www.youtube.com/watch?v=RVWM3YBVK6s,0,300,1,0,UC4FxWOUtLgrekl-WmhFYEGg,20230517205224 0001940F,night(label)
Phu Quoc,,10.214922,103.961519,NcCcfEsjYIc,https://www.youtube.com/watch?v=NcCcfEsjYIc,0,299,1,0,UC4FxWOUtLgrekl-WmhFYEGg,20230517204724 0001938F,night(label)
Phu Quoc,,10.214922,103.961519,mcRemeFbMbM,https://www.youtube.com/watch?v=mcRemeFbMbM,0,300,0,0,UC4FxWOUtLgrekl-WmhFYEGg,20230517204224 0001936F,
Phu Quoc,,10.214922,103.961519,RaU_WJNA0VE,https://www.youtube.com/watch?v=RaU_WJNA0VE,0,299,1,0,UC4FxWOUtLgrekl-WmhFYEGg,20230517203724 0001934F,night(label)
Phu Quoc,,10.214922,103.961519,bLsCCrGuvqU,https://www.youtube.com/watch?v=bLsCCrGuvqU,35,138,1,0,UC4FxWOUtLgrekl-WmhFYEGg,20230517203224 0001932F,night(label)
Phu Quoc,,10.214922,103.961519,UVuRCkj8pI8,https://www.youtube.com/watch?v=UVuRCkj8pI8,82,299,1,0,UC4FxWOUtLgrekl-WmhFYEGg,20230517193753 0001926F,night(label)
Phu Quoc,,10.214922,103.961519,8eU8fs6SDQM,https://www.youtube.com/watch?v=8eU8fs6SDQM,62,299,0,0,UC4FxWOUtLgrekl-WmhFYEGg,20230517095337 0001922F,
Phu Quoc,,10.214922,103.961519,MYHRDj3yZQU,https://www.youtube.com/watch?v=MYHRDj3yZQU,0,131,0,0,UC4FxWOUtLgrekl-WmhFYEGg,20230517094337 0001918F,
Phu Quoc,,10.214922,103.961519,ZqAk7BOPPOY,https://www.youtube.com/watch?v=ZqAk7BOPPOY,0,299,0,0,UC4FxWOUtLgrekl-WmhFYEGg,20230517093836 0001916F,
Phu Quoc,,10.214922,103.961519,DS9rON4v2lk,https://www.youtube.com/watch?v=DS9rON4v2lk,0,300,1,0,UC4FxWOUtLgrekl-WmhFYEGg,20230515195310 0001912F,night(label)
Phu Quoc,,10.214922,103.961519,d6eMPkomt5U,https://www.youtube.com/watch?v=d6eMPkomt5U,0,299,1,0,UC4FxWOUtLgrekl-WmhFYEGg,20230515194810 0001910F,night(label)
Phu Quoc,,10.214922,103.961519,8MgZ-LGnlls,https://www.youtube.com/watch?v=8MgZ-LGnlls,0,299,1,0,UC4FxWOUtLgrekl-WmhFYEGg,20230515194310 0001908F,night(label)
Phu Quoc,,10.214922,103.961519,zbmpeK4Bang,https://www.youtube.com/watch?v=zbmpeK4Bang,0,299,1,0,UC4FxWOUtLgrekl-WmhFYEGg,20230515193810 0001906F,night(label)
Phu Quoc,,10.214922,103.961519,zfSpYGY7Ghs,https://www.youtube.com/watch?v=zfSpYGY7Ghs,0,300,1,0,UC4FxWOUtLgrekl-WmhFYEGg,20230515193310 0001904F,night(label)
Phu Quoc,,10.214922,103.961519,wTZNHGs_i4k,https://www.youtube.com/watch?v=wTZNHGs_i4k,0,77,0,0,UC4FxWOUtLgrekl-WmhFYEGg,20230515182320 0001898F,
Phu Quoc,,10.214922,103.961519,-0drhNCIhbk,https://www.youtube.com/watch?v=-0drhNCIhbk,0,299,1,0,UC4FxWOUtLgrekl-WmhFYEGg,20230515181820 0001896F,night(label)
Phu Quoc,,10.214922,103.961519,vL8y_siXmoU,https://www.youtube.com/watch?v=vL8y_siXmoU,0,300,0,0,UC4FxWOUtLgrekl-WmhFYEGg,20230515181320 0001894F,
Phu Quoc,,10.214922,103.961519,j8o-6Kv2_8w,https://www.youtube.com/watch?v=j8o-6Kv2_8w,0,299,0,0,UC4FxWOUtLgrekl-WmhFYEGg,20230515180820 0001892F,
Phu Quoc,,10.214922,103.961519,4rkYX4SgmXw,https://www.youtube.com/watch?v=4rkYX4SgmXw,5,299,0,0,UC4FxWOUtLgrekl-WmhFYEGg,20230515180320 0001890F,
Phu Quoc,,10.214922,103.961519,I0ik6Wnf1Vc,https://www.youtube.com/watch?v=I0ik6Wnf1Vc,0,299,0,0,UC4FxWOUtLgrekl-WmhFYEGg,20230515172320 0001874F,
Phu Quoc,,10.214922,103.961519,G_PCH8hoZAE,https://www.youtube.com/watch?v=G_PCH8hoZAE,0,146,0,0,UC4FxWOUtLgrekl-WmhFYEGg,20230515172820 0001876F,
Phu Quoc,,10.214922,103.961519,hOkYNSdZRCM,https://www.youtube.com/watch?v=hOkYNSdZRCM,0,299,0,0,UC4FxWOUtLgrekl-WmhFYEGg,20230515123440 0001872F,
Phu Quoc,,10.214922,103.961519,VverX8PbBEU,https://www.youtube.com/watch?v=VverX8PbBEU,0,299,0,0,UC4FxWOUtLgrekl-WmhFYEGg,20230515122940 0001870F,
Phu Quoc,,10.214922,103.961519,EJXr4Mze9Vs,https://www.youtube.com/watch?v=EJXr4Mze9Vs,0,299,0,0,UC4FxWOUtLgrekl-WmhFYEGg,20230515122440 0001868F,
Phu Quoc,,10.214922,103.961519,Y7GaV5zgHWs,https://www.youtube.com/watch?v=Y7GaV5zgHWs,0,299,0,0,UC4FxWOUtLgrekl-WmhFYEGg,20230515121940 0001866F,
Phu Quoc,,10.214922,103.961519,mDgXXJ1wKKI,https://www.youtube.com/watch?v=mDgXXJ1wKKI,31,299,0,0,UC4FxWOUtLgrekl-WmhFYEGg,20230515121440 0001864F,
Phu Quoc,,10.214922,103.961519,_Pauokqj--Y,https://www.youtube.com/watch?v=_Pauokqj--Y,0,96,0,0,UC4FxWOUtLgrekl-WmhFYEGg,20230515101940 0001818F,
Phu Quoc,,10.214922,103.961519,MygjfwbcxIw,https://www.youtube.com/watch?v=MygjfwbcxIw,0,299,0,0,UC4FxWOUtLgrekl-WmhFYEGg,20230515101441 0001816F,
Phu Quoc,,10.214922,103.961519,H35Ym5dFH8U,https://www.youtube.com/watch?v=H35Ym5dFH8U,0,299,0,0,UC4FxWOUtLgrekl-WmhFYEGg,20230515100941 0001814F,
Phu Quoc,,10.214922,103.961519,EcKuM_pY35E,https://www.youtube.com/watch?v=EcKuM_pY35E,86,299,0,0,UC4FxWOUtLgrekl-WmhFYEGg,20230515100442 0001812F,
Phu Quoc,,10.214922,103.961519,wtSKzRAFam4,https://www.youtube.com/watch?v=wtSKzRAFam4,0,299,1,0,UC4FxWOUtLgrekl-WmhFYEGg,20230506205152 0001343F,night(label)
Phu Quoc,,10.214922,103.961519,vIbQtpp51LE,https://www.youtube.com/watch?v=vIbQtpp51LE,0,299,1,0,UC4FxWOUtLgrekl-WmhFYEGg,20230506204652 0001341F,night(label)
Phu Quoc,,10.214922,103.961519,SUpB1SUrF6g,https://www.youtube.com/watch?v=SUpB1SUrF6g,0,137,1,0,UC4FxWOUtLgrekl-WmhFYEGg,20230510205741 0001529F,night(label)
Phu Quoc,,10.214922,103.961519,uttero07I_k,https://www.youtube.com/watch?v=uttero07I_k,0,299,1,0,UC4FxWOUtLgrekl-WmhFYEGg,20230510205241 0001527F,night(label)
Phu Quoc,,10.214922,103.961519,OTJSaS_Orxg,https://www.youtube.com/watch?v=OTJSaS_Orxg,130,299,1,0,UC4FxWOUtLgrekl-WmhFYEGg,20230510204741 0001525F,night(label)
Phu Quoc,,10.214922,103.961519,Oqmvf1bS6Xk,https://www.youtube.com/watch?v=Oqmvf1bS6Xk,0,300,1,0,UC4FxWOUtLgrekl-WmhFYEGg,20230510204241 0001523F,night(label)
Phu Quoc,,10.214922,103.961519,XKIQrZhxuGs,https://www.youtube.com/watch?v=XKIQrZhxuGs,0,300,1,0,UC4FxWOUtLgrekl-WmhFYEGg,20230510203741 0001521F,night(label)
Phu Quoc,,10.214922,103.961519,Bc7eFLUQens,https://www.youtube.com/watch?v=Bc7eFLUQens,0,300,0,0,UC4FxWOUtLgrekl-WmhFYEGg,20230510182335 0001513F,
Phu Quoc,,10.214922,103.961519,u6hsXM90iiU,https://www.youtube.com/watch?v=u6hsXM90iiU,0,300,1,0,UC4FxWOUtLgrekl-WmhFYEGg,20230510181835 0001511F,night(label)
Phu Quoc,,10.214922,103.961519,8qVX6m4dk4w,https://www.youtube.com/watch?v=8qVX6m4dk4w,0,209,0,0,UC4FxWOUtLgrekl-WmhFYEGg,20230510181335 0001509F,
Phu Quoc,,10.214922,103.961519,8qVX6m4dk4w,https://www.youtube.com/watch?v=8qVX6m4dk4w,210,299,1,0,UC4FxWOUtLgrekl-WmhFYEGg,20230510181335 0001509F,night(label)
Phu Quoc,,10.214922,103.961519,39omVa5_4mQ,https://www.youtube.com/watch?v=39omVa5_4mQ,0,299,0,0,UC4FxWOUtLgrekl-WmhFYEGg,20230510180835 0001507F,
Phu Quoc,,10.214922,103.961519,fUmdP9zBPSI,https://www.youtube.com/watch?v=fUmdP9zBPSI,0,299,0,0,UC4FxWOUtLgrekl-WmhFYEGg,20230510180335 0001505F,
Phu Quoc,,10.214922,103.961519,CrR0Lm8LINE,https://www.youtube.com/watch?v=CrR0Lm8LINE,0,299,0,0,UC4FxWOUtLgrekl-WmhFYEGg,20230510175835 0001503F,
Phu Quoc,,10.214922,103.961519,tKSlvGVwywI,https://www.youtube.com/watch?v=tKSlvGVwywI,0,299,0,0,UC4FxWOUtLgrekl-WmhFYEGg,20230510175335 0001501F,
Phu Quoc,,10.214922,103.961519,UKqCkxx3ayo,https://www.youtube.com/watch?v=UKqCkxx3ayo,0,299,0,0,UC4FxWOUtLgrekl-WmhFYEGg,20230510174835 0001499F,
Phu Quoc,,10.214922,103.961519,tSPydOw2ooU,https://www.youtube.com/watch?v=tSPydOw2ooU,0,299,0,0,UC4FxWOUtLgrekl-WmhFYEGg,20230510174335 0001497F,
Phu Quoc,,10.214922,103.961519,RlkElXbVguA,https://www.youtube.com/watch?v=RlkElXbVguA,0,299,0,0,UC4FxWOUtLgrekl-WmhFYEGg,20230510173835 0001495F,
Phu Quoc,,10.214922,103.961519,NwB9l9-qN5Y,https://www.youtube.com/watch?v=NwB9l9-qN5Y,0,300,0,0,UC4FxWOUtLgrekl-WmhFYEGg,20230510173335 0001493F,
Phu Quoc,,10.214922,103.961519,er1N3WGe5k8,https://www.youtube.com/watch?v=er1N3WGe5k8,0,299,0,0,UC4FxWOUtLgrekl-WmhFYEGg,20230510172835 0001491F,
Phu Quoc,,10.214922,103.961519,h2MAvwcZlNE,https://www.youtube.com/watch?v=h2MAvwcZlNE,0,299,0,0,UC4FxWOUtLgrekl-WmhFYEGg,20230510172335 0001489F,
Phu Quoc,,10.214922,103.961519,h_QmEQsbOV0,https://www.youtube.com/watch?v=h_QmEQsbOV0,0,261,0,0,UC4FxWOUtLgrekl-WmhFYEGg,20230510171835 0001487F,
Phu Quoc,,10.214922,103.961519,a7LCeNh0hJ0,https://www.youtube.com/watch?v=a7LCeNh0hJ0,0,299,0,0,UC4FxWOUtLgrekl-WmhFYEGg,20230510171335 0001485F,
Phu Quoc,,10.214922,103.961519,FQjHepdJdvE,https://www.youtube.com/watch?v=FQjHepdJdvE,0,57,0,0,UC4FxWOUtLgrekl-WmhFYEGg,20230510170835 0001483F,
Phu Quoc,,10.214922,103.961519,FQjHepdJdvE,https://www.youtube.com/watch?v=FQjHepdJdvE,267,296,0,0,UC4FxWOUtLgrekl-WmhFYEGg,20230510170835 0001483F,
Phu Quoc,,10.214922,103.961519,kJO585B9Cm8,https://www.youtube.com/watch?v=kJO585B9Cm8,0,299,0,0,UC4FxWOUtLgrekl-WmhFYEGg,20230510170335 0001481F,
Phu Quoc,,10.214922,103.961519,olJoll6ZCBA,https://www.youtube.com/watch?v=olJoll6ZCBA,0,299,0,0,UC4FxWOUtLgrekl-WmhFYEGg,20230510165839 0001479F,
Phu Quoc,,10.214922,103.961519,QgggzFJzeB8,https://www.youtube.com/watch?v=QgggzFJzeB8,0,39,1,0,UC4FxWOUtLgrekl-WmhFYEGg,20230505201252 0001329F,night(label)
Phu Quoc,,10.214922,103.961519,l1c5v5EHOmg,https://www.youtube.com/watch?v=l1c5v5EHOmg,0,299,1,0,UC4FxWOUtLgrekl-WmhFYEGg,20230505200753 0001327F,night(label)
Phu Quoc,,10.214922,103.961519,RIleIGRYlGQ,https://www.youtube.com/watch?v=RIleIGRYlGQ,0,299,1,0,UC4FxWOUtLgrekl-WmhFYEGg,20230505200754 0001328R,night(label)
Phu Quoc,,10.214922,103.961519,qlE5U03gpQs,https://www.youtube.com/watch?v=qlE5U03gpQs,197,299,1,0,UC4FxWOUtLgrekl-WmhFYEGg,20230505191549 0001323F,night(label)
Phu Quoc,,10.214922,103.961519,po3r4WrZboU,https://www.youtube.com/watch?v=po3r4WrZboU,0,299,0,0,UC4FxWOUtLgrekl-WmhFYEGg,20230505170721 0001315F,
Phu Quoc,,10.214922,103.961519,fDRwQoB2_Bs,https://www.youtube.com/watch?v=fDRwQoB2_Bs,0,299,0,0,UC4FxWOUtLgrekl-WmhFYEGg,20230505170221 0001313F,
Phu Quoc,,10.214922,103.961519,_Rp__UHBnFE,https://www.youtube.com/watch?v=_Rp__UHBnFE,0,299,0,0,UC4FxWOUtLgrekl-WmhFYEGg,20230505165221 0001309F,
Phu Quoc,,10.214922,103.961519,Z5CNA3qnnFE,https://www.youtube.com/watch?v=Z5CNA3qnnFE,11,299,0,0,UC4FxWOUtLgrekl-WmhFYEGg,20230505164721 0001307F,
Phu Quoc,,10.214922,103.961519,bIAq-Vp2DWE,https://www.youtube.com/watch?v=bIAq-Vp2DWE,147,299,0,0,UC4FxWOUtLgrekl-WmhFYEGg,20230505122607 0001287F,
Phu Quoc,,10.214922,103.961519,glEYaOM53kQ,https://www.youtube.com/watch?v=glEYaOM53kQ,0,299,0,0,UC4FxWOUtLgrekl-WmhFYEGg,20230505113435 0001279F,
Phu Quoc,,10.214922,103.961519,datunCqi4-A,https://www.youtube.com/watch?v=datunCqi4-A,0,299,0,0,UC4FxWOUtLgrekl-WmhFYEGg,20230505112435 0001275F,
Ben Cat,,11.153211,106.5903403,6NTxCvIkrJ8,https://www.youtube.com/watch?v=6NTxCvIkrJ8,1260,1444,0,1,UCqryC5Nx8ud5DffjnVAvI6A,2024 May 03 – 1 Hour video Hour 3 Drive Ho Chi Minh City to the Long Tan Battlefield with Gary,
Bien Hoa,,10.9507929,106.8263284,jTEdzcKDX_Y,https://www.youtube.com/watch?v=jTEdzcKDX_Y,10,1974,1,0,UC-9Ek_POkAgnH8LdbefQFRQ,Night Drive Through the Bustling Streets of BienHoa | Relaxing City Ambience,night
Sa Pa,,22.33531,103.842432,EHMcQICGcuc,https://www.youtube.com/watch?v=EHMcQICGcuc,0,63,0,3,UCBBKed4Xg6xpJHJJQhs06lg,Du Lịch Sapa 2023 | Cảnh Đẹp Sapa Mê Đắm Lòng Người | Tour dạo phố Sapa | Địa Điểm Du Lịch Sapa,mountain/pass
Sa Pa,,22.33531,103.842432,EHMcQICGcuc,https://www.youtube.com/watch?v=EHMcQICGcuc,481,597,0,3,UCBBKed4Xg6xpJHJJQhs06lg,Du Lịch Sapa 2023 | Cảnh Đẹp Sapa Mê Đắm Lòng Người | Tour dạo phố Sapa | Địa Điểm Du Lịch Sapa,mountain/pass
Mỏ Cày,,10.1301335,106.3344463,UUro7sK2G24,https://www.youtube.com/watch?v=UUro7sK2G24,15,1535,0,3,UCY3cXZ7eoQ09mmQXNecl92g,Đường Phố Mỏ Cày Bến Tre Sáng 11-04-2026 #100,
Mỏ Cày,,10.1301335,106.3344463,q4WcncxIYIQ,https://www.youtube.com/watch?v=q4WcncxIYIQ,33,2472,0,3,UCY3cXZ7eoQ09mmQXNecl92g,Đường Phố Mỏ Cày Bến Tre Chiều 24 Tết 2026 #57,tet/holiday
An Thi,,20.815976,106.088442,ze_cp4ZUklw,https://www.youtube.com/watch?v=ze_cp4ZUklw,1554,2337,0,0,UCcROxwq_GajcurqLI7zGFfw,Ân Thi Hưng Yên năm 2025 [25 43],
Van Don,,21.0180885,107.5108313,az9D5jrduPQ,https://www.youtube.com/watch?v=az9D5jrduPQ,0,453,0,0,UCcROxwq_GajcurqLI7zGFfw,"Vân Đồn xinh đẹp thuộc tỉnh Quảng Ninh, nằm cạnh Vịnh Hạ Long [25 126]",
Van Don,,21.0180885,107.5108313,az9D5jrduPQ,https://www.youtube.com/watch?v=az9D5jrduPQ,735,1480,0,0,UCcROxwq_GajcurqLI7zGFfw,"Vân Đồn xinh đẹp thuộc tỉnh Quảng Ninh, nằm cạnh Vịnh Hạ Long [25 126]",
Van Don,,21.0180885,107.5108313,az9D5jrduPQ,https://www.youtube.com/watch?v=az9D5jrduPQ,1481,3046,1,0,UCcROxwq_GajcurqLI7zGFfw,"Vân Đồn xinh đẹp thuộc tỉnh Quảng Ninh, nằm cạnh Vịnh Hạ Long [25 126]",night(label)
Nam Dinh,,20.424037,106.171527,2d_oD2Nd4Q8,https://www.youtube.com/watch?v=2d_oD2Nd4Q8,0,2114,0,0,UCcROxwq_GajcurqLI7zGFfw,"thành phố Nam Định, năm 2026 [26 03]",
Nam Dinh,,20.424037,106.171527,fq5BqsE20tM,https://www.youtube.com/watch?v=fq5BqsE20tM,0,1229,0,0,UCcROxwq_GajcurqLI7zGFfw,"Bệnh Viện Đa Khoa Nam Định, Xanh Sạch Đẹp An Lành [26 03]",
Nam Dinh,,20.424037,106.171527,1roXV0LcI-s,https://www.youtube.com/watch?v=1roXV0LcI-s,0,409,0,0,UCcROxwq_GajcurqLI7zGFfw,"Cafe Dệt Xưa, thành phố Nam Đinh [25 0233]",
Nam Dinh,,20.424037,106.171527,rLngSBzek38,https://www.youtube.com/watch?v=rLngSBzek38,0,841,0,0,UCcROxwq_GajcurqLI7zGFfw,Nam Định cuối Thu đầu Đông [25 1168],
Nam Dinh,,20.424037,106.171527,g2cm3re1Kos,https://www.youtube.com/watch?v=g2cm3re1Kos,0,1574,1,0,UCcROxwq_GajcurqLI7zGFfw,thành phố Nam Định lúc 8pm [25 19],night(label)
Nam Dinh,,20.424037,106.171527,g2cm3re1Kos,https://www.youtube.com/watch?v=g2cm3re1Kos,1837,2434,1,0,UCcROxwq_GajcurqLI7zGFfw,thành phố Nam Định lúc 8pm [25 19],night(label)
Nam Dinh,,20.424037,106.171527,UwIw970jepw,https://www.youtube.com/watch?v=UwIw970jepw,0,1381,0,0,UCcROxwq_GajcurqLI7zGFfw,thành phố Nam Định năm 2023,
Nam Dinh,,20.424037,106.171527,-uh5r8FfnjU,https://www.youtube.com/watch?v=-uh5r8FfnjU,0,602,0,0,UCcROxwq_GajcurqLI7zGFfw,thành phố Nam Định năm 2025 [25 726],
Nam Dinh,,20.424037,106.171527,-uh5r8FfnjU,https://www.youtube.com/watch?v=-uh5r8FfnjU,930,2253,0,0,UCcROxwq_GajcurqLI7zGFfw,thành phố Nam Định năm 2025 [25 726],
Nam Dinh,,20.424037,106.171527,7bRNbfx6tnQ,https://www.youtube.com/watch?v=7bRNbfx6tnQ,0,985,0,0,UCcROxwq_GajcurqLI7zGFfw,Làng nghề Gỗ làm đồ Thờ ở Nam Định năm 2025 [25 728],
Nam Dinh,,20.424037,106.171527,wSX87nm1Sgw,https://www.youtube.com/watch?v=wSX87nm1Sgw,0,1408,0,0,UCcROxwq_GajcurqLI7zGFfw,thành phố Nam Định vào Thu [25 9715],
Nam Dinh,,20.424037,106.171527,xmawqNfXthE,https://www.youtube.com/watch?v=xmawqNfXthE,0,2177,1,0,UCcROxwq_GajcurqLI7zGFfw,chập choạng tối ở Thành Nam [25 9718],night
Nam Dinh,,20.424037,106.171527,kPpgukpMEls,https://www.youtube.com/watch?v=kPpgukpMEls,0,1101,0,0,UCcROxwq_GajcurqLI7zGFfw,Thành phố Nam Định (25 0175),
Nam Dinh,,20.424037,106.171527,qdW5O97nnF8,https://www.youtube.com/watch?v=qdW5O97nnF8,0,3280,1,0,UCcROxwq_GajcurqLI7zGFfw,khi màn đêm buông xuống thành phố Nam Định [25 9733],night
Nam Dinh,,20.424037,106.171527,1co7K_wYkWw,https://www.youtube.com/watch?v=1co7K_wYkWw,0,1047,0,0,UCcROxwq_GajcurqLI7zGFfw,thành phố Nam Định năm 2025 [25 724],
Nam Dinh,,20.424037,106.171527,FrW7K2UK8yA,https://www.youtube.com/watch?v=FrW7K2UK8yA,0,2989,0,0,UCcROxwq_GajcurqLI7zGFfw,Hải Hậu Nam Định (Ninh Bình) năm 2025 [25 790],
Nam Dinh,,20.424037,106.171527,YXsTbXLyi6Q,https://www.youtube.com/watch?v=YXsTbXLyi6Q,0,4365,0,0,UCcROxwq_GajcurqLI7zGFfw,thành phố (Phường) Nam Định tháng 7 năm 2025 [25 794],
Nam Dinh,,20.424037,106.171527,EFxahD7tI1A,https://www.youtube.com/watch?v=EFxahD7tI1A,0,680,0,0,UCcROxwq_GajcurqLI7zGFfw,Bệnh Viện Nam Định đi vào hoạt động năm 2025 [25 7922],
Nam Dinh,,20.424037,106.171527,8vpEOWtYSkU,https://www.youtube.com/watch?v=8vpEOWtYSkU,0,1132,0,0,UCcROxwq_GajcurqLI7zGFfw,Thành phố Nam Định đầu năm 2025 (25 0177),
Nam Dinh,,20.424037,106.171527,jd-GrsmuDXM,https://www.youtube.com/watch?v=jd-GrsmuDXM,0,1111,0,0,UCcROxwq_GajcurqLI7zGFfw,Thành phố Nam Định năm 2025 [25 411],
Nam Dinh,,20.424037,106.171527,9P7wI9pleCg,https://www.youtube.com/watch?v=9P7wI9pleCg,0,1336,0,0,UCcROxwq_GajcurqLI7zGFfw,Toàn cảnh thị trấn Thịnh Long Nam Định [25 4222],
Nam Dinh,,20.424037,106.171527,ZvaQ31oVKis,https://www.youtube.com/watch?v=ZvaQ31oVKis,0,1623,0,0,UCcROxwq_GajcurqLI7zGFfw,Thành phố Nam Định năm 2025 (25 0178),
Nam Dinh,,20.424037,106.171527,bcpCa--yhRM,https://www.youtube.com/watch?v=bcpCa--yhRM,0,1840,0,0,UCcROxwq_GajcurqLI7zGFfw,Thành phố Nam Định tháng 4 [25 420],
Nam Dinh,,20.424037,106.171527,AuiHSsbJT64,https://www.youtube.com/watch?v=AuiHSsbJT64,0,5151,0,0,UCcROxwq_GajcurqLI7zGFfw,"Toàn cảnh đường phố Thành Nam an bình, đầu xuân Ất Tỵ năm 2025",
Nam Dinh,,20.424037,106.171527,p3EyUc31aT4,https://www.youtube.com/watch?v=p3EyUc31aT4,0,1470,0,0,UCcROxwq_GajcurqLI7zGFfw,Thành phố Nam Định mùa Noel (24 1285),tet/holiday
Nam Dinh,,20.424037,106.171527,STiVphhbI8k,https://www.youtube.com/watch?v=STiVphhbI8k,0,852,0,0,UCcROxwq_GajcurqLI7zGFfw,Thành phố Nam Định mùa Noel (24 1287),tet/holiday
Nam Dinh,,20.424037,106.171527,50r-UdRm-cI,https://www.youtube.com/watch?v=50r-UdRm-cI,0,1316,0,0,UCcROxwq_GajcurqLI7zGFfw,Thành phố Nam Định mùa Noel (24 1289),tet/holiday
Nam Dinh,,20.424037,106.171527,IzcMB23uy80,https://www.youtube.com/watch?v=IzcMB23uy80,0,1728,0,0,UCcROxwq_GajcurqLI7zGFfw,Thành phố Nam Định mùa Giáng Sinh An Lành (24 1288),tet/holiday
Nam Dinh,,20.424037,106.171527,-jA7_gbw2io,https://www.youtube.com/watch?v=-jA7_gbw2io,0,246,1,0,UCcROxwq_GajcurqLI7zGFfw,Các Huyện ven Biển Nam Định hè năm 2023,night(label)
Nam Dinh,,20.424037,106.171527,-jA7_gbw2io,https://www.youtube.com/watch?v=-jA7_gbw2io,599,2471,1,0,UCcROxwq_GajcurqLI7zGFfw,Các Huyện ven Biển Nam Định hè năm 2023,night(label)
Nam Dinh,,20.424037,106.171527,4Uuj-7qVjAc,https://www.youtube.com/watch?v=4Uuj-7qVjAc,0,2663,0,0,UCcROxwq_GajcurqLI7zGFfw,THÀNH PHỐ NAM ĐỊNH THÁNG 9 NĂM 2023,
Nam Dinh,,20.424037,106.171527,qixjCnIfB14,https://www.youtube.com/watch?v=qixjCnIfB14,0,1022,0,0,UCcROxwq_GajcurqLI7zGFfw,THÀNH PHỐ NAM ĐỊNH THÁNG 4 NĂM 2024 (24 460),
Nam Dinh,,20.424037,106.171527,rAhel-yqa3U,https://www.youtube.com/watch?v=rAhel-yqa3U,0,2649,0,0,UCcROxwq_GajcurqLI7zGFfw,Loanh Quanh Tp. Nam Định (24 763),
Nam Dinh,,20.424037,106.171527,T7dUkAr74nU,https://www.youtube.com/watch?v=T7dUkAr74nU,15,1308,1,0,UCcROxwq_GajcurqLI7zGFfw,ĐƯỜNG 10 TỪ NAM ĐỊNH ĐI PHỦ LÝ,night(label)
Nam Dinh,,20.424037,106.171527,gFEtg8qe1w0,https://www.youtube.com/watch?v=gFEtg8qe1w0,0,1842,0,0,UCcROxwq_GajcurqLI7zGFfw,THÀNH PHỐ NAM ĐỊNH THÁNG 4 NĂM 2024 (24 464),
Nam Dinh,,20.424037,106.171527,mCQfaIrvRDM,https://www.youtube.com/watch?v=mCQfaIrvRDM,0,1011,0,0,UCcROxwq_GajcurqLI7zGFfw,71 phút thành Nam,
Nam Dinh,,20.424037,106.171527,mCQfaIrvRDM,https://www.youtube.com/watch?v=mCQfaIrvRDM,1406,4316,0,0,UCcROxwq_GajcurqLI7zGFfw,71 phút thành Nam,
Nam Dinh,,20.424037,106.171527,YnECSzpB0Pw,https://www.youtube.com/watch?v=YnECSzpB0Pw,0,2205,0,0,UCcROxwq_GajcurqLI7zGFfw,"THÀNH PHỐ NAM ĐỊNH, CHỦ NHẬT CUỐI CÙNG NĂM QUÝ MÃO (24 180)",
Nam Dinh,,20.424037,106.171527,6Xhx7iE5XMc,https://www.youtube.com/watch?v=6Xhx7iE5XMc,0,2476,0,0,UCcROxwq_GajcurqLI7zGFfw,MƯA NAM ĐỊNH NĂM 2023,rain
Nam Dinh,,20.424037,106.171527,2b-ijuuJ1RE,https://www.youtube.com/watch?v=2b-ijuuJ1RE,0,1470,0,0,UCcROxwq_GajcurqLI7zGFfw,Tp Nam Định vào Hè năm 2023,
Nam Dinh,,20.424037,106.171527,Bu2G3-WFIAM,https://www.youtube.com/watch?v=Bu2G3-WFIAM,0,1844,0,0,UCcROxwq_GajcurqLI7zGFfw,Lang Thang thành phố Nam Định,
Nam Dinh,,20.424037,106.171527,bC2mLBaqDfU,https://www.youtube.com/watch?v=bC2mLBaqDfU,0,647,0,0,UCcROxwq_GajcurqLI7zGFfw,đường phố Nam Định mùa Hè năm 2021,
Nam Dinh,,20.424037,106.171527,bC2mLBaqDfU,https://www.youtube.com/watch?v=bC2mLBaqDfU,728,771,0,0,UCcROxwq_GajcurqLI7zGFfw,đường phố Nam Định mùa Hè năm 2021,
Nam Dinh,,20.424037,106.171527,9K2n7TJA4m8,https://www.youtube.com/watch?v=9K2n7TJA4m8,0,994,0,0,UCcROxwq_GajcurqLI7zGFfw,Thành Phố Nam Định Nồm Ẩm,
Nam Dinh,,20.424037,106.171527,9K2n7TJA4m8,https://www.youtube.com/watch?v=9K2n7TJA4m8,995,1162,0,0,UCcROxwq_GajcurqLI7zGFfw,Thành Phố Nam Định Nồm Ẩm,
Nam Dinh,,20.424037,106.171527,9K2n7TJA4m8,https://www.youtube.com/watch?v=9K2n7TJA4m8,1354,3496,0,0,UCcROxwq_GajcurqLI7zGFfw,Thành Phố Nam Định Nồm Ẩm,
Nam Dinh,,20.424037,106.171527,HeO8NiwjfrQ,https://www.youtube.com/watch?v=HeO8NiwjfrQ,0,559,0,0,UCcROxwq_GajcurqLI7zGFfw,"loanh quanh trong thành phố Nam Định, mùa Hè năm 2021 mùa Covid",
Nam Dinh,,20.424037,106.171527,HeO8NiwjfrQ,https://www.youtube.com/watch?v=HeO8NiwjfrQ,573,1606,0,0,UCcROxwq_GajcurqLI7zGFfw,"loanh quanh trong thành phố Nam Định, mùa Hè năm 2021 mùa Covid",
Nam Dinh,,20.424037,106.171527,HeO8NiwjfrQ,https://www.youtube.com/watch?v=HeO8NiwjfrQ,1607,1998,0,0,UCcROxwq_GajcurqLI7zGFfw,"loanh quanh trong thành phố Nam Định, mùa Hè năm 2021 mùa Covid",
Nam Dinh,,20.424037,106.171527,wldy6G4m4G0,https://www.youtube.com/watch?v=wldy6G4m4G0,0,2229,0,0,UCcROxwq_GajcurqLI7zGFfw,Mưa Quốc lộ 10 đến Nam Định,rain
Nam Dinh,,20.424037,106.171527,uwS5wbxJGFQ,https://www.youtube.com/watch?v=uwS5wbxJGFQ,0,341,0,0,UCcROxwq_GajcurqLI7zGFfw,Thành phố Nam Định giáp Tết Quý Mão,tet/holiday
Nam Dinh,,20.424037,106.171527,uwS5wbxJGFQ,https://www.youtube.com/watch?v=uwS5wbxJGFQ,1055,1469,0,0,UCcROxwq_GajcurqLI7zGFfw,Thành phố Nam Định giáp Tết Quý Mão,tet/holiday
Nam Dinh,,20.424037,106.171527,34Pdda6lZXg,https://www.youtube.com/watch?v=34Pdda6lZXg,0,789,0,0,UCcROxwq_GajcurqLI7zGFfw,đường từ Nam Định đến Hà Nội,
Nam Dinh,,20.424037,106.171527,zMWmN0fjHiU,https://www.youtube.com/watch?v=zMWmN0fjHiU,0,1014,0,0,UCcROxwq_GajcurqLI7zGFfw,Loanh quanh Nam Định,
Nam Dinh,,20.424037,106.171527,zMWmN0fjHiU,https://www.youtube.com/watch?v=zMWmN0fjHiU,1404,3440,0,0,UCcROxwq_GajcurqLI7zGFfw,Loanh quanh Nam Định,
Nam Dinh,,20.424037,106.171527,zMWmN0fjHiU,https://www.youtube.com/watch?v=zMWmN0fjHiU,3869,4316,0,0,UCcROxwq_GajcurqLI7zGFfw,Loanh quanh Nam Định,
Nam Dinh,,20.424037,106.171527,ztFrTCxYPkw,https://www.youtube.com/watch?v=ztFrTCxYPkw,5,1167,0,0,UCcROxwq_GajcurqLI7zGFfw,ngày Mưa Ướt Át Thành Nam Lướt Thướt! năm 2022,rain
Nam Dinh,,20.424037,106.171527,mm3O6J5V2OE,https://www.youtube.com/watch?v=mm3O6J5V2OE,0,559,0,0,UCcROxwq_GajcurqLI7zGFfw,thành phố Nam Định thân yêu ngày cận Tết Nhâm Dần (P),tet/holiday
Nam Dinh,,20.424037,106.171527,mm3O6J5V2OE,https://www.youtube.com/watch?v=mm3O6J5V2OE,1248,2244,0,0,UCcROxwq_GajcurqLI7zGFfw,thành phố Nam Định thân yêu ngày cận Tết Nhâm Dần (P),tet/holiday
Nam Dinh,,20.424037,106.171527,GEx3DuNhgUs,https://www.youtube.com/watch?v=GEx3DuNhgUs,0,702,0,0,UCcROxwq_GajcurqLI7zGFfw,"xung quanh khu Đền Trần thành phố Nam Định, năm 2021",
Nam Dinh,,20.424037,106.171527,nUfvcUPhRFg,https://www.youtube.com/watch?v=nUfvcUPhRFg,0,531,0,0,UCcROxwq_GajcurqLI7zGFfw,"đường vào trung tâm thành phố Nam Định, năm 2021",
Nam Dinh,,20.424037,106.171527,AiHurt0E5Lw,https://www.youtube.com/watch?v=AiHurt0E5Lw,0,1137,0,0,UCcROxwq_GajcurqLI7zGFfw,"đường phố Nam Định thời Covid, tháng 12 năm 2021",
Nam Dinh,,20.424037,106.171527,VU5pYJ-dMIk,https://www.youtube.com/watch?v=VU5pYJ-dMIk,0,1661,0,0,UCcROxwq_GajcurqLI7zGFfw,"thành phố Nam Định thân yêu, thời Covid tháng 12 năm 2021",
Nam Dinh,,20.424037,106.171527,8WCBtRlf4fA,https://www.youtube.com/watch?v=8WCBtRlf4fA,0,2800,0,0,UCcROxwq_GajcurqLI7zGFfw,"thành phố Nam Định bình tĩnh thích ứng với tình hình Dịch mới, tháng 12 năm 2021",
Nam Dinh,,20.424037,106.171527,8hfT_lGNF1E,https://www.youtube.com/watch?v=8hfT_lGNF1E,0,1244,0,0,UCcROxwq_GajcurqLI7zGFfw,"thành phố Nam Định, tháng 7 năm 2021",
Nam Dinh,,20.424037,106.171527,T2Tg4cD-NdM,https://www.youtube.com/watch?v=T2Tg4cD-NdM,17,109,0,0,UCcROxwq_GajcurqLI7zGFfw,"ĐƯỜNG TRONG THÀNH PHỐ NAM ĐỊNH ĐẦU NĂM TÂN SỬU, THỜI COVID 2021",
Nam Dinh,,20.424037,106.171527,T2Tg4cD-NdM,https://www.youtube.com/watch?v=T2Tg4cD-NdM,164,393,0,0,UCcROxwq_GajcurqLI7zGFfw,"ĐƯỜNG TRONG THÀNH PHỐ NAM ĐỊNH ĐẦU NĂM TÂN SỬU, THỜI COVID 2021",
Nam Dinh,,20.424037,106.171527,ectyQg2fTV0,https://www.youtube.com/watch?v=ectyQg2fTV0,0,531,0,0,UCcROxwq_GajcurqLI7zGFfw,đường vào Nam Định,
Nam Dinh,,20.424037,106.171527,FiloH5znQvE,https://www.youtube.com/watch?v=FiloH5znQvE,0,531,0,0,UCcROxwq_GajcurqLI7zGFfw,ĐƯỜNG VÀO THÀNH PHỐ NAM ĐỊNH,
Nam Dinh,,20.424037,106.171527,6QxJag3Ov-s,https://www.youtube.com/watch?v=6QxJag3Ov-s,0,531,0,0,UCcROxwq_GajcurqLI7zGFfw,"Phía bên kia sông Đào, thành phố Nam Định",
Nam Dinh,,20.424037,106.171527,AaNg-E-8RNU,https://www.youtube.com/watch?v=AaNg-E-8RNU,0,530,0,0,UCcROxwq_GajcurqLI7zGFfw,"qua các Xã thuộc huyện Nghĩa Hưng, Nam Định năm 2021 thời Covid",
Nam Dinh,,20.424037,106.171527,88OZhr3QSDQ,https://www.youtube.com/watch?v=88OZhr3QSDQ,0,510,0,0,UCcROxwq_GajcurqLI7zGFfw,"Huyện Nghĩa Hưng, Nam Định đầu năm 2021",
Nam Dinh,,20.424037,106.171527,NH3yPg1gQGU,https://www.youtube.com/watch?v=NH3yPg1gQGU,0,530,0,0,UCcROxwq_GajcurqLI7zGFfw,"đường liên Xã ở Nam Định, năm 2021",
Nam Dinh,,20.424037,106.171527,-7XntXC2RT0,https://www.youtube.com/watch?v=-7XntXC2RT0,0,513,0,0,UCcROxwq_GajcurqLI7zGFfw,"đường đến chợ Viềng huyện Vụ Bản, Nam Định năm 2021 thời Covid",
Nam Dinh,,20.424037,106.171527,kHcgmHe4hJY,https://www.youtube.com/watch?v=kHcgmHe4hJY,0,422,0,0,UCcROxwq_GajcurqLI7zGFfw,"đường vào thành phố Nam Định, ngày đầu năm Tân Sửu (2021)",
Nam Dinh,,20.424037,106.171527,qFdilrdF_gY,https://www.youtube.com/watch?v=qFdilrdF_gY,0,461,0,0,UCcROxwq_GajcurqLI7zGFfw,bên kia sông Đào của thành phố Nam Định,
Nam Dinh,,20.424037,106.171527,X66KlUcC2cM,https://www.youtube.com/watch?v=X66KlUcC2cM,0,531,0,0,UCcROxwq_GajcurqLI7zGFfw,"THÀNH PHỐ NAM ĐỊNH ĐẦU NĂM TÂN SỬU, THỜI COVID 2021",
Nam Dinh,,20.424037,106.171527,zRChmSNlRr4,https://www.youtube.com/watch?v=zRChmSNlRr4,0,530,0,0,UCcROxwq_GajcurqLI7zGFfw,"QUỐC LỘ 10 CŨ ĐOẠN, ĐI TỪ HƯỚNG NINH BÌNH VÀO THÀNH PHỐ NAM ĐỊNH",
Nam Dinh,,20.424037,106.171527,MyighJ4Khso,https://www.youtube.com/watch?v=MyighJ4Khso,0,472,0,0,UCcROxwq_GajcurqLI7zGFfw,LEN LỎI QUA NHỮNG NẺO ĐƯỜNG THUỘC CÁC HUYỆN Ở NAM ĐỊNH,
Nam Dinh,,20.424037,106.171527,bQN3fWynE-E,https://www.youtube.com/watch?v=bQN3fWynE-E,0,946,0,0,UCcROxwq_GajcurqLI7zGFfw,"LOANH QUANH CHỢ VIỀNG VỤ BẢN, HỘI PHỦ DẦY NAM ĐỊNH THỜI COVID 2021...",
Nam Dinh,,20.424037,106.171527,kEKharmZ4TI,https://www.youtube.com/watch?v=kEKharmZ4TI,0,298,0,0,UCcROxwq_GajcurqLI7zGFfw,NHIỀU NHÀ THỜ ĐẸP Ở CÁC HUYỆN VEN BIỂN NAM ĐỊNH,
Nam Dinh,,20.424037,106.171527,ShkCtCJGUPQ,https://www.youtube.com/watch?v=ShkCtCJGUPQ,0,531,0,0,UCcROxwq_GajcurqLI7zGFfw,NHỮNG NẺO ĐƯỜNG NGANG DỌC CÁC HUYỆN Ở NAM ĐỊNH,
Nam Dinh,,20.424037,106.171527,NThKn9y0LjM,https://www.youtube.com/watch?v=NThKn9y0LjM,0,531,0,0,UCcROxwq_GajcurqLI7zGFfw,XUYÊN QUA MỘT CON PHỐ (HẺM) NHỎ NHẤT THÀNH PHỐ NAM ĐỊNH...,
Nam Dinh,,20.424037,106.171527,9_UlqyH_EIY,https://www.youtube.com/watch?v=9_UlqyH_EIY,0,531,0,0,UCcROxwq_GajcurqLI7zGFfw,NHỮNG NẺO ĐƯỜNG NGANG DỌC CÁC HUYỆN Ở NAM ĐỊNH,
Nam Dinh,,20.424037,106.171527,k_zK7dQt6Tc,https://www.youtube.com/watch?v=k_zK7dQt6Tc,0,531,0,0,UCcROxwq_GajcurqLI7zGFfw,"LOANH QUANH TRONG THÀNH PHỐ NAM ĐỊNH ĐẦU NĂM TÂN SỬU, THỜI COVID 2021",
Nam Dinh,,20.424037,106.171527,yCdb9Pga17Y,https://www.youtube.com/watch?v=yCdb9Pga17Y,0,381,0,0,UCcROxwq_GajcurqLI7zGFfw,"LOANH QUANH TRONG THÀNH PHỐ NAM ĐỊNH ĐẦU NĂM TÂN SỬU, THỜI COVID 2021",
Nam Dinh,,20.424037,106.171527,6TQR_sC0fKE,https://www.youtube.com/watch?v=6TQR_sC0fKE,0,531,0,0,UCcROxwq_GajcurqLI7zGFfw,"LOANH QUANH TRONG THÀNH PHỐ NAM ĐỊNH ĐẦU NĂM TÂN SỬU, THỜI COVID 2021",
Nam Dinh,,20.424037,106.171527,K60CKOentlY,https://www.youtube.com/watch?v=K60CKOentlY,0,531,0,0,UCcROxwq_GajcurqLI7zGFfw,"NAM ĐỊNH NGÀY TRƯỚC TẾT TÂN SỬU NĂM 2021, THỜI COVID",tet/holiday
Nam Dinh,,20.424037,106.171527,na-PHMLN45o,https://www.youtube.com/watch?v=na-PHMLN45o,0,531,0,0,UCcROxwq_GajcurqLI7zGFfw,"NAM ĐỊNH NGÀY TRƯỚC TẾT TÂN SỬU NĂM 2021, THỜI COVID",tet/holiday
Nam Dinh,,20.424037,106.171527,WWBDxyMRN48,https://www.youtube.com/watch?v=WWBDxyMRN48,0,480,0,0,UCcROxwq_GajcurqLI7zGFfw,NAM ĐỊNH ƠI (NĂM 2019),
Nam Dinh,,20.424037,106.171527,el_WZLxPIHE,https://www.youtube.com/watch?v=el_WZLxPIHE,0,438,0,0,UCcROxwq_GajcurqLI7zGFfw,NAM ĐỊNH ƠI,
Nam Dinh,,20.424037,106.171527,UjcJCKt8ObM,https://www.youtube.com/watch?v=UjcJCKt8ObM,0,498,0,0,UCcROxwq_GajcurqLI7zGFfw,NAM ĐỊNH ƠI (NĂM 2019),
Nam Dinh,,20.424037,106.171527,9jH0pJaJIQg,https://www.youtube.com/watch?v=9jH0pJaJIQg,22,136,0,0,UCcROxwq_GajcurqLI7zGFfw,"VỀ LẠI PHỐ XƯA, HÀNG THIẾC NAM ĐỊNH",
Nam Dinh,,20.424037,106.171527,_Nqpx4OsBfA,https://www.youtube.com/watch?v=_Nqpx4OsBfA,0,151,0,0,UCcROxwq_GajcurqLI7zGFfw,PHỐ HÀNG THIẾC (HAI BÀ TRƯNG) THÀNH PHỐ NAM ĐỊNH,
Nam Dinh,,20.424037,106.171527,Y60-Or5s7NE,https://www.youtube.com/watch?v=Y60-Or5s7NE,0,438,0,0,UCcROxwq_GajcurqLI7zGFfw,NAM ĐỊNH ƠI (NĂM 2019),
Nam Dinh,,20.424037,106.171527,Of-qqbjxNYY,https://www.youtube.com/watch?v=Of-qqbjxNYY,0,531,0,0,UCcROxwq_GajcurqLI7zGFfw,NAM ĐỊNH ƠI (NĂM 2019),
Nam Dinh,,20.424037,106.171527,Rd33BCWS9as,https://www.youtube.com/watch?v=Rd33BCWS9as,0,439,0,0,UCcROxwq_GajcurqLI7zGFfw,NAM ĐỊNH ƠI (NĂM 2019),
Nam Dinh,,20.424037,106.171527,Xyi4EY1u4XU,https://www.youtube.com/watch?v=Xyi4EY1u4XU,0,531,0,0,UCcROxwq_GajcurqLI7zGFfw,NAM ĐỊNH ƠI...,
Nam Dinh,,20.424037,106.171527,1IGBFG3EviI,https://www.youtube.com/watch?v=1IGBFG3EviI,0,530,0,0,UCcROxwq_GajcurqLI7zGFfw,NAM ĐỊNH ƠI (NĂM 2019),
Nam Dinh,,20.424037,106.171527,oXCQHXQ37RE,https://www.youtube.com/watch?v=oXCQHXQ37RE,0,106,0,0,UCcROxwq_GajcurqLI7zGFfw,Nhà máy Thuỷ Tinh Nam Định không còn hoạt động nữa!!,
Nam Dinh,,20.424037,106.171527,oXCQHXQ37RE,https://www.youtube.com/watch?v=oXCQHXQ37RE,289,455,0,0,UCcROxwq_GajcurqLI7zGFfw,Nhà máy Thuỷ Tinh Nam Định không còn hoạt động nữa!!,
Nam Dinh,,20.424037,106.171527,_xixse0YinA,https://www.youtube.com/watch?v=_xixse0YinA,0,477,1,0,UCcROxwq_GajcurqLI7zGFfw,NAM ĐỊNH ƠI (NĂM 2019),night(label)
Nam Dinh,,20.424037,106.171527,10nBjJ9WXmM,https://www.youtube.com/watch?v=10nBjJ9WXmM,0,530,1,0,UCcROxwq_GajcurqLI7zGFfw,NAM ĐỊNH ƠI (NĂM 2019),night(label)
Nam Dinh,,20.424037,106.171527,6pBfP41ygOw,https://www.youtube.com/watch?v=6pBfP41ygOw,0,531,0,0,UCcROxwq_GajcurqLI7zGFfw,NAM ĐỊNH ƠI (NĂM 2019),
Nam Dinh,,20.424037,106.171527,1iF6L-iA5vI,https://www.youtube.com/watch?v=1iF6L-iA5vI,0,531,1,0,UCcROxwq_GajcurqLI7zGFfw,NAM ĐỊNH ƠI (NĂM 2019),night(label)
Nam Dinh,,20.424037,106.171527,mvL4Lofrdwo,https://www.youtube.com/watch?v=mvL4Lofrdwo,0,397,0,0,UCcROxwq_GajcurqLI7zGFfw,NAM ĐỊNH ƠI...,
Nam Dinh,,20.424037,106.171527,1MOt_oqFapE,https://www.youtube.com/watch?v=1MOt_oqFapE,0,530,0,0,UCcROxwq_GajcurqLI7zGFfw,NAM ĐỊNH ƠI (NĂM 2019),
Nam Dinh,,20.424037,106.171527,-6wTGM62Mqc,https://www.youtube.com/watch?v=-6wTGM62Mqc,45,531,1,0,UCcROxwq_GajcurqLI7zGFfw,NAM ĐỊNH ƠI (NĂM 2019),night(label)
Nam Dinh,,20.424037,106.171527,dEXgxrLSzrI,https://www.youtube.com/watch?v=dEXgxrLSzrI,0,531,0,0,UCcROxwq_GajcurqLI7zGFfw,NAM ĐỊNH ƠI (NĂM 2019),
Nam Dinh,,20.424037,106.171527,-vipH0Dc7o4,https://www.youtube.com/watch?v=-vipH0Dc7o4,14,531,0,0,UCcROxwq_GajcurqLI7zGFfw,NAM ĐỊNH ƠI...,
Nam Dinh,,20.424037,106.171527,lNHPMwbxok0,https://www.youtube.com/watch?v=lNHPMwbxok0,0,531,0,0,UCcROxwq_GajcurqLI7zGFfw,NAM ĐỊNH ƠI (NĂM 2019),
Nam Dinh,,20.424037,106.171527,yANqWPuDBZU,https://www.youtube.com/watch?v=yANqWPuDBZU,0,531,0,0,UCcROxwq_GajcurqLI7zGFfw,NAM ĐỊNH ƠI (NĂM 2019),
Nam Dinh,,20.424037,106.171527,Ht9mS84-GXs,https://www.youtube.com/watch?v=Ht9mS84-GXs,0,436,0,0,UCcROxwq_GajcurqLI7zGFfw,NAM ĐỊNH ƠI...,
Nam Dinh,,20.424037,106.171527,qfdrsybWxiE,https://www.youtube.com/watch?v=qfdrsybWxiE,0,389,0,0,UCcROxwq_GajcurqLI7zGFfw,NAM ĐỊNH ƠI (NĂM 2019),
Nam Dinh,,20.424037,106.171527,BPdK7ozXsRg,https://www.youtube.com/watch?v=BPdK7ozXsRg,0,512,0,0,UCcROxwq_GajcurqLI7zGFfw,TẠM BIỆT NAM ĐỊNH,
Nam Dinh,,20.424037,106.171527,my7K4QWISL8,https://www.youtube.com/watch?v=my7K4QWISL8,0,729,0,0,UCcROxwq_GajcurqLI7zGFfw,NAM ĐỊNH ƠI (NĂM 2019),
Nam Dinh,,20.424037,106.171527,BbSYb4ziyR4,https://www.youtube.com/watch?v=BbSYb4ziyR4,0,180,0,0,UCcROxwq_GajcurqLI7zGFfw,NAM ĐỊNH ƠI (NĂM 2019),
Nam Dinh,,20.424037,106.171527,BbSYb4ziyR4,https://www.youtube.com/watch?v=BbSYb4ziyR4,181,433,0,0,UCcROxwq_GajcurqLI7zGFfw,NAM ĐỊNH ƠI (NĂM 2019),
Nam Dinh,,20.424037,106.171527,BbSYb4ziyR4,https://www.youtube.com/watch?v=BbSYb4ziyR4,434,509,0,0,UCcROxwq_GajcurqLI7zGFfw,NAM ĐỊNH ƠI (NĂM 2019),
Nam Dinh,,20.424037,106.171527,_Lc74By9nFM,https://www.youtube.com/watch?v=_Lc74By9nFM,0,649,0,0,UCcROxwq_GajcurqLI7zGFfw,NAM ĐỊNH ƠI (NĂM 2019),
Nam Dinh,,20.424037,106.171527,xunxwDMFmWQ,https://www.youtube.com/watch?v=xunxwDMFmWQ,0,443,0,0,UCcROxwq_GajcurqLI7zGFfw,NAM ĐỊNH ƠI (NĂM 2019),
Nam Dinh,,20.424037,106.171527,1l7oPPgpDaQ,https://www.youtube.com/watch?v=1l7oPPgpDaQ,0,575,0,0,UCcROxwq_GajcurqLI7zGFfw,Đường đến Đền Trần Nam Định,
Nam Dinh,,20.424037,106.171527,1l7oPPgpDaQ,https://www.youtube.com/watch?v=1l7oPPgpDaQ,576,741,0,0,UCcROxwq_GajcurqLI7zGFfw,Đường đến Đền Trần Nam Định,
Nam Dinh,,20.424037,106.171527,eaRzh-5JhJY,https://www.youtube.com/watch?v=eaRzh-5JhJY,0,380,0,0,UCcROxwq_GajcurqLI7zGFfw,NAM ĐỊNH ƠI (NĂM 2019),
Nam Dinh,,20.424037,106.171527,Qi1bEo9WobU,https://www.youtube.com/watch?v=Qi1bEo9WobU,0,65,0,0,UCcROxwq_GajcurqLI7zGFfw,Huyện Vụ Bản Nam Định,
Nam Dinh,,20.424037,106.171527,Qi1bEo9WobU,https://www.youtube.com/watch?v=Qi1bEo9WobU,66,90,0,0,UCcROxwq_GajcurqLI7zGFfw,Huyện Vụ Bản Nam Định,
Nam Dinh,,20.424037,106.171527,Qi1bEo9WobU,https://www.youtube.com/watch?v=Qi1bEo9WobU,90,149,0,0,UCcROxwq_GajcurqLI7zGFfw,Huyện Vụ Bản Nam Định,
Nam Dinh,,20.424037,106.171527,Qi1bEo9WobU,https://www.youtube.com/watch?v=Qi1bEo9WobU,150,171,0,0,UCcROxwq_GajcurqLI7zGFfw,Huyện Vụ Bản Nam Định,
Nam Dinh,,20.424037,106.171527,Qi1bEo9WobU,https://www.youtube.com/watch?v=Qi1bEo9WobU,172,204,0,0,UCcROxwq_GajcurqLI7zGFfw,Huyện Vụ Bản Nam Định,
Nam Dinh,,20.424037,106.171527,Qi1bEo9WobU,https://www.youtube.com/watch?v=Qi1bEo9WobU,205,252,0,0,UCcROxwq_GajcurqLI7zGFfw,Huyện Vụ Bản Nam Định,
Nam Dinh,,20.424037,106.171527,Qi1bEo9WobU,https://www.youtube.com/watch?v=Qi1bEo9WobU,260,325,0,0,UCcROxwq_GajcurqLI7zGFfw,Huyện Vụ Bản Nam Định,
Nam Dinh,,20.424037,106.171527,Qi1bEo9WobU,https://www.youtube.com/watch?v=Qi1bEo9WobU,326,462,0,0,UCcROxwq_GajcurqLI7zGFfw,Huyện Vụ Bản Nam Định,
Nam Dinh,,20.424037,106.171527,mLs1d5RvFSA,https://www.youtube.com/watch?v=mLs1d5RvFSA,0,382,0,0,UCcROxwq_GajcurqLI7zGFfw,HUYỆN VỤ BẢN NAM ĐỊNH,
Nam Dinh,,20.424037,106.171527,baQNcs4kLdc,https://www.youtube.com/watch?v=baQNcs4kLdc,0,762,0,0,UCcROxwq_GajcurqLI7zGFfw,Nam Định ơi (044) Quất Lâm,
Nam Dinh,,20.424037,106.171527,BIG9bX4CQWI,https://www.youtube.com/watch?v=BIG9bX4CQWI,0,501,0,0,UCcROxwq_GajcurqLI7zGFfw,ĐƯỜNG LIÊN HUYỆN Ở NAM ĐINH 2019,
Nam Dinh,,20.424037,106.171527,MxfvH8JMrDs,https://www.youtube.com/watch?v=MxfvH8JMrDs,0,186,0,0,UCcROxwq_GajcurqLI7zGFfw,Xuyên Việt (080) Xuân Trường Nam Định,
Nam Dinh,,20.424037,106.171527,MxfvH8JMrDs,https://www.youtube.com/watch?v=MxfvH8JMrDs,187,449,0,0,UCcROxwq_GajcurqLI7zGFfw,Xuyên Việt (080) Xuân Trường Nam Định,
Nam Dinh,,20.424037,106.171527,6fI9Vre8N1Q,https://www.youtube.com/watch?v=6fI9Vre8N1Q,0,402,0,0,UCcROxwq_GajcurqLI7zGFfw,Xuyên Việt (077) qua Xuân Trường Nam Định,
Nam Dinh,,20.424037,106.171527,3gO7tKI3Azo,https://www.youtube.com/watch?v=3gO7tKI3Azo,0,530,0,0,UCcROxwq_GajcurqLI7zGFfw,Nam Định ơi (025) Quốc Lộ về Hà Nội,
Nam Dinh,,20.424037,106.171527,03iW0MxPlV4,https://www.youtube.com/watch?v=03iW0MxPlV4,0,1137,0,0,UCcROxwq_GajcurqLI7zGFfw,Quốc lộ 10 vào tp. Nam Định (24 1284),
Nam Dinh,,20.424037,106.171527,cu4BOeFgFAY,https://www.youtube.com/watch?v=cu4BOeFgFAY,0,1234,0,0,UCcROxwq_GajcurqLI7zGFfw,Tp. Nam Định năm 2026 [26 02],
Nam Dinh,,20.424037,106.171527,6105ti75c7Y,https://www.youtube.com/watch?v=6105ti75c7Y,0,2171,0,0,UCcROxwq_GajcurqLI7zGFfw,xã Rạng Đông Nghĩa Hưng (Nam Định) và địa phận Cồn Thoi (Ninh Bình) đầu năm 2026 [26 08],
Nam Dinh,,20.424037,106.171527,PCUDqTBUrAE,https://www.youtube.com/watch?v=PCUDqTBUrAE,0,668,0,0,UCcROxwq_GajcurqLI7zGFfw,"Cảnh Bãi Biển Thịnh Long Nam Định đang phải nâng cấp sau Bão, để đón Khách mùa Hè [25 42]",rain
Ca Mau,,9.175991,105.150836,2PtqUYgboys,https://www.youtube.com/watch?v=2PtqUYgboys,0,1730,0,0,UCcROxwq_GajcurqLI7zGFfw,"Thành phố Cà Mau, mảnh Đất tận cùng phía Nam tổ quốc tôi [25 12614]",
Ca Mau,,9.175991,105.150836,dDsVXxYs-oo,https://www.youtube.com/watch?v=dDsVXxYs-oo,0,2369,0,0,UCcROxwq_GajcurqLI7zGFfw,"Thành phố Cà Mau, mảnh Đất phía Nam xa nhất của Tổ quốc tôi [25 1268]",
Ca Mau,,9.175991,105.150836,HaaXsXl7gyI,https://www.youtube.com/watch?v=HaaXsXl7gyI,0,2178,0,0,UCcROxwq_GajcurqLI7zGFfw,"Thành phố Cà Mau, mảnh Đất phía Nam xa nhất của Tổ quốc tôi [25 1267]",
Ca Mau,,9.175991,105.150836,KnvPMblJf2Q,https://www.youtube.com/watch?v=KnvPMblJf2Q,0,4131,1,0,UCcROxwq_GajcurqLI7zGFfw,Ca Mau By Night [25 1261],night
Ca Mau,,9.175991,105.150836,zIE1n-tLBcs,https://www.youtube.com/watch?v=zIE1n-tLBcs,0,3490,0,0,UCcROxwq_GajcurqLI7zGFfw,Cà Mau ơi không xa lắm ... [25 1262],
Ninh Binh,,20.2421142,105.9746207,is3CmTQONpY,https://www.youtube.com/watch?v=is3CmTQONpY,0,1281,0,0,UCcROxwq_GajcurqLI7zGFfw,"Đại Lộ Dài và Đẹp Nhất Tam Điệp, Ninh Bình [26 36]",
Ninh Binh,,20.2421142,105.9746207,16AGEGgP6ic,https://www.youtube.com/watch?v=16AGEGgP6ic,0,460,0,0,UCcROxwq_GajcurqLI7zGFfw,Giao Thông Giờ Cao Điểm ở tp Ninh Bình [26 02],rush/jam
Ninh Binh,,20.2421142,105.9746207,eshytuIGMpE,https://www.youtube.com/watch?v=eshytuIGMpE,0,1217,0,0,UCcROxwq_GajcurqLI7zGFfw,giá như 2 Đèn đường áp dụng AI thì không ùn 15 phút !?  [26 03],
Ninh Binh,,20.2421142,105.9746207,2QRAN8FFHpU,https://www.youtube.com/watch?v=2QRAN8FFHpU,0,1927,0,0,UCcROxwq_GajcurqLI7zGFfw,Đường từ tp. Ninh Bình đến Yên Khánh đến Kim Sơn (24 1285),
Ninh Binh,,20.2421142,105.9746207,jmiZ8kcgqIs,https://www.youtube.com/watch?v=jmiZ8kcgqIs,0,40,0,0,UCcROxwq_GajcurqLI7zGFfw,Phát Diệm Ninh Bình năm 2026 [26 36],
Ninh Binh,,20.2421142,105.9746207,tw0hfildTRw,https://www.youtube.com/watch?v=tw0hfildTRw,12,271,0,0,UCcROxwq_GajcurqLI7zGFfw,CHUYỂN ĐỘNG NINH BÌNH NĂM 2023,
Ninh Binh,,20.2421142,105.9746207,tw0hfildTRw,https://www.youtube.com/watch?v=tw0hfildTRw,637,878,0,0,UCcROxwq_GajcurqLI7zGFfw,CHUYỂN ĐỘNG NINH BÌNH NĂM 2023,
Ninh Binh,,20.2421142,105.9746207,tw0hfildTRw,https://www.youtube.com/watch?v=tw0hfildTRw,1054,1267,0,0,UCcROxwq_GajcurqLI7zGFfw,CHUYỂN ĐỘNG NINH BÌNH NĂM 2023,
Ninh Binh,,20.2421142,105.9746207,tw0hfildTRw,https://www.youtube.com/watch?v=tw0hfildTRw,1534,2166,0,0,UCcROxwq_GajcurqLI7zGFfw,CHUYỂN ĐỘNG NINH BÌNH NĂM 2023,
Ninh Binh,,20.2421142,105.9746207,9Qow3VkmOy0,https://www.youtube.com/watch?v=9Qow3VkmOy0,245,1002,0,0,UCcROxwq_GajcurqLI7zGFfw,Ninh Bình năm 2025 [25 7517],
Ninh Binh,,20.2421142,105.9746207,JFUbwBS3qvo,https://www.youtube.com/watch?v=JFUbwBS3qvo,0,3883,0,0,UCcROxwq_GajcurqLI7zGFfw,Thành phố Ninh Bình tháng 11 năm 2025 [25 1181],
Ninh Binh,,20.2421142,105.9746207,xR3wZLCQlO8,https://www.youtube.com/watch?v=xR3wZLCQlO8,0,3043,0,0,UCcROxwq_GajcurqLI7zGFfw,Cổ Lễ Hải Hậu Nam Định (Ninh Bình) năm 2025 [25 799],
Ninh Binh,,20.2421142,105.9746207,EOtpG10OXUc,https://www.youtube.com/watch?v=EOtpG10OXUc,0,36,0,0,UCcROxwq_GajcurqLI7zGFfw,Ninh Bình Kim Sơn năm 2025 [25 579],
Ninh Binh,,20.2421142,105.9746207,EOtpG10OXUc,https://www.youtube.com/watch?v=EOtpG10OXUc,336,1345,0,0,UCcROxwq_GajcurqLI7zGFfw,Ninh Bình Kim Sơn năm 2025 [25 579],
Ninh Binh,,20.2421142,105.9746207,VNVTaPCl_P4,https://www.youtube.com/watch?v=VNVTaPCl_P4,0,991,0,0,UCcROxwq_GajcurqLI7zGFfw,Kim Sơn mùa Thu năm 2025 [25 9212],
Ninh Binh,,20.2421142,105.9746207,2E0WbqC7Jlo,https://www.youtube.com/watch?v=2E0WbqC7Jlo,0,93,0,0,UCcROxwq_GajcurqLI7zGFfw,Kim Sơn Phát Diệm năm 2025 [25 414],
Ninh Binh,,20.2421142,105.9746207,2E0WbqC7Jlo,https://www.youtube.com/watch?v=2E0WbqC7Jlo,582,672,0,0,UCcROxwq_GajcurqLI7zGFfw,Kim Sơn Phát Diệm năm 2025 [25 414],
Ninh Binh,,20.2421142,105.9746207,2E0WbqC7Jlo,https://www.youtube.com/watch?v=2E0WbqC7Jlo,1073,1172,0,0,UCcROxwq_GajcurqLI7zGFfw,Kim Sơn Phát Diệm năm 2025 [25 414],
Ninh Binh,,20.2421142,105.9746207,2E0WbqC7Jlo,https://www.youtube.com/watch?v=2E0WbqC7Jlo,1735,2021,0,0,UCcROxwq_GajcurqLI7zGFfw,Kim Sơn Phát Diệm năm 2025 [25 414],
Ninh Binh,,20.2421142,105.9746207,2E0WbqC7Jlo,https://www.youtube.com/watch?v=2E0WbqC7Jlo,2201,2504,0,0,UCcROxwq_GajcurqLI7zGFfw,Kim Sơn Phát Diệm năm 2025 [25 414],
Ninh Binh,,20.2421142,105.9746207,S04O2nY8AZE,https://www.youtube.com/watch?v=S04O2nY8AZE,0,423,0,0,UCcROxwq_GajcurqLI7zGFfw,"KIM SƠN PHÁT DIỆM, THÁNG 3 NĂM 2021",
Ninh Binh,,20.2421142,105.9746207,6Wfj1Uznbhk,https://www.youtube.com/watch?v=6Wfj1Uznbhk,0,2022,0,0,UCcROxwq_GajcurqLI7zGFfw,Kim Sơn Phát Diệm Ninh Bình năm 2025 [25 536],
Ninh Binh,,20.2421142,105.9746207,7iafv8ElZa4,https://www.youtube.com/watch?v=7iafv8ElZa4,0,1326,0,0,UCcROxwq_GajcurqLI7zGFfw,KIm Sơn Phát Diệm năm 2025 [25 465],
Ninh Binh,,20.2421142,105.9746207,USZnSBndadE,https://www.youtube.com/watch?v=USZnSBndadE,0,1547,0,0,UCcROxwq_GajcurqLI7zGFfw,Ninh Bình ngày Mùa Thu [25 10212],
Ninh Binh,,20.2421142,105.9746207,USZnSBndadE,https://www.youtube.com/watch?v=USZnSBndadE,1643,2024,0,0,UCcROxwq_GajcurqLI7zGFfw,Ninh Bình ngày Mùa Thu [25 10212],
Ninh Binh,,20.2421142,105.9746207,FNYahf36wNw,https://www.youtube.com/watch?v=FNYahf36wNw,33,723,0,0,UCcROxwq_GajcurqLI7zGFfw,Ninh Bình Kim Sơn có gì Lạ [25 662],
Ninh Binh,,20.2421142,105.9746207,4sGjKTYSwVQ,https://www.youtube.com/watch?v=4sGjKTYSwVQ,969,2552,0,0,UCcROxwq_GajcurqLI7zGFfw,đến Ninh Bình tháng 10 năm 2021 mùa Covid,
Ninh Binh,,20.2421142,105.9746207,2EapYZESzP0,https://www.youtube.com/watch?v=2EapYZESzP0,0,697,0,0,UCcROxwq_GajcurqLI7zGFfw,Kim Sơn Ninh Bình [25 0208],
Ninh Binh,,20.2421142,105.9746207,7huzILCjyyY,https://www.youtube.com/watch?v=7huzILCjyyY,0,1772,0,0,UCcROxwq_GajcurqLI7zGFfw,Kim Sơn Phát Diệm năm 2025 [25 388],
Ninh Binh,,20.2421142,105.9746207,7huzILCjyyY,https://www.youtube.com/watch?v=7huzILCjyyY,2028,2299,0,0,UCcROxwq_GajcurqLI7zGFfw,Kim Sơn Phát Diệm năm 2025 [25 388],
Ninh Binh,,20.2421142,105.9746207,8cxlUvVr98g,https://www.youtube.com/watch?v=8cxlUvVr98g,0,2161,0,0,UCcROxwq_GajcurqLI7zGFfw,qua Ninh Bình đầu năm Nhâm Dần (2022),
Ninh Binh,,20.2421142,105.9746207,8x8kTa97QJQ,https://www.youtube.com/watch?v=8x8kTa97QJQ,0,1325,0,0,UCcROxwq_GajcurqLI7zGFfw,Ninh Bình năm 2025 [25 8104],
Ninh Binh,,20.2421142,105.9746207,2OFFOFAqhmE,https://www.youtube.com/watch?v=2OFFOFAqhmE,0,2603,1,0,UCcROxwq_GajcurqLI7zGFfw,Loanh quanh tìm chỗ ăn Ninh Bình,night(label)
Ninh Binh,,20.2421142,105.9746207,6nl7ZPV8RTI,https://www.youtube.com/watch?v=6nl7ZPV8RTI,0,3002,0,0,UCcROxwq_GajcurqLI7zGFfw,Kim Sơn năm 2025 [25 7522],
Ninh Binh,,20.2421142,105.9746207,xJGqZlXcw2s,https://www.youtube.com/watch?v=xJGqZlXcw2s,0,662,1,0,UCcROxwq_GajcurqLI7zGFfw,NINH BÌNH CUỐI TUẦN (24 592),night(label)
Ninh Binh,,20.2421142,105.9746207,xJGqZlXcw2s,https://www.youtube.com/watch?v=xJGqZlXcw2s,835,2844,1,0,UCcROxwq_GajcurqLI7zGFfw,NINH BÌNH CUỐI TUẦN (24 592),night(label)
Ninh Binh,,20.2421142,105.9746207,Fj5hr-nrK4M,https://www.youtube.com/watch?v=Fj5hr-nrK4M,0,389,0,0,UCcROxwq_GajcurqLI7zGFfw,nâng cấp các con đường ở Kim Sơn Phát Diệm cuối năm 2021,
Ninh Binh,,20.2421142,105.9746207,Fj5hr-nrK4M,https://www.youtube.com/watch?v=Fj5hr-nrK4M,440,1903,0,0,UCcROxwq_GajcurqLI7zGFfw,nâng cấp các con đường ở Kim Sơn Phát Diệm cuối năm 2021,
Ninh Binh,,20.2421142,105.9746207,1W8zTntnjOk,https://www.youtube.com/watch?v=1W8zTntnjOk,0,2563,0,0,UCcROxwq_GajcurqLI7zGFfw,Ninh Bình đầu Hè năm 2023,
Ninh Binh,,20.2421142,105.9746207,Hev8uAslR2o,https://www.youtube.com/watch?v=Hev8uAslR2o,0,688,0,0,UCcROxwq_GajcurqLI7zGFfw,Kim Sơn Ninh Bình [25 0204],
Ninh Binh,,20.2421142,105.9746207,dNZzhOtwweE,https://www.youtube.com/watch?v=dNZzhOtwweE,0,733,0,0,UCcROxwq_GajcurqLI7zGFfw,tp Ninh Bình đến Kim Sơn năm 2025 [25 370],
Ninh Binh,,20.2421142,105.9746207,MtEyqDsBLrc,https://www.youtube.com/watch?v=MtEyqDsBLrc,0,450,0,0,UCcROxwq_GajcurqLI7zGFfw,"ra ngoài thành phố Ninh Bình, năm 2025 [25 413]",
Ninh Binh,,20.2421142,105.9746207,MtEyqDsBLrc,https://www.youtube.com/watch?v=MtEyqDsBLrc,475,3306,0,0,UCcROxwq_GajcurqLI7zGFfw,"ra ngoài thành phố Ninh Bình, năm 2025 [25 413]",
Ninh Binh,,20.2421142,105.9746207,sJdacfCaD48,https://www.youtube.com/watch?v=sJdacfCaD48,0,2810,0,0,UCcROxwq_GajcurqLI7zGFfw,Đường từ Nho Quan (Ninh Bình) đến Tân Mỹ (Hoà Bình) [25 020604],
Ninh Binh,,20.2421142,105.9746207,z9JaYKLRqzs,https://www.youtube.com/watch?v=z9JaYKLRqzs,515,1998,0,0,UCcROxwq_GajcurqLI7zGFfw,Yên Khánh Ninh Bình ngày đầu xuân (25 02312),
Ninh Binh,,20.2421142,105.9746207,jkXp6Zm-Gak,https://www.youtube.com/watch?v=jkXp6Zm-Gak,0,1568,0,0,UCcROxwq_GajcurqLI7zGFfw,Các Xã huyện Yên Khánh Ninh Bình năm 2025 [25 419],
Ninh Binh,,20.2421142,105.9746207,eyZCGkoDl6M,https://www.youtube.com/watch?v=eyZCGkoDl6M,0,798,0,0,UCcROxwq_GajcurqLI7zGFfw,"vẻ đẹp đôi bờ Kênh xã Hùng Tiến Kim Sơn, Ninh Bình [25 02059]",
Ninh Binh,,20.2421142,105.9746207,R1N3o6164ng,https://www.youtube.com/watch?v=R1N3o6164ng,122,911,0,0,UCcROxwq_GajcurqLI7zGFfw,Yên Khánh Ninh Bình năm 2025 [25 0191],
Ninh Binh,,20.2421142,105.9746207,XFQCULF57hc,https://www.youtube.com/watch?v=XFQCULF57hc,0,889,0,0,UCcROxwq_GajcurqLI7zGFfw,Kim Sơn Phát Diệm đầu năm Ất Tỵ [25 0218],
Ninh Binh,,20.2421142,105.9746207,tPyrOBONzh8,https://www.youtube.com/watch?v=tPyrOBONzh8,521,1406,0,0,UCcROxwq_GajcurqLI7zGFfw,Đường đến Ninh Bình (25 01512 ),
Ninh Binh,,20.2421142,105.9746207,8c_eC7MlICA,https://www.youtube.com/watch?v=8c_eC7MlICA,0,1868,0,0,UCcROxwq_GajcurqLI7zGFfw,Huyện Nho Quan Ninh Bình kính chào quý khách năm 2025 [25 020605],
Ninh Binh,,20.2421142,105.9746207,8c_eC7MlICA,https://www.youtube.com/watch?v=8c_eC7MlICA,1911,2175,0,0,UCcROxwq_GajcurqLI7zGFfw,Huyện Nho Quan Ninh Bình kính chào quý khách năm 2025 [25 020605],
Ninh Binh,,20.2421142,105.9746207,BeTgCnRdRBE,https://www.youtube.com/watch?v=BeTgCnRdRBE,0,236,0,0,UCcROxwq_GajcurqLI7zGFfw,Cồn Thoi đầu năm 2025 (25 23),
Ninh Binh,,20.2421142,105.9746207,BeTgCnRdRBE,https://www.youtube.com/watch?v=BeTgCnRdRBE,648,1729,0,0,UCcROxwq_GajcurqLI7zGFfw,Cồn Thoi đầu năm 2025 (25 23),
Ninh Binh,,20.2421142,105.9746207,SCZ1_weHY0M,https://www.youtube.com/watch?v=SCZ1_weHY0M,0,921,1,0,UCcROxwq_GajcurqLI7zGFfw,Mùa Noel giáo xứ Phát Diệm (25 14),tet/holiday;night(label)
Ninh Binh,,20.2421142,105.9746207,SCZ1_weHY0M,https://www.youtube.com/watch?v=SCZ1_weHY0M,1119,1513,1,0,UCcROxwq_GajcurqLI7zGFfw,Mùa Noel giáo xứ Phát Diệm (25 14),tet/holiday;night(label)
Ninh Binh,,20.2421142,105.9746207,vaTqtDqDKgo,https://www.youtube.com/watch?v=vaTqtDqDKgo,0,936,0,0,UCcROxwq_GajcurqLI7zGFfw,Đường đến giáo xứ Lãng Vân mùa Noel 2024 (24 1230),tet/holiday
Ninh Binh,,20.2421142,105.9746207,4UKDLMOA4zM,https://www.youtube.com/watch?v=4UKDLMOA4zM,0,2176,0,0,UCcROxwq_GajcurqLI7zGFfw,"Kim Sơn đến Yên Khánh, Ninh Bình (24 1051)",
Ninh Binh,,20.2421142,105.9746207,TlkG0Ox3xLg,https://www.youtube.com/watch?v=TlkG0Ox3xLg,0,1729,0,0,UCcROxwq_GajcurqLI7zGFfw,Yên Khánh Ninh Bình (24 1254),
Ninh Binh,,20.2421142,105.9746207,3qXqQdLZCPQ,https://www.youtube.com/watch?v=3qXqQdLZCPQ,3394,4035,1,0,UCcROxwq_GajcurqLI7zGFfw,Đường tới tp Ninh Bình (24 1084),night(label)
Ninh Binh,,20.2421142,105.9746207,7T4et2-bNUU,https://www.youtube.com/watch?v=7T4et2-bNUU,0,1360,0,0,UCcROxwq_GajcurqLI7zGFfw,"đường giữa các Huyện các Xã, Ninh Bình (24 1004)",
Ninh Binh,,20.2421142,105.9746207,7T4et2-bNUU,https://www.youtube.com/watch?v=7T4et2-bNUU,2232,2962,0,0,UCcROxwq_GajcurqLI7zGFfw,"đường giữa các Huyện các Xã, Ninh Bình (24 1004)",
Ninh Binh,,20.2421142,105.9746207,3iPIzu_yeXU,https://www.youtube.com/watch?v=3iPIzu_yeXU,0,602,0,0,UCcROxwq_GajcurqLI7zGFfw,"cần 60-80 phút, từ tp Ninh Bình đến Hà Nội, do nhiều đoạn đang nâng cấp (24 1053)",
Ninh Binh,,20.2421142,105.9746207,3YG8FtUxGnQ,https://www.youtube.com/watch?v=3YG8FtUxGnQ,0,1777,1,0,UCcROxwq_GajcurqLI7zGFfw,ĂN GÌ Ở TP NINH BÌNH,night(label)
Ninh Binh,,20.2421142,105.9746207,TY9Y2Z3vfp0,https://www.youtube.com/watch?v=TY9Y2Z3vfp0,151,1372,0,0,UCcROxwq_GajcurqLI7zGFfw,Lang Thang Ninh Bình năm 2023,
Ninh Binh,,20.2421142,105.9746207,vvKDifhPmzs,https://www.youtube.com/watch?v=vvKDifhPmzs,0,955,0,0,UCcROxwq_GajcurqLI7zGFfw,Lang Thang Ninh Bình tháng 7 năm 2023,
Ninh Binh,,20.2421142,105.9746207,3yQ4SsKrTiM,https://www.youtube.com/watch?v=3yQ4SsKrTiM,0,1153,0,0,UCcROxwq_GajcurqLI7zGFfw,Kim Sơn tháng 5 năm 2022,
Ninh Binh,,20.2421142,105.9746207,FWM5FZ0mMGg,https://www.youtube.com/watch?v=FWM5FZ0mMGg,0,2030,0,0,UCcROxwq_GajcurqLI7zGFfw,QUA YÊN MÔ NINH BÌNH CUỐI NĂM QUÝ MÃO (24 199),
Ninh Binh,,20.2421142,105.9746207,iGQGxaTEl7g,https://www.youtube.com/watch?v=iGQGxaTEl7g,0,1734,1,0,UCcROxwq_GajcurqLI7zGFfw,Đêm Giáng Sinh An Lành ở Phát Diệm thời Covid 2021,night;tet/holiday
Ninh Binh,,20.2421142,105.9746207,GBkamxM1L7Y,https://www.youtube.com/watch?v=GBkamxM1L7Y,331,1794,1,0,UCcROxwq_GajcurqLI7zGFfw,Lang Thang Ninh Bình 9 PM.,night(label)
Ninh Binh,,20.2421142,105.9746207,N1YY2vHaCHs,https://www.youtube.com/watch?v=N1YY2vHaCHs,0,782,0,0,UCcROxwq_GajcurqLI7zGFfw,Lang Thang qua Ninh Bình,
Ninh Binh,,20.2421142,105.9746207,PyuXv2T7b2Q,https://www.youtube.com/watch?v=PyuXv2T7b2Q,0,2090,1,0,UCcROxwq_GajcurqLI7zGFfw,NINH BÌNH LÚC 8h tối,night
Ninh Binh,,20.2421142,105.9746207,yyV2sveMZq0,https://www.youtube.com/watch?v=yyV2sveMZq0,0,1459,1,0,UCcROxwq_GajcurqLI7zGFfw,CHẬP CHOẠNG LÚC 8PM QUA NINH BÌNH (23 021),night(label)
Ninh Binh,,20.2421142,105.9746207,yyV2sveMZq0,https://www.youtube.com/watch?v=yyV2sveMZq0,1532,2325,1,0,UCcROxwq_GajcurqLI7zGFfw,CHẬP CHOẠNG LÚC 8PM QUA NINH BÌNH (23 021),night(label)
Ninh Binh,,20.2421142,105.9746207,z71889wv-tU,https://www.youtube.com/watch?v=z71889wv-tU,0,1875,1,0,UCcROxwq_GajcurqLI7zGFfw,Sẩm Tối QL10 Ninh Bình,night
Ninh Binh,,20.2421142,105.9746207,A47J1O_68h8,https://www.youtube.com/watch?v=A47J1O_68h8,0,1062,0,0,UCcROxwq_GajcurqLI7zGFfw,"Yên Khánh Ninh Bình, mùa Hè năm 2021 mùa Covid",
Ninh Binh,,20.2421142,105.9746207,y7tGVXQNbgI,https://www.youtube.com/watch?v=y7tGVXQNbgI,0,1075,0,0,UCcROxwq_GajcurqLI7zGFfw,qua Ninh Bình mùa Hè năm 2021,
Ninh Binh,,20.2421142,105.9746207,YPDNoSvCHtg,https://www.youtube.com/watch?v=YPDNoSvCHtg,0,2125,0,0,UCcROxwq_GajcurqLI7zGFfw,"Đường đến Nga Sơn Thanh Hoá, mùa dịch Covid, Hè năm 2021",
Ninh Binh,,20.2421142,105.9746207,pm_JR2ebtUg,https://www.youtube.com/watch?v=pm_JR2ebtUg,0,1140,0,0,UCcROxwq_GajcurqLI7zGFfw,Lang Thang Thành Phố Ninh Bình năm 2023,
Ninh Binh,,20.2421142,105.9746207,0iakNvS4ptg,https://www.youtube.com/watch?v=0iakNvS4ptg,0,2131,0,0,UCcROxwq_GajcurqLI7zGFfw,Yên Mô Ninh Bình năm 2023,
Ninh Binh,,20.2421142,105.9746207,j2f_M66TNTc,https://www.youtube.com/watch?v=j2f_M66TNTc,584,1967,0,0,UCcROxwq_GajcurqLI7zGFfw,Ninh Bình tháng 6 năm 2023,
Ninh Binh,,20.2421142,105.9746207,AIqAuEezras,https://www.youtube.com/watch?v=AIqAuEezras,456,1344,1,0,UCcROxwq_GajcurqLI7zGFfw,Đường vào thành phố Ninh Bình năm 2023,night(label)
Ninh Binh,,20.2421142,105.9746207,dAtWVjV_s5M,https://www.youtube.com/watch?v=dAtWVjV_s5M,0,2024,0,0,UCcROxwq_GajcurqLI7zGFfw,Lang Thang Ninh Bình Hè năm 2023,
Ninh Binh,,20.2421142,105.9746207,80dPtPNDdrc,https://www.youtube.com/watch?v=80dPtPNDdrc,0,2553,0,0,UCcROxwq_GajcurqLI7zGFfw,Yên Mô Ninh Bình năm 2023,
Ninh Binh,,20.2421142,105.9746207,fTqZHtufpnw,https://www.youtube.com/watch?v=fTqZHtufpnw,0,2516,0,0,UCcROxwq_GajcurqLI7zGFfw,Qua những loại đường khác nhau hướng về Hà Nội,
Ninh Binh,,20.2421142,105.9746207,dJK4rQhC04U,https://www.youtube.com/watch?v=dJK4rQhC04U,0,530,0,0,UCcROxwq_GajcurqLI7zGFfw,"Trục đường chính qua Yên Khánh, Ninh Bình",
Ninh Binh,,20.2421142,105.9746207,fKyrPBXnDhw,https://www.youtube.com/watch?v=fKyrPBXnDhw,0,1825,1,0,UCcROxwq_GajcurqLI7zGFfw,đường khuya Ninh Bình,night(label)
Ninh Binh,,20.2421142,105.9746207,j-n0WiPP9_U,https://www.youtube.com/watch?v=j-n0WiPP9_U,316,1010,1,0,UCcROxwq_GajcurqLI7zGFfw,8pm Ninh Bình năm 2023,night(label)
Ninh Binh,,20.2421142,105.9746207,ZBaWkeWERrs,https://www.youtube.com/watch?v=ZBaWkeWERrs,15,1190,0,0,UCcROxwq_GajcurqLI7zGFfw,Yên Khánh Ninh Bình năm 2023,
Ninh Binh,,20.2421142,105.9746207,qQTFLSANtG0,https://www.youtube.com/watch?v=qQTFLSANtG0,0,2514,1,0,UCcROxwq_GajcurqLI7zGFfw,Qua Ninh Bình lúc 8pm,night(label)
Ninh Binh,,20.2421142,105.9746207,g9BifoyqoKo,https://www.youtube.com/watch?v=g9BifoyqoKo,0,1828,0,0,UCcROxwq_GajcurqLI7zGFfw,Phát Diệm Kim Sơn,
Ninh Binh,,20.2421142,105.9746207,g9BifoyqoKo,https://www.youtube.com/watch?v=g9BifoyqoKo,2169,2250,0,0,UCcROxwq_GajcurqLI7zGFfw,Phát Diệm Kim Sơn,
Ninh Binh,,20.2421142,105.9746207,QZ0ArC3PTVc,https://www.youtube.com/watch?v=QZ0ArC3PTVc,0,1572,0,0,UCcROxwq_GajcurqLI7zGFfw,Kim Sơn Phát Diệm đầu năm Quý Mão,
Ninh Binh,,20.2421142,105.9746207,TDBiRvb0nY4,https://www.youtube.com/watch?v=TDBiRvb0nY4,0,1250,0,0,UCcROxwq_GajcurqLI7zGFfw,Thành Phố Ninh Bình ngày giáp Tết Quý Mão,tet/holiday
Ninh Binh,,20.2421142,105.9746207,ILmWydF-Y9A,https://www.youtube.com/watch?v=ILmWydF-Y9A,0,1097,0,0,UCcROxwq_GajcurqLI7zGFfw,Qua Tp Ninh Bình ngày Giáp Tết Quý Mão,tet/holiday
Ninh Binh,,20.2421142,105.9746207,NJPsNwpUw8w,https://www.youtube.com/watch?v=NJPsNwpUw8w,193,1293,1,0,UCcROxwq_GajcurqLI7zGFfw,Ninh Bình lúc 9h Tối năm 2022,night
Ninh Binh,,20.2421142,105.9746207,GVDlJ6Fq4lg,https://www.youtube.com/watch?v=GVDlJ6Fq4lg,185,3068,0,0,UCcROxwq_GajcurqLI7zGFfw,Dạo quanh tp. Ninh Bình,
Ninh Binh,,20.2421142,105.9746207,0pKCEKfKcTM,https://www.youtube.com/watch?v=0pKCEKfKcTM,0,1776,0,0,UCcROxwq_GajcurqLI7zGFfw,Trục đường chính Phát Diệm Kim Sơn,
Ninh Binh,,20.2421142,105.9746207,0pKCEKfKcTM,https://www.youtube.com/watch?v=0pKCEKfKcTM,1889,2437,0,0,UCcROxwq_GajcurqLI7zGFfw,Trục đường chính Phát Diệm Kim Sơn,
Ninh Binh,,20.2421142,105.9746207,cDkjKW4Ry74,https://www.youtube.com/watch?v=cDkjKW4Ry74,0,1939,0,0,UCcROxwq_GajcurqLI7zGFfw,Đường Liên Huyện Ninh Bình,
Ninh Binh,,20.2421142,105.9746207,8apH4G_bQk8,https://www.youtube.com/watch?v=8apH4G_bQk8,0,2680,1,0,UCcROxwq_GajcurqLI7zGFfw,"9h tối qua Ninh Bình, năm 2022",night
Ninh Binh,,20.2421142,105.9746207,imoO_AjcWBc,https://www.youtube.com/watch?v=imoO_AjcWBc,0,2130,0,0,UCcROxwq_GajcurqLI7zGFfw,Vòng Ngoài thành phố Ninh Bình,
Ninh Binh,,20.2421142,105.9746207,dgzp4VZGBLI,https://www.youtube.com/watch?v=dgzp4VZGBLI,0,2132,0,0,UCcROxwq_GajcurqLI7zGFfw,"đường liên Huyện liên Xã, Ninh Bình",
Ninh Binh,,20.2421142,105.9746207,t8LaFx0p9nw,https://www.youtube.com/watch?v=t8LaFx0p9nw,0,2420,0,0,UCcROxwq_GajcurqLI7zGFfw,Review Ninh Binh,
Ninh Binh,,20.2421142,105.9746207,fpemuSD45xc,https://www.youtube.com/watch?v=fpemuSD45xc,0,2107,0,0,UCcROxwq_GajcurqLI7zGFfw,"35 phút qua Kim Sơn, Yên Khánh đến tp. Ninh Bình",
Ninh Binh,,20.2421142,105.9746207,WdkGMf7uOI4,https://www.youtube.com/watch?v=WdkGMf7uOI4,0,1941,1,0,UCcROxwq_GajcurqLI7zGFfw,qua Ninh Bình tháng 4 năm 2022,night(label)
Ninh Binh,,20.2421142,105.9746207,qjVBIWLpLVo,https://www.youtube.com/watch?v=qjVBIWLpLVo,0,314,0,0,UCcROxwq_GajcurqLI7zGFfw,"Kim Sơn - Yên Khánh, Ninh Bình",
Ninh Binh,,20.2421142,105.9746207,qjVBIWLpLVo,https://www.youtube.com/watch?v=qjVBIWLpLVo,513,1809,0,0,UCcROxwq_GajcurqLI7zGFfw,"Kim Sơn - Yên Khánh, Ninh Bình",
Ninh Binh,,20.2421142,105.9746207,51StzAhepYU,https://www.youtube.com/watch?v=51StzAhepYU,0,407,0,0,UCcROxwq_GajcurqLI7zGFfw,KIM SƠN NINH BÌNH THỜI COVID 2021,
Ninh Binh,,20.2421142,105.9746207,FEhB_C2YcjM,https://www.youtube.com/watch?v=FEhB_C2YcjM,0,492,0,0,UCcROxwq_GajcurqLI7zGFfw,Các xã ở huyện Yên Khánh Ninh Bình,
Ninh Binh,,20.2421142,105.9746207,TXnGruCd3k0,https://www.youtube.com/watch?v=TXnGruCd3k0,0,531,0,0,UCcROxwq_GajcurqLI7zGFfw,Yên Khánh Ninh Bình,
Ninh Binh,,20.2421142,105.9746207,Hyr2onlJsV4,https://www.youtube.com/watch?v=Hyr2onlJsV4,0,531,0,0,UCcROxwq_GajcurqLI7zGFfw,"Hoa Lư Ninh Bình, năm 2021 thời Covid",
Ninh Binh,,20.2421142,105.9746207,EZlgRocNip0,https://www.youtube.com/watch?v=EZlgRocNip0,0,745,1,0,UCcROxwq_GajcurqLI7zGFfw,"Chập choạng Tối ở thành phố Ninh Bình mùa Covid, chủ nhật 24 tháng 10 năm 2021",night
Ninh Binh,,20.2421142,105.9746207,Rf9A7evJ8vw,https://www.youtube.com/watch?v=Rf9A7evJ8vw,0,407,0,0,UCcROxwq_GajcurqLI7zGFfw,"Len lỏi các xã huyện Yên Khánh, gần thành phố Ninh Bình",
Ninh Binh,,20.2421142,105.9746207,g9oQyIZ1YOs,https://www.youtube.com/watch?v=g9oQyIZ1YOs,267,412,0,0,UCcROxwq_GajcurqLI7zGFfw,Bánh Xèo Tam Điệp Ninh Bình,
Ninh Binh,,20.2421142,105.9746207,_t8OosNfsIo,https://www.youtube.com/watch?v=_t8OosNfsIo,0,531,0,0,UCcROxwq_GajcurqLI7zGFfw,đường liên xã ở Ninh Bình,
Ninh Binh,,20.2421142,105.9746207,FfvZpPbXdLs,https://www.youtube.com/watch?v=FfvZpPbXdLs,0,399,0,0,UCcROxwq_GajcurqLI7zGFfw,ngang qua thành phố Tam Điệp Ninh Bình,
Ninh Binh,,20.2421142,105.9746207,0ha62QDqOEc,https://www.youtube.com/watch?v=0ha62QDqOEc,0,531,0,0,UCcROxwq_GajcurqLI7zGFfw,Đường ra ngoài thành phố Ninh Bình,
Ninh Binh,,20.2421142,105.9746207,_qf7cCYK6pQ,https://www.youtube.com/watch?v=_qf7cCYK6pQ,0,530,0,0,UCcROxwq_GajcurqLI7zGFfw,"Len lỏi giữa các xã huyện Yên Mô, Ninh Bình",
Ninh Binh,,20.2421142,105.9746207,AcjmrKI5Hys,https://www.youtube.com/watch?v=AcjmrKI5Hys,0,1489,1,0,UCcROxwq_GajcurqLI7zGFfw,Những Chuyến Đi Xa Khi Màn Đêm Buông Xuống,night
Ninh Binh,,20.2421142,105.9746207,rS5l85GlyKY,https://www.youtube.com/watch?v=rS5l85GlyKY,0,100,0,0,UCcROxwq_GajcurqLI7zGFfw,Bánh Xèo Tam Điệp Ninh Bình,
Ninh Binh,,20.2421142,105.9746207,1jc3VD2Txd0,https://www.youtube.com/watch?v=1jc3VD2Txd0,0,530,0,0,UCcROxwq_GajcurqLI7zGFfw,XUYÊN QUA CÁNH ĐỒNG & LÀNG MẠC (HUYỆN KIM SƠN & YÊN MÔ) NINH BÌNH THỜI COVID 2021,
Ninh Binh,,20.2421142,105.9746207,OuLJmHqLCeM,https://www.youtube.com/watch?v=OuLJmHqLCeM,0,454,0,0,UCcROxwq_GajcurqLI7zGFfw,thanh bình những miền quê,
Ninh Binh,,20.2421142,105.9746207,o3oA1cyPbao,https://www.youtube.com/watch?v=o3oA1cyPbao,0,378,1,0,UCcROxwq_GajcurqLI7zGFfw,"10h TỐI, QUA CÁC HUYỆN Ở NINH BÌNH",night
Ninh Binh,,20.2421142,105.9746207,pUSwhN1GoQE,https://www.youtube.com/watch?v=pUSwhN1GoQE,0,531,0,0,UCcROxwq_GajcurqLI7zGFfw,Đường vào thành phố Ninh Bình tháng 4 năm 2021,
Ninh Binh,,20.2421142,105.9746207,qpwfZuZMB7M,https://www.youtube.com/watch?v=qpwfZuZMB7M,0,531,0,0,UCcROxwq_GajcurqLI7zGFfw,thành phố Tam Điệp Ninh Bình,
Ninh Binh,,20.2421142,105.9746207,lBxQZqAfTvY,https://www.youtube.com/watch?v=lBxQZqAfTvY,0,531,0,0,UCcROxwq_GajcurqLI7zGFfw,Len lỏi qua các Xã ở Ninh Bình,
Ninh Binh,,20.2421142,105.9746207,Ptt82yovjzo,https://www.youtube.com/watch?v=Ptt82yovjzo,0,325,0,0,UCcROxwq_GajcurqLI7zGFfw,len lỏi những con đường liên xã ở Ninh Bình,
Ninh Binh,,20.2421142,105.9746207,sobnN-H7Tbw,https://www.youtube.com/watch?v=sobnN-H7Tbw,0,344,0,0,UCcROxwq_GajcurqLI7zGFfw,"Yên Thổ - Bình Sơn, Ninh Bình",
Ninh Binh,,20.2421142,105.9746207,L9m8IJTTDqc,https://www.youtube.com/watch?v=L9m8IJTTDqc,0,531,0,0,UCcROxwq_GajcurqLI7zGFfw,"từ  Mô đến Kim Sơn, Ninh Bình năm 2021",
Ninh Binh,,20.2421142,105.9746207,Ux9FQIkFjlk,https://www.youtube.com/watch?v=Ux9FQIkFjlk,0,443,0,0,UCcROxwq_GajcurqLI7zGFfw,đường đến Cồn Thoi Ninh Bình,
Ninh Binh,,20.2421142,105.9746207,cpdFAU1OSkw,https://www.youtube.com/watch?v=cpdFAU1OSkw,0,531,0,0,UCcROxwq_GajcurqLI7zGFfw,QUA TAM ĐIỆP NINH BÌNH,
Ninh Binh,,20.2421142,105.9746207,OUsoWTFw37I,https://www.youtube.com/watch?v=OUsoWTFw37I,0,531,0,0,UCcROxwq_GajcurqLI7zGFfw,ĐƯỜNG PHỐ NINH BÌNH,
Ninh Binh,,20.2421142,105.9746207,MCI0i-riUYE,https://www.youtube.com/watch?v=MCI0i-riUYE,0,530,0,0,UCcROxwq_GajcurqLI7zGFfw,"Qua xã Yên Phong, huyện Yên Mô Ninh Bình năm 2020",
Ninh Binh,,20.2421142,105.9746207,NTIK5Ik0uqk,https://www.youtube.com/watch?v=NTIK5Ik0uqk,0,530,0,0,UCcROxwq_GajcurqLI7zGFfw,Làng Trinh Nữ ở Ninh Bình.... Welcome to the Trinh Nữ Village of Ninh Bình,
Ninh Binh,,20.2421142,105.9746207,lFKewRN207M,https://www.youtube.com/watch?v=lFKewRN207M,0,464,0,0,UCcROxwq_GajcurqLI7zGFfw,Vòng ngoài thị trấn Yên Khánh Ninh Bình,
Ninh Binh,,20.2421142,105.9746207,Uh9X15zPbWA,https://www.youtube.com/watch?v=Uh9X15zPbWA,0,530,0,0,UCcROxwq_GajcurqLI7zGFfw,Qua Ninh Bình năm 2020 (sau khi Dịch đã được khống chế),
Ninh Binh,,20.2421142,105.9746207,55bAZ_-v3tI,https://www.youtube.com/watch?v=55bAZ_-v3tI,12,409,0,0,UCcROxwq_GajcurqLI7zGFfw,Kim Sơn Ninh Bình năm 2021 (21 410),
Ninh Binh,,20.2421142,105.9746207,CrkMzDW-p1w,https://www.youtube.com/watch?v=CrkMzDW-p1w,0,488,0,0,UCcROxwq_GajcurqLI7zGFfw,Khu Vực Biên Giới Biển (Cồn Thoi Ninh Bình),
Ninh Binh,,20.2421142,105.9746207,jSI-Xr6RnNs,https://www.youtube.com/watch?v=jSI-Xr6RnNs,0,530,0,0,UCcROxwq_GajcurqLI7zGFfw,Qua Ninh Bình,
Ninh Binh,,20.2421142,105.9746207,r1JWGkTK-qc,https://www.youtube.com/watch?v=r1JWGkTK-qc,0,530,0,0,UCcROxwq_GajcurqLI7zGFfw,Qua xã Khánh Nhạc Ninh Bình tháng 4 năm 2021,
Ninh Binh,,20.2421142,105.9746207,dlE3jyNbIyM,https://www.youtube.com/watch?v=dlE3jyNbIyM,0,530,0,0,UCcROxwq_GajcurqLI7zGFfw,ĐI TRONG MƯA GIÓ BÃO ở KIM SƠN,rain
Ninh Binh,,20.2421142,105.9746207,fKKB0qNVzRc,https://www.youtube.com/watch?v=fKKB0qNVzRc,0,1607,0,0,UCcROxwq_GajcurqLI7zGFfw,"TRỤC ĐƯỜNG CHÍNH QUA HUYÊN YÊN KHÁNH, KIM SƠN NINH BÌNH NĂM 2021 THỜI COVID",
Ninh Binh,,20.2421142,105.9746207,3M6KpxbrfXM,https://www.youtube.com/watch?v=3M6KpxbrfXM,0,1027,0,0,UCcROxwq_GajcurqLI7zGFfw,"Kim Sơn Phát Diệm, Ninh Bình năm 2021",
Ninh Binh,,20.2421142,105.9746207,dbrMelKqui4,https://www.youtube.com/watch?v=dbrMelKqui4,0,531,0,0,UCcROxwq_GajcurqLI7zGFfw,"qua xã Khánh Cường - Khánh Nhạc, Ninh Bình năm 2021 thời covid",
Ninh Binh,,20.2421142,105.9746207,3V0C9rGRwrg,https://www.youtube.com/watch?v=3V0C9rGRwrg,0,530,0,0,UCcROxwq_GajcurqLI7zGFfw,Xã Khánh Hồng Ninh Bình tháng 4 năm 2021,
Ninh Binh,,20.2421142,105.9746207,1Mr6rSXiz6Q,https://www.youtube.com/watch?v=1Mr6rSXiz6Q,0,530,0,0,UCcROxwq_GajcurqLI7zGFfw,"qua Chợ Xanh, một địa danh khá có tiếng ở huyện Ninh Khánh tỉnh Ninh Bình.",
Ninh Binh,,20.2421142,105.9746207,8B7i4j2TPEU,https://www.youtube.com/watch?v=8B7i4j2TPEU,0,531,0,0,UCcROxwq_GajcurqLI7zGFfw,"DẠO QUANH THÀNH PHỐ NINH BÌNH, ĐẦU NĂM 2021",
Ninh Binh,,20.2421142,105.9746207,oESGB93Jj9o,https://www.youtube.com/watch?v=oESGB93Jj9o,0,452,0,0,UCcROxwq_GajcurqLI7zGFfw,"DẠO QUANH ĐƯỜNG PHỐ NINH BÌNH, ĐẦU NĂM 2021",
Ninh Binh,,20.2421142,105.9746207,MMI2qGe3ryU,https://www.youtube.com/watch?v=MMI2qGe3ryU,0,408,0,0,UCcROxwq_GajcurqLI7zGFfw,"KHU CÔNG NGHIỆP MỚI KHÁNH THƯỢNG, YÊN MÔ NINH BÌNH,THỜI COVID 2021",
Ninh Binh,,20.2421142,105.9746207,lrY94NQx4T8,https://www.youtube.com/watch?v=lrY94NQx4T8,0,530,0,0,UCcROxwq_GajcurqLI7zGFfw,"DẠO QUANH ĐƯỜNG PHỐ NINH BÌNH, ĐẦU NĂM 2021",
Ninh Binh,,20.2421142,105.9746207,QemRmedLlYs,https://www.youtube.com/watch?v=QemRmedLlYs,0,530,0,0,UCcROxwq_GajcurqLI7zGFfw,"DẠO QUANH ĐƯỜNG PHỐ NINH BÌNH, ĐẦU NĂM 2021",
Ninh Binh,,20.2421142,105.9746207,ezVejhBjcaM,https://www.youtube.com/watch?v=ezVejhBjcaM,0,531,0,0,UCcROxwq_GajcurqLI7zGFfw,"DẠO QUANH ĐƯỜNG PHỐ NINH BÌNH, ĐẦU NĂM 2021",
Ninh Binh,,20.2421142,105.9746207,UcQ4VYo25Wg,https://www.youtube.com/watch?v=UcQ4VYo25Wg,0,531,0,0,UCcROxwq_GajcurqLI7zGFfw,"QUANG CẢNH ĐƯỜNG PHỐ NGÀY TẾT Ở NINH BÌNH NĂM 2021, THỜI COVID",tet/holiday
Ninh Binh,,20.2421142,105.9746207,KK6BCHuwFrg,https://www.youtube.com/watch?v=KK6BCHuwFrg,0,651,0,0,UCcROxwq_GajcurqLI7zGFfw,NHỮNG CÔNG TRÌNH LÂU ĐÀI ĐỒ SỘ LỘNG LẪY ĐỘC ĐÁO BẬC NHẤT VIỆT NAM...,
Ninh Binh,,20.2421142,105.9746207,M-UkCLRjAqY,https://www.youtube.com/watch?v=M-UkCLRjAqY,0,531,0,0,UCcROxwq_GajcurqLI7zGFfw,"DẠO QUANH ĐƯỜNG PHỐ NINH BÌNH, ĐẦU NĂM 2021",
Ninh Binh,,20.2421142,105.9746207,TYrwJ0cjUgQ,https://www.youtube.com/watch?v=TYrwJ0cjUgQ,0,530,0,0,UCcROxwq_GajcurqLI7zGFfw,"LƯỢN LỜ ĐƯỜNG PHỐ NINH BÌNH, ĐẦU NĂM TÂN SỬU THỜI COVID 2021",
Ninh Binh,,20.2421142,105.9746207,7bGLePxs0TY,https://www.youtube.com/watch?v=7bGLePxs0TY,0,108,0,0,UCcROxwq_GajcurqLI7zGFfw,"VÙNG VEN SÔNG VEN BIỂN, THỜI COVID 2021",
Ninh Binh,,20.2421142,105.9746207,7bGLePxs0TY,https://www.youtube.com/watch?v=7bGLePxs0TY,109,1060,0,0,UCcROxwq_GajcurqLI7zGFfw,"VÙNG VEN SÔNG VEN BIỂN, THỜI COVID 2021",
Ninh Binh,,20.2421142,105.9746207,UUCl1gLHqRk,https://www.youtube.com/watch?v=UUCl1gLHqRk,0,689,1,0,UCcROxwq_GajcurqLI7zGFfw,"KHÔNG KHÍ MÙA GIÁNG SINH Ở PHÁT DIỆM NINH BÌNH, AN BÌNH THỜI COVID (TỐI 20 THÁNG 12 NĂM 2020)",night;tet/holiday
Ninh Binh,,20.2421142,105.9746207,b0cgE7TuQkw,https://www.youtube.com/watch?v=b0cgE7TuQkw,0,1130,1,0,UCcROxwq_GajcurqLI7zGFfw,"KHÔNG KHÍ MỪNG GIÁNG SINH AN LÀNH Ở GIÁO XỨ PHÁT DIỆM, NINH BÌNH THỜI COVID NĂM 2020",tet/holiday;night(label)
Ninh Binh,,20.2421142,105.9746207,qYp4fFNn9ms,https://www.youtube.com/watch?v=qYp4fFNn9ms,175,436,0,0,UCcROxwq_GajcurqLI7zGFfw,Thành phố Ninh Bình đi huyện Nho Quan (hướng đến rừng Cúc Phương),
Ninh Binh,,20.2421142,105.9746207,9G0IlCAZ7kw,https://www.youtube.com/watch?v=9G0IlCAZ7kw,0,363,0,0,UCcROxwq_GajcurqLI7zGFfw,TRỤC ĐƯỜNG CHÍNH HUYỆN NHO QUAN TỈNH NINH BÌNH NĂM 2019,
Ninh Binh,,20.2421142,105.9746207,fk-yPZ9jMlg,https://www.youtube.com/watch?v=fk-yPZ9jMlg,0,530,0,0,UCcROxwq_GajcurqLI7zGFfw,Đường vào thành phố Ninh Bình,
Ninh Binh,,20.2421142,105.9746207,fgajUB5yx_0,https://www.youtube.com/watch?v=fgajUB5yx_0,155,530,0,0,UCcROxwq_GajcurqLI7zGFfw,TẠM BIỆT NINH BÌNH ĐI NAM ĐỊNH PHỦ LÝ,
Ninh Binh,,20.2421142,105.9746207,TlHWHBLIEr8,https://www.youtube.com/watch?v=TlHWHBLIEr8,0,531,0,0,UCcROxwq_GajcurqLI7zGFfw,ĐƯỜNG NGÀY TẾT Ở THÀNH PHỐ NINH BÌNH NĂM 2020,tet/holiday
Ninh Binh,,20.2421142,105.9746207,8WU4HwMRkIg,https://www.youtube.com/watch?v=8WU4HwMRkIg,0,425,0,0,UCcROxwq_GajcurqLI7zGFfw,Đường qua thành phố Ninh Bình (dọc theo quốc lộ 1A cũ),
Ninh Binh,,20.2421142,105.9746207,v5o4Nfbcbpg,https://www.youtube.com/watch?v=v5o4Nfbcbpg,0,531,0,0,UCcROxwq_GajcurqLI7zGFfw,ĐƯỜNG VUI NGÀY TẾT Ở THỊ TRẤN KIM SƠN NINH BÌNH,tet/holiday
Ninh Binh,,20.2421142,105.9746207,NmlCen2KhFM,https://www.youtube.com/watch?v=NmlCen2KhFM,0,415,0,0,UCcROxwq_GajcurqLI7zGFfw,"ĐƯỜNG NGÀY TẾT Ở KIM SƠN NINH BÌNH, NĂM 2020",tet/holiday
Ninh Binh,,20.2421142,105.9746207,zEt7Y_Fw91M,https://www.youtube.com/watch?v=zEt7Y_Fw91M,0,530,0,0,UCcROxwq_GajcurqLI7zGFfw,Đường lên Tây Bắc quanh co (đoạn Ninh Bình - Hoà Bình - Sơn La),
Ninh Binh,,20.2421142,105.9746207,uK5pHA8SfUo,https://www.youtube.com/watch?v=uK5pHA8SfUo,270,357,0,0,UCcROxwq_GajcurqLI7zGFfw,ĐƯỜNG MƯA RƠI TRÊN KIM SƠN PHÁT DIỆM NINH BÌNH,rain
Ninh Binh,,20.2421142,105.9746207,YQ1cBsIGO9U,https://www.youtube.com/watch?v=YQ1cBsIGO9U,0,752,0,0,UCcROxwq_GajcurqLI7zGFfw,"NHÀ THỜ GIÁO XỨ PHÁT VINH, PHÁT DIỆM KIM SƠN NINH BÌNH",
Ninh Binh,,20.2421142,105.9746207,WpzoKh-ydy8,https://www.youtube.com/watch?v=WpzoKh-ydy8,0,374,0,0,UCcROxwq_GajcurqLI7zGFfw,ĐƯỜNG ĐẾN NHỮNG ĐIẠ ĐIỂM DU LỊCH NỔI TIẾNG Ở ĐẤT NINH BÌNH,
Ninh Binh,,20.2421142,105.9746207,zAVqZ5XeJXw,https://www.youtube.com/watch?v=zAVqZ5XeJXw,0,452,0,0,UCcROxwq_GajcurqLI7zGFfw,ĐƯỜNG ĐẾN NHỮNG ĐIẠ ĐIỂM DU LỊCH NỔI TIẾNG Ở ĐẤT NINH BÌNH,
Ninh Binh,,20.2421142,105.9746207,v1qft3UCqSU,https://www.youtube.com/watch?v=v1qft3UCqSU,0,447,0,0,UCcROxwq_GajcurqLI7zGFfw,ĐỦ LOẠI PHƯƠNG TIỆN GIAO THÔNG CHẠY CÙNG CHIỀU & NGƯỢC CHIỀU TRÊN MỘT CON ĐƯỜNG RỘNG KHOẢNG 10 MÉT,
Ninh Binh,,20.2421142,105.9746207,ngEkh02t8Lk,https://www.youtube.com/watch?v=ngEkh02t8Lk,0,403,0,0,UCcROxwq_GajcurqLI7zGFfw,ĐƯỜNG VÀO THÀNH PHỐ NINH BÌNH,
Ninh Binh,,20.2421142,105.9746207,dPUkiipX9Hw,https://www.youtube.com/watch?v=dPUkiipX9Hw,0,531,0,0,UCcROxwq_GajcurqLI7zGFfw,ĐƯỜNG ĐẾN NHỮNG ĐIẠ ĐIỂM DU LỊCH NỔI TIẾNG Ở ĐẤT NINH BÌNH,
Ninh Binh,,20.2421142,105.9746207,PmgOdq2OMxQ,https://www.youtube.com/watch?v=PmgOdq2OMxQ,0,418,0,0,UCcROxwq_GajcurqLI7zGFfw,TRẬT TỰ GIAO THÔNG Ở THÀNH PHỐ NINH BÌNH,
Ninh Binh,,20.2421142,105.9746207,dyJW09Mu5HI,https://www.youtube.com/watch?v=dyJW09Mu5HI,0,531,0,0,UCcROxwq_GajcurqLI7zGFfw,LÀNG ĐÁ MỸ NGHỆ NINH VÂN RẤT NỔI TIẾNG Ở ĐẤT NINH BÌNH,
Ninh Binh,,20.2421142,105.9746207,Q3uEh9i7pkQ,https://www.youtube.com/watch?v=Q3uEh9i7pkQ,0,445,0,0,UCcROxwq_GajcurqLI7zGFfw,LOANH QUANH HỒ YÊN THẮNG TAM ĐIỆP NINH BÌNH,
Ninh Binh,,20.2421142,105.9746207,56WQ4wD0y18,https://www.youtube.com/watch?v=56WQ4wD0y18,0,530,0,0,UCcROxwq_GajcurqLI7zGFfw,LÀNG ĐÁ MỸ NGHỆ NINH VÂN RẤT NỔI TIẾNG Ở ĐẤT NINH BÌNH,
Ninh Binh,,20.2421142,105.9746207,hOuA8V_heZ0,https://www.youtube.com/watch?v=hOuA8V_heZ0,0,531,0,0,UCcROxwq_GajcurqLI7zGFfw,"ĐƯỜNG LIÊN HUYỆN: YÊN MÔ - KIM SƠN, NINH BÌNH NĂM 2019",
Ninh Binh,,20.2421142,105.9746207,wphK1q8CxXg,https://www.youtube.com/watch?v=wphK1q8CxXg,43,507,0,0,UCcROxwq_GajcurqLI7zGFfw,RỬA XE Ở KIM SƠN NINH BÌNH,
Ninh Binh,,20.2421142,105.9746207,WZmSHD1M2fY,https://www.youtube.com/watch?v=WZmSHD1M2fY,0,484,0,0,UCcROxwq_GajcurqLI7zGFfw,"ngang qua tp. Tam Địệp, xanh đẹp của Ninh Bình năm 2019",
Ninh Binh,,20.2421142,105.9746207,zO-4kZ8mgfU,https://www.youtube.com/watch?v=zO-4kZ8mgfU,0,345,0,0,UCcROxwq_GajcurqLI7zGFfw,ĐƯỜNG ĐẸP Ở THÀNH PHỐ TAM ĐIỆP NINH BÌNH,
Ninh Binh,,20.2421142,105.9746207,Wcql-lCkcZQ,https://www.youtube.com/watch?v=Wcql-lCkcZQ,0,496,0,0,UCcROxwq_GajcurqLI7zGFfw,ĐƯỜNG ĐẾN TAM ĐIỆP NINH BÌNH NĂM 2019,
Ninh Binh,,20.2421142,105.9746207,PzIUQYKuJSk,https://www.youtube.com/watch?v=PzIUQYKuJSk,0,613,0,0,UCcROxwq_GajcurqLI7zGFfw,"KIM SƠN PHÁT DIỆM NINH BÌNH, MỘT ĐỊA DANH NỔI TIẾNG GIÀU VĂN HOÁ LICH SỬ & TÔN GIÁO",
Ninh Binh,,20.2421142,105.9746207,miL2BL_AqmM,https://www.youtube.com/watch?v=miL2BL_AqmM,0,298,0,0,UCcROxwq_GajcurqLI7zGFfw,"KIM SƠN PHÁT DIỆM NINH BÌNH, MỘT ĐỊA DANH NỔI TIẾNG GIÀU VĂN HOÁ LICH SỬ & TÔN GIÁO",
Ninh Binh,,20.2421142,105.9746207,PuVqLLH7OZQ,https://www.youtube.com/watch?v=PuVqLLH7OZQ,0,531,0,0,UCcROxwq_GajcurqLI7zGFfw,NHỮNG CON ĐƯỜNG TRONG THÀNH PHỐ NINH BÌNH NĂM 2019,
Ninh Binh,,20.2421142,105.9746207,ik7amCb5tx0,https://www.youtube.com/watch?v=ik7amCb5tx0,0,465,0,0,UCcROxwq_GajcurqLI7zGFfw,TRẬT TỰ GIAO THÔNG Ở THÀNH PHỐ NINH BÌNH NĂM 2019,
Ninh Binh,,20.2421142,105.9746207,OgKYmfSVvxQ,https://www.youtube.com/watch?v=OgKYmfSVvxQ,0,409,0,0,UCcROxwq_GajcurqLI7zGFfw,NHỮNG CON PHỐ NHỎ Ở THÀNH PHỐ NINH BÌNH NĂM 2019,
Ninh Binh,,20.2421142,105.9746207,gn_GJ4TzMOc,https://www.youtube.com/watch?v=gn_GJ4TzMOc,0,448,0,0,UCcROxwq_GajcurqLI7zGFfw,ĐƯỜNG NỘI NGOẠI Ô THÀNH PHỐ NINH BÌNH NĂM 2019,
Ninh Binh,,20.2421142,105.9746207,EsT85BDp5hI,https://www.youtube.com/watch?v=EsT85BDp5hI,0,193,0,0,UCcROxwq_GajcurqLI7zGFfw,TRẬT TỰ GIAO THÔNG Ở THÀNH PHỐ NINH BÌNH NĂM 2019,
Ninh Binh,,20.2421142,105.9746207,EsT85BDp5hI,https://www.youtube.com/watch?v=EsT85BDp5hI,194,302,0,0,UCcROxwq_GajcurqLI7zGFfw,TRẬT TỰ GIAO THÔNG Ở THÀNH PHỐ NINH BÌNH NĂM 2019,
Ninh Binh,,20.2421142,105.9746207,EsT85BDp5hI,https://www.youtube.com/watch?v=EsT85BDp5hI,303,489,0,0,UCcROxwq_GajcurqLI7zGFfw,TRẬT TỰ GIAO THÔNG Ở THÀNH PHỐ NINH BÌNH NĂM 2019,
Ninh Binh,,20.2421142,105.9746207,acNeqnkdJVk,https://www.youtube.com/watch?v=acNeqnkdJVk,0,306,0,0,UCcROxwq_GajcurqLI7zGFfw,NHỮNG CON ĐƯỜNG RẤT ĐẸP Ở THÀNH PHỐ NINH BÌNH,
Ninh Binh,,20.2421142,105.9746207,7i62Lzhyuvc,https://www.youtube.com/watch?v=7i62Lzhyuvc,0,329,0,0,UCcROxwq_GajcurqLI7zGFfw,"KIM SƠN PHÁT DIỆM NINH BÌNH, MỘT ĐỊA DANH NỔI TIẾNG GIÀU VĂN HOÁ LICH SỬ & TÔN GIÁO",
Ninh Binh,,20.2421142,105.9746207,7i62Lzhyuvc,https://www.youtube.com/watch?v=7i62Lzhyuvc,330,537,0,0,UCcROxwq_GajcurqLI7zGFfw,"KIM SƠN PHÁT DIỆM NINH BÌNH, MỘT ĐỊA DANH NỔI TIẾNG GIÀU VĂN HOÁ LICH SỬ & TÔN GIÁO",
Ninh Binh,,20.2421142,105.9746207,7i62Lzhyuvc,https://www.youtube.com/watch?v=7i62Lzhyuvc,538,726,0,0,UCcROxwq_GajcurqLI7zGFfw,"KIM SƠN PHÁT DIỆM NINH BÌNH, MỘT ĐỊA DANH NỔI TIẾNG GIÀU VĂN HOÁ LICH SỬ & TÔN GIÁO",
Ninh Binh,,20.2421142,105.9746207,7i62Lzhyuvc,https://www.youtube.com/watch?v=7i62Lzhyuvc,741,772,0,0,UCcROxwq_GajcurqLI7zGFfw,"KIM SƠN PHÁT DIỆM NINH BÌNH, MỘT ĐỊA DANH NỔI TIẾNG GIÀU VĂN HOÁ LICH SỬ & TÔN GIÁO",
Ninh Binh,,20.2421142,105.9746207,7i62Lzhyuvc,https://www.youtube.com/watch?v=7i62Lzhyuvc,773,794,0,0,UCcROxwq_GajcurqLI7zGFfw,"KIM SƠN PHÁT DIỆM NINH BÌNH, MỘT ĐỊA DANH NỔI TIẾNG GIÀU VĂN HOÁ LICH SỬ & TÔN GIÁO",
Ninh Binh,,20.2421142,105.9746207,UcKxzU1IKr8,https://www.youtube.com/watch?v=UcKxzU1IKr8,0,199,0,0,UCcROxwq_GajcurqLI7zGFfw,"KIM SƠN PHÁT DIỆM NINH BÌNH, MỘT ĐỊA DANH NỔI TIẾNG GIÀU VĂN HOÁ LICH SỬ & TÔN GIÁO",
Ninh Binh,,20.2421142,105.9746207,UcKxzU1IKr8,https://www.youtube.com/watch?v=UcKxzU1IKr8,200,281,0,0,UCcROxwq_GajcurqLI7zGFfw,"KIM SƠN PHÁT DIỆM NINH BÌNH, MỘT ĐỊA DANH NỔI TIẾNG GIÀU VĂN HOÁ LICH SỬ & TÔN GIÁO",
Ninh Binh,,20.2421142,105.9746207,UcKxzU1IKr8,https://www.youtube.com/watch?v=UcKxzU1IKr8,282,315,0,0,UCcROxwq_GajcurqLI7zGFfw,"KIM SƠN PHÁT DIỆM NINH BÌNH, MỘT ĐỊA DANH NỔI TIẾNG GIÀU VĂN HOÁ LICH SỬ & TÔN GIÁO",
Ninh Binh,,20.2421142,105.9746207,UcKxzU1IKr8,https://www.youtube.com/watch?v=UcKxzU1IKr8,316,343,0,0,UCcROxwq_GajcurqLI7zGFfw,"KIM SƠN PHÁT DIỆM NINH BÌNH, MỘT ĐỊA DANH NỔI TIẾNG GIÀU VĂN HOÁ LICH SỬ & TÔN GIÁO",
Ninh Binh,,20.2421142,105.9746207,iiWl_Tih81U,https://www.youtube.com/watch?v=iiWl_Tih81U,0,599,0,0,UCcROxwq_GajcurqLI7zGFfw,"KIM SƠN PHÁT DIỆM NINH BÌNH, MỘT ĐỊA DANH NỔI TIẾNG GIÀU VĂN HOÁ LICH SỬ & TÔN GIÁO",
Ninh Binh,,20.2421142,105.9746207,tWm67c1gE6E,https://www.youtube.com/watch?v=tWm67c1gE6E,0,555,0,0,UCcROxwq_GajcurqLI7zGFfw,"KIM SƠN PHÁT DIỆM NINH BÌNH, MỘT ĐỊA DANH NỔI TIẾNG GIÀU VĂN HOÁ LICH SỬ & TÔN GIÁO",
Ninh Binh,,20.2421142,105.9746207,oSR8rtpkCWc,https://www.youtube.com/watch?v=oSR8rtpkCWc,0,561,0,0,UCcROxwq_GajcurqLI7zGFfw,"CẢNH ĐÔNG ĐÚC NGƯỜI XE, NGÀY VÀ ĐÊM, KHÁC BIỆT GIỮA THÀNH THỊ VÀ THÔN QUÊ, TỪ HÀ NỘI ĐẾN NINH BÌNH",night
Ninh Binh,,20.2421142,105.9746207,7LrOautQQfc,https://www.youtube.com/watch?v=7LrOautQQfc,0,42,0,0,UCcROxwq_GajcurqLI7zGFfw,"KIM SƠN PHÁT DIỆM NINH BÌNH, MỘT ĐỊA DANH NỔI TIẾNG GIÀU VĂN HOÁ LICH SỬ & TÔN GIÁO",
Ninh Binh,,20.2421142,105.9746207,7LrOautQQfc,https://www.youtube.com/watch?v=7LrOautQQfc,43,95,0,0,UCcROxwq_GajcurqLI7zGFfw,"KIM SƠN PHÁT DIỆM NINH BÌNH, MỘT ĐỊA DANH NỔI TIẾNG GIÀU VĂN HOÁ LICH SỬ & TÔN GIÁO",
Ninh Binh,,20.2421142,105.9746207,7LrOautQQfc,https://www.youtube.com/watch?v=7LrOautQQfc,96,357,0,0,UCcROxwq_GajcurqLI7zGFfw,"KIM SƠN PHÁT DIỆM NINH BÌNH, MỘT ĐỊA DANH NỔI TIẾNG GIÀU VĂN HOÁ LICH SỬ & TÔN GIÁO",
Ninh Binh,,20.2421142,105.9746207,JD0UO5N07K4,https://www.youtube.com/watch?v=JD0UO5N07K4,0,185,0,0,UCcROxwq_GajcurqLI7zGFfw,"KIM SƠN PHÁT DIỆM NINH BÌNH, MỘT ĐỊA DANH NỔI TIẾNG GIÀU VĂN HOÁ LICH SỬ & TÔN GIÁO",
Ninh Binh,,20.2421142,105.9746207,JD0UO5N07K4,https://www.youtube.com/watch?v=JD0UO5N07K4,186,250,0,0,UCcROxwq_GajcurqLI7zGFfw,"KIM SƠN PHÁT DIỆM NINH BÌNH, MỘT ĐỊA DANH NỔI TIẾNG GIÀU VĂN HOÁ LICH SỬ & TÔN GIÁO",
Ninh Binh,,20.2421142,105.9746207,JD0UO5N07K4,https://www.youtube.com/watch?v=JD0UO5N07K4,251,372,0,0,UCcROxwq_GajcurqLI7zGFfw,"KIM SƠN PHÁT DIỆM NINH BÌNH, MỘT ĐỊA DANH NỔI TIẾNG GIÀU VĂN HOÁ LICH SỬ & TÔN GIÁO",
Ninh Binh,,20.2421142,105.9746207,q6bAAM8Yses,https://www.youtube.com/watch?v=q6bAAM8Yses,0,1805,0,0,UCcROxwq_GajcurqLI7zGFfw,"KIM SƠN PHÁT DIỆM NINH BÌNH, MỘT ĐỊA DANH NỔI TIẾNG GIÀU VĂN HOÁ LICH SỬ & TÔN GIÁO",
Ninh Binh,,20.2421142,105.9746207,AIe_49Ea6-A,https://www.youtube.com/watch?v=AIe_49Ea6-A,0,777,1,0,UCcROxwq_GajcurqLI7zGFfw,tp Ninh Bình lúc 8h tối,night
Ninh Binh,,20.2421142,105.9746207,bo7OwvGKkQU,https://www.youtube.com/watch?v=bo7OwvGKkQU,400,1729,0,0,UCcROxwq_GajcurqLI7zGFfw,Yên Khánh Ninh Bình (25 0182),
Ninh Binh,,20.2421142,105.9746207,4gGEebFoNTo,https://www.youtube.com/watch?v=4gGEebFoNTo,0,714,0,0,UCcROxwq_GajcurqLI7zGFfw,Ninh Bình năm 2025 [25 9708],
Ninh Binh,,20.2421142,105.9746207,6jmIR17wNKs,https://www.youtube.com/watch?v=6jmIR17wNKs,0,906,0,0,UCcROxwq_GajcurqLI7zGFfw,Đường từ Ninh Bình vào Hoà Bình năm 2026 [26 35],
Ninh Binh,,20.2421142,105.9746207,MNlA8MEHRMg,https://www.youtube.com/watch?v=MNlA8MEHRMg,0,2106,1,0,UCcROxwq_GajcurqLI7zGFfw,Qua các Huyện ở Ninh Bình,night(label)
Ninh Binh,,20.2421142,105.9746207,2OpXSh2o-fo,https://www.youtube.com/watch?v=2OpXSh2o-fo,0,2123,1,0,UCcROxwq_GajcurqLI7zGFfw,NINH BÌNH NĂM 2024 (24 335),night(label)
Ninh Binh,,20.2421142,105.9746207,lRlqDi_ImnU,https://www.youtube.com/watch?v=lRlqDi_ImnU,0,1985,0,0,UCcROxwq_GajcurqLI7zGFfw,Ninh Bình năm 2026 [26 02],
Ninh Binh,,20.2421142,105.9746207,QYWp0DaZo1c,https://www.youtube.com/watch?v=QYWp0DaZo1c,0,976,0,0,UCcROxwq_GajcurqLI7zGFfw,đến xã Cúc Phương Ninh Bình [26 03],
Bac Giang,,21.277858,106.197745,wh1RWv5Km1s,https://www.youtube.com/watch?v=wh1RWv5Km1s,0,15,0,0,UCcROxwq_GajcurqLI7zGFfw,Tấp Nập ở các Chợ Việt Yên Bắc Giang [26 07],
Bac Giang,,21.277858,106.197745,wh1RWv5Km1s,https://www.youtube.com/watch?v=wh1RWv5Km1s,652,805,0,0,UCcROxwq_GajcurqLI7zGFfw,Tấp Nập ở các Chợ Việt Yên Bắc Giang [26 07],
Bac Giang,,21.277858,106.197745,wh1RWv5Km1s,https://www.youtube.com/watch?v=wh1RWv5Km1s,1244,1320,0,0,UCcROxwq_GajcurqLI7zGFfw,Tấp Nập ở các Chợ Việt Yên Bắc Giang [26 07],
Bac Giang,,21.277858,106.197745,3Byc4SbMf04,https://www.youtube.com/watch?v=3Byc4SbMf04,0,291,0,0,UCcROxwq_GajcurqLI7zGFfw,"thị trấn Mỏ Trạng Bắc Giang, vùng cao, cách Thái Nguyên 10km [26 063]",
Bac Giang,,21.277858,106.197745,3Byc4SbMf04,https://www.youtube.com/watch?v=3Byc4SbMf04,594,1140,0,0,UCcROxwq_GajcurqLI7zGFfw,"thị trấn Mỏ Trạng Bắc Giang, vùng cao, cách Thái Nguyên 10km [26 063]",
Bac Giang,,21.277858,106.197745,2JVzZbIeioE,https://www.youtube.com/watch?v=2JVzZbIeioE,0,871,0,0,UCcROxwq_GajcurqLI7zGFfw,"Nhã Nam Bắc Giang, năm 2026 [26 06]",
Bac Giang,,21.277858,106.197745,BoRUx_O1gZU,https://www.youtube.com/watch?v=BoRUx_O1gZU,0,718,0,0,UCcROxwq_GajcurqLI7zGFfw,Phồn Xương (Cầu Gồ) Yên Thế Bắc Giang năm 2026,
Bac Giang,,21.277858,106.197745,1b8ijd1z85Y,https://www.youtube.com/watch?v=1b8ijd1z85Y,0,643,0,0,UCcROxwq_GajcurqLI7zGFfw,con đường bận rộn từ Việt Yên Bắc Giang đến Bắc Ninh [26 07],
Bac Giang,,21.277858,106.197745,AOfKUU5nIlg,https://www.youtube.com/watch?v=AOfKUU5nIlg,0,1946,0,0,UCcROxwq_GajcurqLI7zGFfw,"Phồn Xương (Cầu Gồ) Mỏ Trạng, Yên Thế Bắc Giang [26 063]",
Tam Ky,,15.563183,108.48208,PDj403KSpKM,https://www.youtube.com/watch?v=PDj403KSpKM,0,2821,0,0,UCcROxwq_GajcurqLI7zGFfw,Bãi Biển Tam Thanh gần tp. Tam Kỳ tỉnh Quảng Nam [25 129],
Tam Ky,,15.563183,108.48208,_GC_qnVbK30,https://www.youtube.com/watch?v=_GC_qnVbK30,0,501,0,0,UCcROxwq_GajcurqLI7zGFfw,"THÀNH PHỐ TAM KỲ TỈNH QUẢNG NAM, THÁNG 4 NĂM 2019",
Tam Ky,,15.563183,108.48208,9E2mniOCSm4,https://www.youtube.com/watch?v=9E2mniOCSm4,0,547,0,0,UCcROxwq_GajcurqLI7zGFfw,THÀNH PHỐ TAM KỲ TỈNH QUẢNG NAM THÁNG 4 NĂM 2019,
Tam Ky,,15.563183,108.48208,3tpThwh3dVc,https://www.youtube.com/watch?v=3tpThwh3dVc,0,551,0,0,UCcROxwq_GajcurqLI7zGFfw,"THÀNH PHỐ TAM KỲ TỈNH QUẢNG NAM, THÁNG 4 NĂM 2019",
Tam Ky,,15.563183,108.48208,qqzIuNGhCLs,https://www.youtube.com/watch?v=qqzIuNGhCLs,0,837,0,0,UCcROxwq_GajcurqLI7zGFfw,"THÀNH PHỐ TAM KỲ TỈNH QUẢNG NAM, THANH BÌNH VÀ ĐỔI MỚI, NĂM 2019",
Tam Ky,,15.563183,108.48208,ooXFz_sCAmU,https://www.youtube.com/watch?v=ooXFz_sCAmU,0,1010,0,0,UCcROxwq_GajcurqLI7zGFfw,"QUÊ TÔI TAM AN TAM KỲ QUẢNG NAM, NĂM 2019",
Tam Ky,,15.563183,108.48208,sENT4Kcn2Eo,https://www.youtube.com/watch?v=sENT4Kcn2Eo,553,914,0,0,UCcROxwq_GajcurqLI7zGFfw,"ĐƯỜNG ĐẾN THÀNH PHỐ TAM KỲ SAU CƠN BÃO SỐ 8, TRƯỚC CƠN BÃO SỐ 9 (21 THÁNG 10 NĂM 2020)",rain
Tam Ky,,15.563183,108.48208,5n6We6cYjs4,https://www.youtube.com/watch?v=5n6We6cYjs4,0,1599,0,0,UCcROxwq_GajcurqLI7zGFfw,Thành phố Tam Kỳ tháng 5 năm 2022,
Tam Ky,,15.563183,108.48208,Hxog6tztrYs,https://www.youtube.com/watch?v=Hxog6tztrYs,0,2506,0,0,UCcROxwq_GajcurqLI7zGFfw,qua huyện Phú Ninh Tam Kỳ,
Tam Ky,,15.563183,108.48208,1J8GWN4WKU0,https://www.youtube.com/watch?v=1J8GWN4WKU0,0,3764,0,0,UCcROxwq_GajcurqLI7zGFfw,Thành phố Tam Kỳ Quảng Nam sau sáp nhập vào tp Đà Nẵng [25 129],
Tam Ky,,15.563183,108.48208,1J8GWN4WKU0,https://www.youtube.com/watch?v=1J8GWN4WKU0,3769,6618,0,0,UCcROxwq_GajcurqLI7zGFfw,Thành phố Tam Kỳ Quảng Nam sau sáp nhập vào tp Đà Nẵng [25 129],
Tam Ky,,15.563183,108.48208,az_aQSejjmg,https://www.youtube.com/watch?v=az_aQSejjmg,214,1815,0,0,UCcROxwq_GajcurqLI7zGFfw,Tam Kỳ Quảng Nam cuối năm 2025 [25 1282],
Hai Tien,,20.118315,106.2943507,ZYMDciTfUA4,https://www.youtube.com/watch?v=ZYMDciTfUA4,0,2012,0,0,UCcROxwq_GajcurqLI7zGFfw,"Toàn cảnh khu du lịch biển Hải Tiến, vẫn ngổn ngang đầu năm 2026 [26 31]",
Phat Diem,,20.0896318,106.0809025,CYwhIL0vQ8k,https://www.youtube.com/watch?v=CYwhIL0vQ8k,0,672,0,0,UCcROxwq_GajcurqLI7zGFfw,Kim Sơn Phát Diệm năm 2025 [25 3412],
Phat Diem,,20.0896318,106.0809025,ZVuy01Yz7Ns,https://www.youtube.com/watch?v=ZVuy01Yz7Ns,0,1027,0,0,UCcROxwq_GajcurqLI7zGFfw,Cuộc Sống Ngày Thường ở Kim Sơn (22 122),
Phat Diem,,20.0896318,106.0809025,kW09tP1h-0w,https://www.youtube.com/watch?v=kW09tP1h-0w,0,1672,1,0,UCcROxwq_GajcurqLI7zGFfw,nhá nhem tối ở Kim Sơn Phát Diệm đầu năm Nhâm Dần,night
Phat Diem,,20.0896318,106.0809025,QVlaaKyz9y4,https://www.youtube.com/watch?v=QVlaaKyz9y4,0,1165,0,0,UCcROxwq_GajcurqLI7zGFfw,"Kim Sơn đến Yên Khánh tháng 2 năm 2022, mùa Dịch Covid",
Phat Diem,,20.0896318,106.0809025,QVlaaKyz9y4,https://www.youtube.com/watch?v=QVlaaKyz9y4,1172,2761,0,0,UCcROxwq_GajcurqLI7zGFfw,"Kim Sơn đến Yên Khánh tháng 2 năm 2022, mùa Dịch Covid",
Phat Diem,,20.0896318,106.0809025,GRHypx57cqc,https://www.youtube.com/watch?v=GRHypx57cqc,0,991,0,0,UCcROxwq_GajcurqLI7zGFfw,Kim Sơn mùa Thu năm 2025 [25 9208],
Phat Diem,,20.0896318,106.0809025,BxNj09isOuQ,https://www.youtube.com/watch?v=BxNj09isOuQ,0,718,1,0,UCcROxwq_GajcurqLI7zGFfw,Kim Sơn năm 2024 (24 683),night(label)
Phat Diem,,20.0896318,106.0809025,BxNj09isOuQ,https://www.youtube.com/watch?v=BxNj09isOuQ,721,1401,0,0,UCcROxwq_GajcurqLI7zGFfw,Kim Sơn năm 2024 (24 683),
Phat Diem,,20.0896318,106.0809025,BxNj09isOuQ,https://www.youtube.com/watch?v=BxNj09isOuQ,1494,1712,0,0,UCcROxwq_GajcurqLI7zGFfw,Kim Sơn năm 2024 (24 683),
Phat Diem,,20.0896318,106.0809025,BxNj09isOuQ,https://www.youtube.com/watch?v=BxNj09isOuQ,1762,2060,0,0,UCcROxwq_GajcurqLI7zGFfw,Kim Sơn năm 2024 (24 683),
Phat Diem,,20.0896318,106.0809025,BxNj09isOuQ,https://www.youtube.com/watch?v=BxNj09isOuQ,2199,2808,0,0,UCcROxwq_GajcurqLI7zGFfw,Kim Sơn năm 2024 (24 683),
Phat Diem,,20.0896318,106.0809025,xe9EN0h8LhY,https://www.youtube.com/watch?v=xe9EN0h8LhY,0,1992,0,0,UCcROxwq_GajcurqLI7zGFfw,"xã Kim Sơn và xã Phát Diệm, năm 2025 [25 116]",
Phat Diem,,20.0896318,106.0809025,GPE24YDfsCU,https://www.youtube.com/watch?v=GPE24YDfsCU,0,1308,0,0,UCcROxwq_GajcurqLI7zGFfw,Kim Sơn Phát Diệm Ninh Bình năm 2025 [25 533],
Phat Diem,,20.0896318,106.0809025,LjPVMarRC2o,https://www.youtube.com/watch?v=LjPVMarRC2o,0,1911,0,0,UCcROxwq_GajcurqLI7zGFfw,Kim Sơn Phát Diệm tháng 11 năm 2025 [25 1182],
Phat Diem,,20.0896318,106.0809025,2V18mOaUpBc,https://www.youtube.com/watch?v=2V18mOaUpBc,0,2753,0,0,UCcROxwq_GajcurqLI7zGFfw,Kim Sơn năm 2025 [25 476],
Phat Diem,,20.0896318,106.0809025,qu_Qp0lNSWs,https://www.youtube.com/watch?v=qu_Qp0lNSWs,0,3405,0,0,UCcROxwq_GajcurqLI7zGFfw,Kim Sơn Phát Diệm (xã) tháng 11 năm 2025,
Phat Diem,,20.0896318,106.0809025,zsTwkuiAFrQ,https://www.youtube.com/watch?v=zsTwkuiAFrQ,0,165,0,0,UCcROxwq_GajcurqLI7zGFfw,KIM SƠN PHÁT DIỆM THÁNG 10 NĂM 2023,
Phat Diem,,20.0896318,106.0809025,zsTwkuiAFrQ,https://www.youtube.com/watch?v=zsTwkuiAFrQ,444,1795,0,0,UCcROxwq_GajcurqLI7zGFfw,KIM SƠN PHÁT DIỆM THÁNG 10 NĂM 2023,
Phat Diem,,20.0896318,106.0809025,zsTwkuiAFrQ,https://www.youtube.com/watch?v=zsTwkuiAFrQ,1835,3381,0,0,UCcROxwq_GajcurqLI7zGFfw,KIM SƠN PHÁT DIỆM THÁNG 10 NĂM 2023,
Phat Diem,,20.0896318,106.0809025,GqkRYZ3KqJQ,https://www.youtube.com/watch?v=GqkRYZ3KqJQ,0,1716,0,0,UCcROxwq_GajcurqLI7zGFfw,Phát Diệm Kim Sơn năm 2023,
Mo Trang,,21.529258,106.107974,Hg6Irm7gIbE,https://www.youtube.com/watch?v=Hg6Irm7gIbE,59,1140,0,0,UCcROxwq_GajcurqLI7zGFfw,"Mỏ Trạng, thị trấn vùng cao thuộc tỉnh Bắc Giang giáp Thái Nguyên [26 01]",
Quy Nhon,,13.768731,109.230926,oczRfN58r8I,https://www.youtube.com/watch?v=oczRfN58r8I,0,2043,0,0,UCcROxwq_GajcurqLI7zGFfw,thành phố Biển Quy Nhơn thuộc tỉnh Gia Lai [25 125],
Quy Nhon,,13.768731,109.230926,K1yBA322r2Y,https://www.youtube.com/watch?v=K1yBA322r2Y,0,2378,0,0,UCcROxwq_GajcurqLI7zGFfw,"Quy Nhơn, tp Biển Nhớ Tên Em gọi Về...?...  [26 03]",
Khoai Chau,,20.8205584,105.9863919,a6oolsrx2OM,https://www.youtube.com/watch?v=a6oolsrx2OM,243,531,0,0,UCcROxwq_GajcurqLI7zGFfw,Chuyến phà từ huyện Thường TÍn (Hà Nội) sang huyện Khoái Châu (Hưng Yên) năm 2021,
Hoa Lac,,20.988368,105.521451,BfyFnJddtDw,https://www.youtube.com/watch?v=BfyFnJddtDw,20,1000,0,0,UCcROxwq_GajcurqLI7zGFfw,Ven Đại Lộ Thăng Long Hà Nội,
Phu Ly,,20.537006,105.934468,T7dUkAr74nU,https://www.youtube.com/watch?v=T7dUkAr74nU,3104,3169,1,0,UCcROxwq_GajcurqLI7zGFfw,ĐƯỜNG 10 TỪ NAM ĐỊNH ĐI PHỦ LÝ,night(label)
Cam Lam,,19.128048,104.795874,MEc4d4lpMlE,https://www.youtube.com/watch?v=MEc4d4lpMlE,5175,5842,0,0,UCM5LM0KkRbn1odSzREn7ufg,🌊 4K Scenic Drive from Nha Trang to Cam Ranh Airport via Cu Hin Pass | Coastal Road Loop,mountain/pass
